"age","m_f","ritmo_promedio_30k","official_time_min"
25,"M",3.06666666666667,129.283333333333
30,"M",3.06611111111111,129.8
29,"M",3.06666666666667,130.366666666667
28,"M",3.06666666666667,130.783333333333
32,"M",3.06666666666667,130.816666666667
30,"M",3.06666666666667,130.866666666667
32,"M",3.06611111111111,131.333333333333
39,"M",3.06611111111111,132.7
27,"M",3.06666666666667,133.583333333333
33,"M",3.10611111111111,133.866666666667
33,"M",3.10666666666667,133.866666666667
30,"M",3.11666666666667,134.283333333333
32,"M",3.06666666666667,136.416666666667
31,"M",3.19055555555556,138.033333333333
42,"M",3.26777777777778,138.733333333333
29,"M",3.26722222222222,139.2
30,"M",3.26777777777778,139.283333333333
28,"M",3.29222222222222,140.066666666667
28,"M",3.25611111111111,140.416666666667
26,"M",3.28888888888889,140.583333333333
32,"M",3.18555555555556,140.7
26,"M",3.29222222222222,141.166666666667
32,"M",3.29222222222222,141.266666666667
28,"M",3.29166666666667,141.966666666667
32,"M",3.25222222222222,142.083333333333
32,"M",3.25611111111111,142.5
29,"M",3.29222222222222,143.35
40,"M",3.40055555555556,144.616666666667
32,"M",3.41055555555556,144.733333333333
46,"M",3.38666666666667,144.816666666667
30,"F",3.44666666666667,144.916666666667
25,"F",3.44611111111111,144.983333333333
23,"M",3.40833333333333,145.133333333333
27,"F",3.44666666666667,145.15
28,"M",3.43611111111111,145.166666666667
35,"M",3.40055555555556,145.166666666667
27,"M",3.40833333333333,145.233333333333
33,"M",3.41111111111111,145.466666666667
32,"M",3.41888888888889,145.516666666667
31,"F",3.44611111111111,145.65
24,"M",3.25777777777778,145.783333333333
30,"M",3.40722222222222,145.783333333333
43,"M",3.4,145.966666666667
31,"F",3.44666666666667,146.083333333333
25,"M",3.45944444444444,146.15
26,"M",3.41111111111111,146.25
27,"M",3.41444444444444,146.4
26,"M",3.36277777777778,146.483333333333
25,"M",3.43555555555556,146.583333333333
23,"M",3.42444444444444,146.6
25,"M",3.41111111111111,146.633333333333
34,"F",3.44611111111111,146.666666666667
25,"M",3.40944444444444,146.683333333333
28,"F",3.44666666666667,146.866666666667
31,"M",3.4,147.016666666667
27,"M",3.44,147.133333333333
37,"M",3.41888888888889,147.166666666667
19,"F",3.44666666666667,147.233333333333
22,"M",3.49055555555556,147.266666666667
41,"M",3.4,147.333333333333
23,"M",3.29666666666667,147.616666666667
33,"F",3.45222222222222,147.783333333333
32,"M",3.41555555555556,147.816666666667
25,"M",3.45333333333333,147.883333333333
25,"M",3.41055555555556,147.9
30,"M",3.495,147.95
28,"M",3.47111111111111,148.166666666667
29,"M",3.53333333333333,148.233333333333
30,"M",3.41555555555556,148.283333333333
34,"M",3.43222222222222,148.3
30,"M",3.49833333333333,148.383333333333
24,"M",3.47666666666667,148.483333333333
24,"M",3.49777777777778,148.55
35,"M",3.43388888888889,148.733333333333
26,"F",3.44611111111111,149.116666666667
33,"M",3.47888888888889,149.266666666667
23,"M",3.36,149.333333333333
27,"F",3.475,149.383333333333
31,"M",3.50833333333333,149.45
27,"M",3.52833333333333,149.616666666667
27,"M",3.44333333333333,149.633333333333
28,"M",3.53166666666667,149.7
30,"M",3.50166666666667,149.75
26,"M",3.43722222222222,149.816666666667
42,"M",3.48333333333333,150.05
31,"M",3.51611111111111,150.25
34,"M",3.48888888888889,150.283333333333
26,"M",3.52888888888889,150.316666666667
29,"M",3.47388888888889,150.466666666667
28,"M",3.53111111111111,150.483333333333
25,"M",3.53944444444444,151.133333333333
29,"M",3.57722222222222,151.3
32,"M",3.50944444444444,151.383333333333
31,"M",3.49888888888889,151.566666666667
36,"M",3.56333333333333,151.633333333333
31,"M",3.52888888888889,151.95
27,"M",3.58888888888889,151.983333333333
26,"M",3.57444444444444,152.016666666667
32,"M",3.51111111111111,152.033333333333
32,"M",3.60333333333333,152.083333333333
28,"M",3.57722222222222,152.1
26,"M",3.60277777777778,152.1
27,"M",3.58166666666667,152.116666666667
31,"M",3.57055555555556,152.15
30,"M",3.54,152.25
32,"M",3.57777777777778,152.366666666667
24,"M",3.58222222222222,152.4
40,"M",3.58111111111111,152.55
35,"M",3.57,152.55
27,"M",3.60388888888889,152.6
25,"M",3.42611111111111,152.65
33,"M",3.58111111111111,152.8
32,"M",3.58,152.85
25,"M",3.58833333333333,152.95
36,"M",3.57722222222222,152.966666666667
26,"M",3.61833333333333,153.05
24,"M",3.60277777777778,153.116666666667
26,"M",3.58833333333333,153.216666666667
37,"M",3.61222222222222,153.216666666667
27,"M",3.59111111111111,153.233333333333
24,"M",3.61888888888889,153.366666666667
28,"M",3.49166666666667,153.383333333333
33,"M",3.56611111111111,153.583333333333
29,"M",3.53666666666667,153.6
26,"M",3.60277777777778,153.6
27,"M",3.60555555555556,153.766666666667
23,"M",3.67722222222222,153.783333333333
23,"M",3.66388888888889,153.783333333333
42,"M",3.63055555555556,153.85
23,"M",3.57166666666667,153.966666666667
37,"M",3.55111111111111,153.983333333333
29,"M",3.60111111111111,154.05
25,"M",3.61333333333333,154.05
29,"M",3.61277777777778,154.05
31,"M",3.65166666666667,154.066666666667
29,"M",3.57833333333333,154.2
30,"M",3.69222222222222,154.233333333333
41,"M",3.58888888888889,154.266666666667
34,"M",3.57222222222222,154.483333333333
23,"M",3.67944444444444,154.7
27,"M",3.58388888888889,154.866666666667
42,"M",3.65388888888889,155
41,"M",3.65166666666667,155.05
22,"M",3.61388888888889,155.083333333333
34,"M",3.66333333333333,155.2
30,"F",3.60666666666667,155.3
25,"M",3.63777777777778,155.316666666667
31,"M",3.70944444444444,155.7
25,"M",3.655,155.7
32,"M",3.60277777777778,155.8
30,"M",3.73333333333333,155.833333333333
47,"M",3.6,155.833333333333
45,"M",3.57666666666667,155.85
36,"M",3.73277777777778,155.916666666667
28,"M",3.545,155.95
29,"M",3.64555555555556,155.966666666667
29,"M",3.70222222222222,155.983333333333
24,"M",3.66666666666667,156.016666666667
31,"M",3.61388888888889,156.016666666667
23,"M",3.61055555555556,156.016666666667
32,"M",3.68111111111111,156.066666666667
28,"M",3.66388888888889,156.083333333333
29,"M",3.72944444444444,156.116666666667
25,"M",3.65388888888889,156.266666666667
29,"M",3.72222222222222,156.4
36,"M",3.58777777777778,156.533333333333
31,"M",3.68055555555556,156.533333333333
23,"M",3.60277777777778,156.566666666667
33,"M",3.58666666666667,156.6
39,"M",3.69222222222222,156.683333333333
35,"M",3.47222222222222,156.7
35,"M",3.60388888888889,156.716666666667
26,"M",3.675,156.75
29,"M",3.73111111111111,156.783333333333
30,"M",3.725,156.8
35,"M",3.67111111111111,156.8
28,"M",3.635,156.9
28,"M",3.715,156.95
24,"M",3.54055555555556,156.966666666667
23,"M",3.73,156.983333333333
27,"M",3.67555555555556,157.05
42,"M",3.68166666666667,157.083333333333
26,"M",3.65944444444444,157.083333333333
34,"M",3.68555555555556,157.166666666667
41,"M",3.66277777777778,157.2
24,"M",3.47944444444444,157.216666666667
24,"M",3.67833333333333,157.316666666667
31,"M",3.59611111111111,157.333333333333
48,"M",3.73222222222222,157.333333333333
21,"M",3.76388888888889,157.366666666667
25,"M",3.59888888888889,157.383333333333
28,"M",3.585,157.4
24,"M",3.61388888888889,157.4
25,"M",3.72722222222222,157.4
30,"M",3.71611111111111,157.433333333333
34,"M",3.73111111111111,157.45
23,"M",3.70055555555556,157.466666666667
23,"M",3.63611111111111,157.483333333333
26,"M",3.66055555555556,157.516666666667
27,"M",3.63222222222222,157.516666666667
38,"M",3.72166666666667,157.533333333333
29,"M",3.75333333333333,157.533333333333
26,"M",3.67944444444444,157.6
32,"M",3.69,157.666666666667
29,"M",3.72333333333333,157.8
30,"M",3.74666666666667,157.816666666667
27,"M",3.72166666666667,157.816666666667
28,"M",3.73944444444444,157.833333333333
23,"M",3.70111111111111,157.85
26,"M",3.66944444444444,157.9
35,"M",3.69111111111111,158.083333333333
35,"M",3.725,158.116666666667
24,"M",3.68444444444444,158.133333333333
32,"M",3.75055555555556,158.266666666667
32,"M",3.61166666666667,158.333333333333
30,"M",3.70444444444444,158.516666666667
31,"M",3.73666666666667,158.533333333333
30,"M",3.745,158.583333333333
34,"M",3.72777777777778,158.6
24,"M",3.62611111111111,158.6
22,"M",3.71666666666667,158.6
26,"M",3.68666666666667,158.6
29,"M",3.66333333333333,158.783333333333
35,"F",3.63666666666667,158.783333333333
31,"M",3.8,158.816666666667
27,"M",3.67555555555556,158.816666666667
27,"M",3.66444444444444,158.883333333333
33,"M",3.72555555555556,158.9
33,"M",3.69444444444444,158.933333333333
29,"M",3.75888888888889,158.983333333333
29,"M",3.76611111111111,159.016666666667
36,"M",3.71888888888889,159.033333333333
35,"M",3.72611111111111,159.1
33,"M",3.64,159.116666666667
38,"M",3.76333333333333,159.116666666667
24,"F",3.71222222222222,159.133333333333
39,"M",3.67222222222222,159.166666666667
23,"M",3.75,159.183333333333
31,"M",3.75055555555556,159.183333333333
24,"M",3.75444444444444,159.2
34,"M",3.73666666666667,159.216666666667
28,"M",3.71333333333333,159.25
28,"M",3.76388888888889,159.25
30,"M",3.60388888888889,159.25
26,"M",3.76777777777778,159.283333333333
36,"M",3.71833333333333,159.283333333333
40,"M",3.71777777777778,159.35
28,"M",3.72777777777778,159.383333333333
26,"M",3.63277777777778,159.433333333333
23,"M",3.65944444444444,159.45
33,"M",3.75333333333333,159.45
29,"M",3.80888888888889,159.45
31,"M",3.73444444444444,159.466666666667
32,"M",3.75333333333333,159.483333333333
21,"M",3.73388888888889,159.616666666667
31,"M",3.73555555555556,159.633333333333
26,"M",3.58166666666667,159.633333333333
32,"M",3.77944444444444,159.65
38,"M",3.58222222222222,159.666666666667
33,"M",3.78555555555556,159.683333333333
31,"M",3.79777777777778,159.683333333333
45,"M",3.72944444444444,159.7
24,"M",3.80722222222222,159.783333333333
33,"M",3.66111111111111,159.8
29,"M",3.62,159.833333333333
24,"M",3.42222222222222,159.866666666667
28,"M",3.79166666666667,159.883333333333
20,"M",3.86111111111111,159.9
24,"M",3.83388888888889,159.966666666667
29,"M",3.78277777777778,159.966666666667
33,"M",3.77888888888889,159.983333333333
26,"M",3.67333333333333,160.033333333333
30,"M",3.74555555555556,160.1
39,"M",3.73777777777778,160.166666666667
35,"M",3.66888888888889,160.183333333333
32,"M",3.76555555555556,160.183333333333
25,"M",3.76722222222222,160.216666666667
25,"M",3.75,160.216666666667
22,"M",3.81666666666667,160.216666666667
22,"M",3.59944444444444,160.283333333333
30,"M",3.74388888888889,160.3
33,"M",3.75277777777778,160.316666666667
41,"M",3.74611111111111,160.316666666667
23,"M",3.64666666666667,160.333333333333
39,"M",3.80611111111111,160.366666666667
37,"M",3.66,160.366666666667
28,"M",3.745,160.4
40,"M",3.79833333333333,160.416666666667
32,"M",3.77444444444444,160.433333333333
42,"M",3.75333333333333,160.483333333333
43,"M",3.78555555555556,160.483333333333
37,"M",3.78944444444444,160.5
25,"M",3.78555555555556,160.516666666667
25,"M",3.79277777777778,160.533333333333
25,"M",3.65111111111111,160.55
36,"M",3.64277777777778,160.55
26,"M",3.74222222222222,160.583333333333
22,"M",3.795,160.6
29,"M",3.69222222222222,160.616666666667
19,"M",3.66222222222222,160.616666666667
27,"M",3.70611111111111,160.65
29,"M",3.72,160.666666666667
21,"M",3.80722222222222,160.666666666667
29,"F",3.70444444444444,160.7
27,"M",3.76555555555556,160.7
24,"M",3.79277777777778,160.716666666667
31,"M",3.71111111111111,160.716666666667
22,"M",3.78166666666667,160.733333333333
34,"M",3.76555555555556,160.733333333333
22,"M",3.81722222222222,160.816666666667
21,"M",3.67555555555556,160.85
32,"M",3.735,160.9
34,"M",3.82111111111111,160.916666666667
28,"M",3.60722222222222,161
35,"M",3.80777777777778,161.016666666667
31,"M",3.81388888888889,161.05
33,"M",3.77666666666667,161.05
37,"M",3.79833333333333,161.066666666667
42,"M",3.83611111111111,161.066666666667
27,"M",3.79888888888889,161.116666666667
23,"M",3.74611111111111,161.133333333333
31,"M",3.8,161.133333333333
51,"M",3.70944444444444,161.166666666667
34,"M",3.75722222222222,161.216666666667
21,"M",3.86055555555556,161.233333333333
40,"M",3.80388888888889,161.233333333333
38,"M",3.855,161.25
34,"M",3.75333333333333,161.266666666667
35,"M",3.81722222222222,161.283333333333
27,"F",3.82,161.283333333333
23,"M",3.73777777777778,161.3
24,"M",3.84388888888889,161.316666666667
27,"M",3.78777777777778,161.35
51,"M",3.77055555555556,161.366666666667
33,"M",3.79333333333333,161.383333333333
35,"M",3.77888888888889,161.45
20,"M",3.765,161.466666666667
29,"M",3.79666666666667,161.516666666667
24,"M",3.88444444444444,161.55
23,"M",3.89444444444444,161.6
33,"M",3.74666666666667,161.6
25,"M",3.78555555555556,161.616666666667
29,"M",3.79888888888889,161.666666666667
38,"M",3.80722222222222,161.683333333333
35,"M",3.82944444444444,161.683333333333
33,"M",3.78166666666667,161.716666666667
26,"M",3.67722222222222,161.733333333333
34,"M",3.66333333333333,161.766666666667
24,"M",3.76388888888889,161.766666666667
42,"M",3.81111111111111,161.833333333333
27,"M",3.75055555555556,161.85
35,"M",3.775,161.866666666667
38,"M",3.83611111111111,161.883333333333
36,"M",3.68666666666667,161.883333333333
27,"M",3.72,161.916666666667
25,"M",3.66444444444444,161.916666666667
33,"M",3.85055555555556,161.95
32,"M",3.83888888888889,161.983333333333
40,"M",3.78388888888889,162.016666666667
28,"M",3.76111111111111,162.05
30,"M",3.77111111111111,162.05
25,"M",3.85666666666667,162.066666666667
31,"M",3.84277777777778,162.133333333333
32,"M",3.79277777777778,162.133333333333
28,"M",3.79944444444444,162.15
32,"M",3.85166666666667,162.166666666667
29,"M",3.76666666666667,162.166666666667
37,"M",3.78888888888889,162.183333333333
31,"M",3.83388888888889,162.2
32,"M",3.84777777777778,162.2
44,"M",3.75277777777778,162.25
33,"M",3.77388888888889,162.266666666667
37,"M",3.80833333333333,162.266666666667
32,"M",3.77111111111111,162.283333333333
32,"M",3.84777777777778,162.383333333333
27,"M",3.73388888888889,162.4
28,"M",3.75444444444444,162.45
40,"M",3.80944444444444,162.45
36,"M",3.83277777777778,162.466666666667
32,"M",3.85277777777778,162.5
35,"M",3.83944444444444,162.533333333333
26,"M",3.83888888888889,162.583333333333
35,"M",3.76833333333333,162.633333333333
23,"M",3.865,162.65
40,"M",3.79833333333333,162.65
29,"M",3.78777777777778,162.666666666667
46,"M",3.83055555555556,162.716666666667
33,"M",3.72777777777778,162.783333333333
35,"M",3.80166666666667,162.816666666667
22,"M",3.89888888888889,162.816666666667
50,"M",3.76277777777778,162.816666666667
37,"M",3.80555555555556,162.85
31,"M",3.91611111111111,162.883333333333
28,"M",3.74777777777778,162.95
42,"M",3.83555555555556,162.966666666667
25,"M",3.84666666666667,162.966666666667
30,"M",3.81055555555556,162.983333333333
27,"M",3.76777777777778,163
24,"M",3.85611111111111,163.05
31,"M",3.78944444444444,163.083333333333
38,"M",3.80166666666667,163.116666666667
27,"M",3.87166666666667,163.183333333333
43,"M",3.795,163.216666666667
33,"M",3.69833333333333,163.216666666667
37,"M",3.82222222222222,163.216666666667
23,"M",3.84166666666667,163.25
28,"M",3.88222222222222,163.283333333333
34,"M",3.80611111111111,163.333333333333
38,"M",3.87777777777778,163.333333333333
35,"M",3.76333333333333,163.333333333333
26,"M",3.88888888888889,163.383333333333
26,"M",3.85333333333333,163.383333333333
23,"M",3.66111111111111,163.383333333333
25,"M",3.87555555555556,163.4
34,"M",3.75111111111111,163.433333333333
30,"M",3.925,163.466666666667
46,"M",3.69111111111111,163.466666666667
34,"M",3.835,163.466666666667
44,"M",3.83388888888889,163.516666666667
26,"M",3.66944444444444,163.516666666667
39,"M",3.825,163.516666666667
34,"M",3.84277777777778,163.566666666667
36,"M",3.79222222222222,163.583333333333
45,"M",3.82388888888889,163.583333333333
35,"M",3.86555555555556,163.633333333333
24,"M",3.725,163.65
41,"M",3.76888888888889,163.666666666667
21,"M",4.005,163.716666666667
29,"M",3.83,163.716666666667
34,"M",3.82166666666667,163.733333333333
19,"M",3.83555555555556,163.766666666667
30,"M",3.86277777777778,163.783333333333
26,"M",3.67388888888889,163.833333333333
24,"M",3.78666666666667,163.85
31,"M",3.41666666666667,163.85
37,"M",3.80277777777778,163.866666666667
37,"M",3.91166666666667,163.883333333333
23,"M",3.79555555555556,163.916666666667
27,"M",3.66055555555556,163.933333333333
28,"M",3.90277777777778,163.933333333333
49,"M",3.91111111111111,163.933333333333
39,"M",3.84166666666667,163.95
45,"M",3.81444444444444,163.966666666667
43,"M",3.91666666666667,163.983333333333
45,"M",3.84888888888889,163.983333333333
31,"M",3.83611111111111,164
32,"M",3.86222222222222,164.016666666667
23,"M",3.85888888888889,164.016666666667
47,"M",3.96333333333333,164.033333333333
34,"M",3.83555555555556,164.05
28,"M",3.87611111111111,164.066666666667
26,"M",3.85833333333333,164.066666666667
25,"M",3.84722222222222,164.083333333333
28,"M",3.71,164.083333333333
24,"M",3.83666666666667,164.1
36,"M",3.84666666666667,164.116666666667
25,"M",3.78333333333333,164.133333333333
34,"M",3.84666666666667,164.15
30,"M",3.84222222222222,164.166666666667
35,"M",3.88166666666667,164.166666666667
39,"M",3.83944444444444,164.216666666667
30,"M",3.71277777777778,164.25
32,"M",3.86722222222222,164.25
30,"M",3.88666666666667,164.266666666667
27,"M",3.89666666666667,164.283333333333
23,"M",3.88388888888889,164.35
39,"M",3.90777777777778,164.35
28,"M",3.87888888888889,164.366666666667
29,"M",3.89722222222222,164.416666666667
23,"M",3.88722222222222,164.433333333333
33,"M",3.89944444444444,164.433333333333
42,"M",3.89666666666667,164.45
32,"F",3.88111111111111,164.466666666667
26,"M",3.88944444444444,164.483333333333
40,"M",3.89611111111111,164.5
35,"M",3.73722222222222,164.516666666667
24,"M",3.66,164.516666666667
26,"M",3.68611111111111,164.533333333333
30,"M",3.79222222222222,164.55
20,"M",3.92055555555556,164.55
48,"M",3.87444444444444,164.55
33,"M",3.86111111111111,164.55
25,"M",3.83888888888889,164.55
29,"M",3.85444444444444,164.566666666667
20,"M",3.91333333333333,164.6
30,"M",3.86833333333333,164.666666666667
42,"M",3.89722222222222,164.666666666667
33,"M",3.85333333333333,164.7
21,"M",3.90944444444444,164.75
28,"M",3.87111111111111,164.766666666667
35,"M",3.92777777777778,164.766666666667
38,"M",3.82611111111111,164.783333333333
33,"M",3.93555555555556,164.8
32,"M",3.85055555555556,164.85
35,"M",3.84055555555556,164.9
29,"M",3.85444444444444,164.916666666667
36,"M",3.90777777777778,164.933333333333
23,"F",3.93277777777778,164.933333333333
31,"M",3.67277777777778,164.95
38,"M",3.92,164.966666666667
36,"M",3.89722222222222,164.983333333333
27,"M",3.88388888888889,164.983333333333
47,"M",3.88055555555556,164.983333333333
27,"M",3.89722222222222,165
22,"M",3.85666666666667,165
29,"M",3.90333333333333,165
42,"M",3.86111111111111,165
24,"M",3.91111111111111,165.016666666667
47,"M",3.86777777777778,165.033333333333
34,"M",3.88055555555556,165.033333333333
41,"M",3.84833333333333,165.05
37,"M",3.84555555555556,165.083333333333
40,"M",3.83444444444444,165.083333333333
34,"M",3.88777777777778,165.133333333333
30,"M",3.92777777777778,165.15
21,"M",3.86333333333333,165.15
24,"M",3.77111111111111,165.183333333333
35,"M",3.88888888888889,165.216666666667
29,"M",3.93444444444444,165.216666666667
21,"M",3.85555555555556,165.216666666667
19,"M",3.80444444444444,165.233333333333
43,"M",3.78111111111111,165.25
30,"M",3.875,165.283333333333
42,"M",3.88944444444444,165.283333333333
30,"M",3.94111111111111,165.3
33,"M",3.93388888888889,165.35
34,"M",3.86611111111111,165.366666666667
28,"M",3.87277777777778,165.383333333333
37,"M",3.87722222222222,165.4
28,"M",3.91055555555556,165.4
39,"M",3.89333333333333,165.416666666667
35,"M",3.87444444444444,165.466666666667
25,"M",3.86944444444444,165.483333333333
37,"M",3.90277777777778,165.5
30,"M",3.91277777777778,165.5
24,"M",3.77722222222222,165.5
26,"M",3.86388888888889,165.5
26,"M",3.89833333333333,165.5
27,"M",3.78777777777778,165.516666666667
42,"M",3.90555555555556,165.516666666667
48,"M",3.87,165.516666666667
31,"M",3.68722222222222,165.55
29,"M",3.88333333333333,165.583333333333
49,"M",3.83611111111111,165.6
39,"M",3.89722222222222,165.616666666667
33,"M",3.84722222222222,165.633333333333
38,"M",3.90388888888889,165.65
35,"M",3.95222222222222,165.666666666667
26,"M",3.90055555555556,165.683333333333
37,"M",3.755,165.683333333333
31,"M",3.90611111111111,165.7
32,"M",3.88388888888889,165.75
37,"M",3.82444444444444,165.766666666667
23,"M",3.90666666666667,165.766666666667
26,"M",3.91,165.783333333333
40,"M",3.92055555555556,165.8
33,"M",3.93777777777778,165.816666666667
52,"M",3.91611111111111,165.816666666667
26,"M",3.885,165.833333333333
30,"M",3.835,165.833333333333
29,"M",3.89944444444444,165.85
26,"M",3.87666666666667,165.866666666667
35,"M",3.91166666666667,165.9
32,"M",3.79833333333333,165.9
40,"M",3.84333333333333,165.916666666667
38,"M",3.87555555555556,165.933333333333
32,"M",3.91111111111111,165.933333333333
32,"M",3.88111111111111,165.95
35,"M",3.86055555555556,166.016666666667
48,"M",3.86944444444444,166.016666666667
30,"M",3.90611111111111,166.033333333333
25,"M",3.94833333333333,166.066666666667
26,"M",3.73333333333333,166.083333333333
46,"M",3.93833333333333,166.1
45,"M",3.88833333333333,166.1
25,"M",3.90277777777778,166.116666666667
40,"M",3.88333333333333,166.116666666667
25,"M",3.87277777777778,166.116666666667
39,"M",3.945,166.133333333333
41,"M",3.81388888888889,166.133333333333
19,"M",3.89333333333333,166.166666666667
37,"M",3.89944444444444,166.166666666667
40,"M",3.89888888888889,166.183333333333
34,"M",3.87111111111111,166.183333333333
45,"M",3.86833333333333,166.2
48,"M",3.85555555555556,166.2
39,"M",3.91222222222222,166.2
42,"M",3.96333333333333,166.216666666667
38,"M",3.91333333333333,166.233333333333
26,"M",3.86222222222222,166.233333333333
37,"M",3.89944444444444,166.25
27,"M",3.91111111111111,166.266666666667
39,"M",3.90333333333333,166.266666666667
25,"M",3.85777777777778,166.283333333333
27,"M",3.79277777777778,166.3
38,"M",3.87,166.316666666667
47,"M",4.005,166.366666666667
34,"F",3.95944444444444,166.366666666667
56,"M",3.93555555555556,166.383333333333
46,"M",3.83055555555556,166.4
27,"M",3.87277777777778,166.4
27,"M",3.83055555555556,166.4
26,"M",3.84722222222222,166.433333333333
51,"M",3.87666666666667,166.45
34,"M",3.89166666666667,166.45
24,"M",3.98055555555556,166.516666666667
44,"M",3.91,166.55
45,"M",3.91611111111111,166.566666666667
26,"F",3.84888888888889,166.566666666667
29,"M",3.71944444444444,166.583333333333
29,"M",3.90555555555556,166.583333333333
32,"M",3.565,166.6
50,"M",3.90055555555556,166.6
38,"M",3.89944444444444,166.633333333333
44,"M",3.88555555555556,166.633333333333
29,"M",3.96944444444444,166.65
24,"M",3.81944444444444,166.65
37,"M",3.88388888888889,166.65
34,"M",3.87055555555556,166.666666666667
29,"M",3.95444444444444,166.666666666667
25,"M",3.89388888888889,166.666666666667
39,"M",3.91666666666667,166.683333333333
23,"M",3.72277777777778,166.683333333333
25,"M",3.72055555555556,166.683333333333
29,"M",3.825,166.683333333333
35,"M",3.88777777777778,166.733333333333
45,"F",3.90444444444444,166.733333333333
32,"M",3.99722222222222,166.75
31,"M",3.95388888888889,166.8
28,"M",3.85277777777778,166.833333333333
23,"M",3.86055555555556,166.85
30,"M",3.90333333333333,166.866666666667
29,"M",3.90222222222222,166.866666666667
37,"M",3.88944444444444,166.9
39,"M",3.83833333333333,166.916666666667
27,"M",3.84111111111111,166.916666666667
26,"M",3.90777777777778,166.916666666667
39,"M",3.93611111111111,166.95
37,"M",3.97166666666667,166.95
31,"M",3.90444444444444,166.966666666667
28,"M",3.79666666666667,167.016666666667
40,"M",3.90277777777778,167.033333333333
29,"M",3.96,167.033333333333
31,"M",3.80666666666667,167.066666666667
22,"M",3.795,167.066666666667
39,"M",3.88166666666667,167.066666666667
37,"M",3.90388888888889,167.066666666667
24,"M",3.78,167.083333333333
27,"M",3.93833333333333,167.133333333333
39,"M",3.79222222222222,167.133333333333
22,"M",3.96055555555556,167.133333333333
47,"M",3.96666666666667,167.133333333333
25,"M",3.765,167.15
27,"M",3.91833333333333,167.15
34,"M",3.83722222222222,167.183333333333
45,"M",3.91444444444444,167.183333333333
51,"M",3.92388888888889,167.2
34,"M",3.96444444444444,167.2
44,"M",3.85555555555556,167.2
44,"M",3.94444444444444,167.216666666667
22,"M",3.88055555555556,167.233333333333
19,"M",3.94555555555556,167.233333333333
24,"M",3.95833333333333,167.233333333333
26,"M",4.02555555555556,167.25
24,"F",3.97333333333333,167.25
32,"M",3.90777777777778,167.25
22,"F",3.90444444444444,167.283333333333
21,"M",3.85777777777778,167.3
42,"M",3.86444444444444,167.316666666667
29,"M",3.97333333333333,167.35
36,"M",3.98388888888889,167.35
33,"M",3.66,167.383333333333
30,"M",3.90777777777778,167.383333333333
31,"M",3.91944444444444,167.416666666667
23,"M",3.98555555555556,167.416666666667
30,"M",3.96,167.433333333333
29,"M",3.98055555555556,167.433333333333
35,"M",3.89388888888889,167.45
22,"M",3.91,167.45
29,"M",3.82166666666667,167.466666666667
28,"M",3.975,167.483333333333
30,"M",3.79166666666667,167.483333333333
28,"M",3.94277777777778,167.483333333333
32,"M",3.945,167.533333333333
36,"M",3.96111111111111,167.533333333333
31,"M",3.82277777777778,167.533333333333
53,"M",3.88444444444444,167.55
32,"M",3.90333333333333,167.55
20,"M",3.90555555555556,167.566666666667
47,"M",3.88777777777778,167.566666666667
37,"M",3.83277777777778,167.566666666667
33,"M",3.97722222222222,167.583333333333
40,"M",3.82833333333333,167.6
54,"M",3.86333333333333,167.616666666667
31,"M",3.975,167.633333333333
36,"M",3.95722222222222,167.633333333333
38,"M",3.94333333333333,167.633333333333
33,"M",3.95944444444444,167.633333333333
24,"M",3.96,167.666666666667
45,"M",3.89222222222222,167.666666666667
29,"M",3.93444444444444,167.683333333333
50,"M",3.89555555555556,167.766666666667
34,"M",3.95055555555556,167.766666666667
33,"M",4.00777777777778,167.766666666667
45,"M",3.91111111111111,167.766666666667
27,"M",3.93611111111111,167.783333333333
28,"M",3.87333333333333,167.783333333333
28,"M",3.93666666666667,167.783333333333
31,"M",3.86833333333333,167.8
26,"M",3.9,167.8
45,"M",3.96888888888889,167.816666666667
32,"M",3.995,167.816666666667
37,"M",3.915,167.816666666667
38,"M",3.93166666666667,167.866666666667
36,"M",3.92166666666667,167.866666666667
27,"M",3.92,167.883333333333
29,"M",3.94111111111111,167.9
27,"M",3.95888888888889,167.916666666667
28,"M",3.635,167.95
39,"M",3.88944444444444,167.966666666667
32,"M",3.965,167.966666666667
31,"M",3.94111111111111,167.966666666667
29,"M",3.92444444444444,167.966666666667
37,"M",3.98111111111111,167.966666666667
38,"M",3.98277777777778,168
24,"M",3.95055555555556,168
24,"M",3.97166666666667,168
43,"M",3.97722222222222,168.016666666667
31,"M",4.02333333333333,168.016666666667
29,"M",3.90944444444444,168.05
38,"M",3.95388888888889,168.05
31,"M",3.90666666666667,168.066666666667
33,"M",3.95666666666667,168.083333333333
45,"M",3.93722222222222,168.083333333333
33,"M",4.01444444444444,168.1
24,"M",3.92777777777778,168.1
33,"F",3.92611111111111,168.116666666667
34,"F",3.90944444444444,168.116666666667
48,"M",3.83555555555556,168.133333333333
37,"M",3.97388888888889,168.166666666667
35,"M",3.96833333333333,168.166666666667
24,"F",3.96722222222222,168.166666666667
34,"M",3.95944444444444,168.183333333333
41,"M",3.9,168.183333333333
33,"M",3.93666666666667,168.2
33,"M",3.90944444444444,168.216666666667
23,"M",3.79222222222222,168.216666666667
39,"M",3.89555555555556,168.233333333333
34,"M",3.95,168.233333333333
44,"M",3.99777777777778,168.25
40,"M",3.97444444444444,168.25
24,"M",3.99111111111111,168.266666666667
33,"M",3.96444444444444,168.266666666667
28,"M",3.87277777777778,168.266666666667
37,"M",3.91666666666667,168.3
28,"M",3.89333333333333,168.3
31,"M",4.01833333333333,168.3
41,"M",3.95222222222222,168.316666666667
23,"M",3.90666666666667,168.333333333333
45,"M",3.94777777777778,168.333333333333
31,"M",4.00833333333333,168.333333333333
35,"M",3.915,168.383333333333
39,"M",3.89833333333333,168.383333333333
46,"M",4.02055555555556,168.4
41,"M",3.92666666666667,168.416666666667
34,"M",3.99277777777778,168.416666666667
33,"M",3.98722222222222,168.433333333333
34,"M",3.98666666666667,168.433333333333
51,"M",3.875,168.45
44,"F",3.94222222222222,168.466666666667
32,"M",4.00055555555556,168.466666666667
43,"M",3.97888888888889,168.483333333333
34,"M",4.03666666666667,168.483333333333
42,"M",3.87777777777778,168.5
34,"M",4.00666666666667,168.516666666667
32,"M",3.92166666666667,168.516666666667
30,"M",3.82055555555556,168.516666666667
32,"M",3.96722222222222,168.533333333333
34,"F",3.98722222222222,168.533333333333
35,"M",3.91055555555556,168.55
25,"M",3.90277777777778,168.566666666667
35,"M",3.93055555555556,168.583333333333
36,"M",3.96611111111111,168.616666666667
25,"M",3.99333333333333,168.616666666667
31,"M",3.97333333333333,168.633333333333
51,"M",3.75833333333333,168.65
32,"M",3.96222222222222,168.65
25,"M",3.73777777777778,168.666666666667
40,"M",3.96388888888889,168.666666666667
26,"F",3.92166666666667,168.683333333333
43,"M",3.97388888888889,168.7
41,"M",3.91611111111111,168.7
29,"M",3.85888888888889,168.733333333333
50,"M",3.89777777777778,168.733333333333
22,"M",4.03222222222222,168.733333333333
24,"M",4.02166666666667,168.75
28,"M",4.11388888888889,168.766666666667
37,"M",4.03055555555556,168.783333333333
38,"M",3.96944444444444,168.783333333333
39,"M",4.025,168.783333333333
44,"M",3.855,168.816666666667
44,"F",3.98055555555556,168.816666666667
29,"M",3.87277777777778,168.816666666667
23,"M",3.91611111111111,168.816666666667
24,"M",3.995,168.816666666667
32,"M",3.90722222222222,168.833333333333
46,"M",3.94555555555556,168.833333333333
26,"M",3.87333333333333,168.85
22,"M",3.94166666666667,168.85
30,"M",3.99722222222222,168.85
35,"M",4.01833333333333,168.883333333333
40,"M",3.89888888888889,168.883333333333
25,"M",3.88,168.883333333333
31,"M",3.91444444444444,168.9
20,"M",4.03444444444444,168.9
33,"M",4.03055555555556,168.933333333333
45,"M",3.97277777777778,168.933333333333
42,"M",4.00666666666667,168.966666666667
22,"M",3.99444444444444,168.966666666667
42,"M",4.01388888888889,169
44,"M",3.96944444444444,169.016666666667
38,"M",4.00777777777778,169.033333333333
24,"M",3.79166666666667,169.033333333333
33,"M",3.78277777777778,169.05
42,"M",3.99777777777778,169.066666666667
29,"M",3.93555555555556,169.066666666667
44,"M",3.99833333333333,169.066666666667
24,"F",3.90444444444444,169.083333333333
27,"M",3.97277777777778,169.083333333333
26,"M",3.91611111111111,169.083333333333
24,"M",4.00833333333333,169.1
40,"F",3.94222222222222,169.1
42,"M",3.97055555555556,169.1
38,"M",4.03555555555556,169.1
26,"M",4.04055555555556,169.1
25,"M",3.98888888888889,169.116666666667
30,"M",3.96555555555556,169.133333333333
38,"M",3.98944444444444,169.15
31,"M",3.92833333333333,169.15
31,"M",3.90333333333333,169.15
36,"M",3.98666666666667,169.166666666667
22,"M",4.00611111111111,169.166666666667
35,"M",3.97555555555556,169.183333333333
29,"M",4.01111111111111,169.183333333333
48,"M",3.89277777777778,169.183333333333
21,"M",3.86444444444444,169.183333333333
31,"M",3.78777777777778,169.216666666667
33,"M",3.71444444444444,169.216666666667
49,"M",3.87611111111111,169.233333333333
50,"M",3.94444444444444,169.266666666667
37,"M",3.97277777777778,169.266666666667
38,"M",3.98777777777778,169.3
41,"M",3.90833333333333,169.3
42,"M",4.01055555555556,169.333333333333
47,"M",3.94888888888889,169.333333333333
43,"M",3.99111111111111,169.333333333333
26,"M",3.94055555555556,169.35
24,"M",4.18277777777778,169.35
36,"M",3.87555555555556,169.35
27,"M",3.905,169.35
48,"M",4.06277777777778,169.366666666667
42,"M",4.01944444444444,169.366666666667
30,"M",3.94333333333333,169.366666666667
21,"M",4.02833333333333,169.366666666667
48,"M",3.87944444444444,169.383333333333
31,"M",3.97444444444444,169.383333333333
30,"M",4.01666666666667,169.383333333333
31,"M",4.00611111111111,169.4
41,"M",3.99333333333333,169.416666666667
44,"M",3.94055555555556,169.433333333333
32,"M",4.01333333333333,169.433333333333
37,"M",3.89277777777778,169.433333333333
26,"M",3.85444444444444,169.45
34,"M",4.01388888888889,169.45
44,"M",3.99388888888889,169.45
24,"M",3.85333333333333,169.483333333333
37,"M",3.95944444444444,169.5
27,"M",4.04722222222222,169.5
31,"M",4.02944444444444,169.516666666667
41,"F",3.97944444444444,169.533333333333
32,"M",3.93111111111111,169.533333333333
40,"M",4.03833333333333,169.533333333333
36,"M",3.99,169.55
28,"M",3.89,169.55
32,"M",4.03111111111111,169.55
38,"M",4.01166666666667,169.566666666667
37,"M",3.96555555555556,169.566666666667
25,"M",3.925,169.566666666667
33,"M",4.04722222222222,169.583333333333
34,"M",4.00888888888889,169.583333333333
35,"M",3.95055555555556,169.583333333333
33,"M",3.95055555555556,169.6
43,"M",4.02611111111111,169.616666666667
28,"M",3.93555555555556,169.633333333333
32,"M",3.93111111111111,169.633333333333
32,"M",3.89222222222222,169.633333333333
49,"M",4.12277777777778,169.633333333333
40,"M",4.05555555555556,169.65
26,"M",4.12611111111111,169.65
25,"F",4.00388888888889,169.65
31,"M",4.015,169.65
33,"M",4.01333333333333,169.666666666667
34,"M",4.00166666666667,169.666666666667
44,"M",3.97833333333333,169.7
42,"M",4.005,169.716666666667
30,"M",4.03,169.716666666667
37,"M",3.98388888888889,169.716666666667
35,"M",4.02722222222222,169.733333333333
29,"M",4.05055555555556,169.75
29,"M",3.97611111111111,169.75
23,"M",3.81777777777778,169.75
38,"M",4.00666666666667,169.75
34,"M",3.95944444444444,169.766666666667
21,"M",3.84611111111111,169.766666666667
35,"M",3.92055555555556,169.783333333333
35,"M",3.96111111111111,169.8
42,"M",3.95222222222222,169.816666666667
28,"M",3.97388888888889,169.816666666667
36,"M",4.00444444444444,169.833333333333
29,"M",3.96166666666667,169.833333333333
49,"M",3.985,169.85
32,"M",3.96611111111111,169.85
27,"M",3.99055555555556,169.85
29,"M",4.02222222222222,169.866666666667
40,"M",4.06555555555556,169.866666666667
37,"M",3.98166666666667,169.866666666667
30,"M",4.035,169.866666666667
34,"M",4.02277777777778,169.866666666667
32,"M",3.92166666666667,169.883333333333
36,"M",3.97388888888889,169.883333333333
33,"M",3.94666666666667,169.883333333333
44,"M",4.02888888888889,169.883333333333
29,"M",4.03888888888889,169.9
39,"M",3.98555555555556,169.95
29,"M",3.94,169.95
29,"M",3.92166666666667,169.966666666667
30,"F",3.99666666666667,169.983333333333
22,"M",3.96611111111111,169.983333333333
27,"F",3.95944444444444,169.983333333333
29,"M",3.94333333333333,170
27,"M",4.09944444444444,170
27,"M",4.04944444444444,170
25,"M",3.97,170.016666666667
35,"M",4.01166666666667,170.016666666667
35,"M",3.98444444444444,170.016666666667
28,"M",3.83555555555556,170.016666666667
27,"M",3.96888888888889,170.05
37,"M",4.035,170.05
29,"M",4.06111111111111,170.066666666667
28,"M",4.04444444444444,170.083333333333
55,"M",4.04388888888889,170.083333333333
29,"F",4.00722222222222,170.1
30,"M",4.00611111111111,170.1
38,"M",4.00055555555556,170.1
26,"M",3.90055555555556,170.116666666667
44,"M",3.98833333333333,170.116666666667
34,"M",4.04666666666667,170.133333333333
48,"M",4.04222222222222,170.133333333333
22,"M",3.95277777777778,170.15
35,"M",3.92777777777778,170.15
33,"M",3.82888888888889,170.166666666667
31,"M",3.93,170.166666666667
40,"M",3.98777777777778,170.183333333333
24,"F",4.03944444444444,170.183333333333
35,"M",3.98555555555556,170.2
32,"M",3.95611111111111,170.216666666667
32,"M",3.99666666666667,170.216666666667
32,"M",3.98055555555556,170.233333333333
35,"M",3.935,170.25
31,"M",3.88333333333333,170.266666666667
36,"M",4.04833333333333,170.266666666667
36,"M",4.04166666666667,170.283333333333
42,"M",4.01388888888889,170.283333333333
30,"M",3.98444444444444,170.316666666667
28,"M",3.93111111111111,170.316666666667
29,"M",3.93166666666667,170.333333333333
22,"M",4.04722222222222,170.333333333333
28,"M",4.05166666666667,170.366666666667
33,"M",4.04,170.366666666667
32,"M",3.96833333333333,170.383333333333
26,"M",4.00833333333333,170.383333333333
41,"M",3.92166666666667,170.4
34,"M",4.03388888888889,170.4
21,"M",4.02833333333333,170.416666666667
36,"M",4.04444444444444,170.466666666667
57,"M",4.03333333333333,170.466666666667
25,"F",4.07666666666667,170.466666666667
31,"M",3.97166666666667,170.483333333333
34,"M",3.84722222222222,170.483333333333
28,"M",3.80777777777778,170.5
41,"F",3.98055555555556,170.533333333333
41,"M",3.98222222222222,170.533333333333
31,"M",4.05888888888889,170.533333333333
26,"F",4.07222222222222,170.533333333333
28,"M",4.03722222222222,170.55
27,"M",3.99888888888889,170.55
28,"M",4.04388888888889,170.55
22,"M",3.89166666666667,170.55
41,"M",4.02666666666667,170.583333333333
27,"M",3.79111111111111,170.583333333333
21,"M",3.96888888888889,170.583333333333
29,"M",4.04944444444444,170.6
33,"M",3.93388888888889,170.616666666667
30,"M",4.09111111111111,170.616666666667
27,"M",3.94777777777778,170.616666666667
36,"M",4.01444444444444,170.616666666667
41,"M",4.00611111111111,170.616666666667
35,"M",4.04166666666667,170.633333333333
35,"M",3.95611111111111,170.633333333333
29,"M",4.06777777777778,170.633333333333
24,"M",3.92388888888889,170.65
18,"M",3.94333333333333,170.7
40,"M",3.91944444444444,170.716666666667
46,"M",3.93055555555556,170.716666666667
43,"M",4.035,170.716666666667
43,"M",4.03055555555556,170.716666666667
37,"M",4.03111111111111,170.733333333333
36,"M",4.07055555555556,170.75
21,"M",3.94555555555556,170.75
35,"M",4.02888888888889,170.75
40,"M",4.02777777777778,170.75
47,"M",4.03666666666667,170.766666666667
31,"M",4.01944444444444,170.783333333333
36,"M",3.84111111111111,170.783333333333
34,"M",3.92666666666667,170.783333333333
33,"M",3.88777777777778,170.783333333333
27,"M",4.04277777777778,170.783333333333
37,"F",4.03333333333333,170.8
46,"M",3.79277777777778,170.816666666667
35,"M",4.03111111111111,170.85
27,"M",4.00888888888889,170.85
32,"M",4.11222222222222,170.866666666667
30,"M",4.01444444444444,170.866666666667
23,"F",4.02888888888889,170.866666666667
27,"M",4.06166666666667,170.883333333333
38,"M",4.02222222222222,170.883333333333
26,"M",4.09833333333333,170.9
20,"M",4.03333333333333,170.9
27,"M",4.01,170.916666666667
27,"M",4.03277777777778,170.916666666667
35,"M",4.05222222222222,170.933333333333
25,"M",4.03777777777778,170.95
29,"M",3.99722222222222,170.966666666667
40,"M",4.05444444444444,170.966666666667
30,"M",4.04888888888889,170.983333333333
34,"M",4.06611111111111,170.983333333333
27,"M",3.76777777777778,171.033333333333
44,"M",3.99833333333333,171.083333333333
44,"M",4.06722222222222,171.083333333333
35,"M",4.05777777777778,171.1
27,"M",4.03388888888889,171.1
25,"M",4.02555555555556,171.116666666667
37,"M",3.9,171.133333333333
31,"M",4.03555555555556,171.133333333333
30,"M",4.04111111111111,171.133333333333
36,"M",4.06555555555556,171.15
33,"M",3.94333333333333,171.15
26,"M",4.09333333333333,171.166666666667
44,"M",4.02611111111111,171.166666666667
29,"M",4.03722222222222,171.183333333333
30,"M",4.04555555555556,171.2
42,"M",4.08388888888889,171.2
39,"M",3.99666666666667,171.2
30,"M",4.08444444444444,171.216666666667
33,"M",4.04833333333333,171.25
27,"M",4.05,171.25
48,"M",4.04333333333333,171.25
35,"M",3.95833333333333,171.266666666667
35,"M",3.98,171.3
25,"F",4.00777777777778,171.3
40,"M",4.00222222222222,171.3
27,"M",4.04722222222222,171.316666666667
28,"M",3.79111111111111,171.333333333333
27,"M",3.92944444444444,171.35
22,"M",4.04,171.35
38,"M",3.995,171.366666666667
25,"M",4.00666666666667,171.366666666667
40,"M",3.97388888888889,171.366666666667
36,"M",3.96888888888889,171.383333333333
28,"M",3.89166666666667,171.416666666667
25,"F",4.01,171.45
25,"F",4.03722222222222,171.45
30,"M",4.07277777777778,171.45
35,"M",4.075,171.466666666667
37,"M",3.90333333333333,171.466666666667
25,"M",3.785,171.466666666667
35,"M",3.99944444444444,171.466666666667
43,"M",4.02166666666667,171.483333333333
31,"M",3.92833333333333,171.483333333333
42,"M",3.935,171.5
29,"M",4.10888888888889,171.516666666667
37,"M",4.04,171.516666666667
42,"M",4.06111111111111,171.533333333333
21,"M",3.73944444444444,171.533333333333
42,"M",4.055,171.55
26,"M",4.04444444444444,171.55
25,"M",3.84277777777778,171.55
33,"M",4.04166666666667,171.55
31,"M",3.96166666666667,171.55
42,"M",4.01277777777778,171.583333333333
27,"M",3.94611111111111,171.583333333333
32,"M",3.965,171.583333333333
33,"M",3.94333333333333,171.6
26,"M",4.00722222222222,171.6
37,"M",4.05388888888889,171.616666666667
41,"M",4.01444444444444,171.616666666667
43,"M",4.04166666666667,171.633333333333
25,"M",4.04777777777778,171.633333333333
28,"M",4.03555555555556,171.65
44,"M",3.97722222222222,171.65
40,"M",4.01333333333333,171.65
35,"M",4.11777777777778,171.65
22,"M",4.06722222222222,171.65
27,"M",4.01222222222222,171.666666666667
36,"M",3.97444444444444,171.683333333333
28,"M",3.91722222222222,171.683333333333
52,"M",3.89,171.683333333333
31,"M",3.87722222222222,171.7
36,"M",4.02333333333333,171.716666666667
31,"M",4.02722222222222,171.75
29,"M",3.97722222222222,171.75
23,"M",4.00555555555556,171.766666666667
28,"M",4.02,171.783333333333
27,"M",4.05333333333333,171.783333333333
40,"M",3.99833333333333,171.816666666667
31,"M",3.99444444444444,171.816666666667
32,"M",4.12444444444444,171.833333333333
34,"M",4.00111111111111,171.85
26,"M",3.98,171.866666666667
31,"M",4.09111111111111,171.866666666667
31,"M",4.04666666666667,171.866666666667
43,"M",4.07444444444444,171.866666666667
26,"F",4.08944444444444,171.866666666667
34,"F",3.98055555555556,171.883333333333
44,"M",4.05833333333333,171.883333333333
23,"F",4.06444444444444,171.9
29,"M",4.02611111111111,171.916666666667
40,"M",4.09444444444444,171.916666666667
24,"M",3.98277777777778,171.983333333333
36,"M",4.04111111111111,172
25,"M",3.83166666666667,172
43,"M",4.04722222222222,172.016666666667
41,"M",4.03611111111111,172.05
42,"M",4.11166666666667,172.05
28,"M",4.07222222222222,172.066666666667
31,"M",4.07055555555556,172.066666666667
26,"M",4.03111111111111,172.083333333333
28,"M",3.94,172.083333333333
40,"M",4.03611111111111,172.083333333333
30,"M",4.07277777777778,172.083333333333
33,"M",4.05944444444444,172.083333333333
28,"M",4.04277777777778,172.1
30,"M",4.06111111111111,172.1
26,"M",3.99055555555556,172.1
27,"M",3.93777777777778,172.116666666667
51,"M",3.90166666666667,172.116666666667
41,"M",4.12666666666667,172.133333333333
45,"M",4.05111111111111,172.15
41,"M",3.99888888888889,172.15
35,"M",3.99388888888889,172.15
20,"M",4.03611111111111,172.15
32,"M",4.14555555555556,172.166666666667
27,"M",4.04611111111111,172.183333333333
43,"M",4.12166666666667,172.2
50,"M",3.93722222222222,172.2
42,"M",3.94888888888889,172.2
33,"M",4.13666666666667,172.216666666667
36,"M",4.05722222222222,172.216666666667
30,"M",4.09444444444444,172.216666666667
37,"F",4.08444444444444,172.216666666667
34,"M",4.11,172.233333333333
33,"M",4.04888888888889,172.233333333333
40,"M",4.06833333333333,172.266666666667
43,"M",4.00555555555556,172.266666666667
31,"M",4.09944444444444,172.266666666667
30,"F",4.03,172.283333333333
35,"M",4.01611111111111,172.283333333333
32,"M",4.10777777777778,172.3
29,"F",4.05055555555556,172.3
46,"M",4.05333333333333,172.316666666667
42,"M",4.01444444444444,172.316666666667
36,"M",4.13444444444444,172.333333333333
57,"M",4.08555555555556,172.333333333333
44,"M",4.04444444444444,172.35
29,"M",4.06166666666667,172.35
47,"M",3.94,172.35
33,"M",3.99333333333333,172.35
42,"M",4.13222222222222,172.366666666667
29,"M",4.01388888888889,172.366666666667
48,"F",4.03777777777778,172.366666666667
32,"M",4.05777777777778,172.366666666667
33,"M",4.03055555555556,172.383333333333
38,"M",4.04722222222222,172.383333333333
36,"M",4.05555555555556,172.383333333333
20,"M",4.04777777777778,172.383333333333
33,"M",4.14944444444444,172.383333333333
40,"M",3.98055555555556,172.4
36,"M",4.04722222222222,172.4
40,"M",3.97277777777778,172.416666666667
40,"F",4.06555555555556,172.466666666667
23,"M",4.08555555555556,172.466666666667
33,"M",4.065,172.466666666667
36,"M",4.015,172.483333333333
25,"M",4.01833333333333,172.5
34,"M",4.07111111111111,172.5
26,"M",4.05111111111111,172.5
42,"M",4.03166666666667,172.516666666667
42,"M",4.02,172.516666666667
28,"M",4.05166666666667,172.533333333333
27,"M",4.06111111111111,172.533333333333
45,"M",4.10388888888889,172.533333333333
35,"M",3.98166666666667,172.55
34,"M",4.00888888888889,172.55
40,"M",3.95166666666667,172.55
24,"M",4.06944444444444,172.583333333333
43,"M",4.07722222222222,172.583333333333
30,"M",4.04666666666667,172.6
41,"F",4.06277777777778,172.6
22,"M",4.01,172.616666666667
43,"M",3.97555555555556,172.616666666667
28,"M",4.01944444444444,172.616666666667
27,"M",3.59944444444444,172.633333333333
30,"M",4.08888888888889,172.65
34,"M",4.06,172.683333333333
22,"M",3.89777777777778,172.683333333333
50,"M",4.10388888888889,172.7
20,"M",4.02944444444444,172.7
45,"M",4.04111111111111,172.716666666667
33,"M",4.085,172.733333333333
27,"M",4.04055555555556,172.733333333333
29,"M",4.04944444444444,172.766666666667
35,"M",4.06777777777778,172.766666666667
35,"M",4.04222222222222,172.766666666667
31,"M",4.05888888888889,172.783333333333
57,"M",4.05555555555556,172.783333333333
27,"F",4.04611111111111,172.783333333333
42,"M",4.02277777777778,172.8
34,"M",4.06444444444444,172.8
37,"M",3.99777777777778,172.8
21,"M",4.04333333333333,172.816666666667
31,"M",3.99666666666667,172.816666666667
29,"M",4.04833333333333,172.816666666667
27,"M",4.10388888888889,172.833333333333
51,"F",4.04444444444444,172.85
43,"M",4.07722222222222,172.85
32,"M",4.06333333333333,172.866666666667
46,"M",4.08888888888889,172.883333333333
37,"M",3.86944444444444,172.9
34,"M",4.12388888888889,172.9
39,"M",4.025,172.9
24,"M",3.87666666666667,172.916666666667
40,"M",4.00666666666667,172.933333333333
38,"M",3.92222222222222,172.933333333333
29,"M",4.06333333333333,172.933333333333
27,"M",4.10222222222222,172.933333333333
46,"M",4.05666666666667,172.95
35,"M",3.99888888888889,172.95
31,"M",3.82388888888889,172.966666666667
43,"M",4.03333333333333,172.966666666667
49,"M",4.05222222222222,172.966666666667
37,"M",4.04833333333333,172.983333333333
34,"M",4.03555555555556,173.016666666667
32,"M",4.00222222222222,173.016666666667
41,"M",3.94777777777778,173.016666666667
43,"M",4.04944444444444,173.033333333333
29,"M",4.14722222222222,173.033333333333
44,"M",3.96277777777778,173.033333333333
34,"M",4.07222222222222,173.033333333333
25,"M",3.97,173.05
37,"M",3.95944444444444,173.05
38,"M",4.06722222222222,173.066666666667
23,"M",4.03611111111111,173.083333333333
32,"M",4.03833333333333,173.083333333333
33,"M",4.06611111111111,173.1
25,"M",4.06611111111111,173.116666666667
27,"M",4.03666666666667,173.116666666667
33,"M",4.04888888888889,173.116666666667
43,"M",4.05555555555556,173.133333333333
38,"M",3.91888888888889,173.15
27,"M",4.165,173.15
44,"M",4.10944444444444,173.15
43,"M",4.04444444444444,173.166666666667
29,"M",4.15,173.166666666667
32,"M",3.85444444444444,173.166666666667
44,"M",4.13888888888889,173.166666666667
34,"M",4.13777777777778,173.166666666667
33,"M",4.06166666666667,173.183333333333
29,"M",4.03833333333333,173.2
32,"M",4.03944444444444,173.216666666667
43,"M",4.01111111111111,173.216666666667
27,"M",4.09666666666667,173.233333333333
31,"M",4.05277777777778,173.25
45,"M",4.04777777777778,173.25
29,"M",3.98277777777778,173.266666666667
43,"M",4.08833333333333,173.266666666667
24,"M",4.07833333333333,173.283333333333
59,"M",4.04777777777778,173.283333333333
34,"M",4.04333333333333,173.3
26,"M",3.84555555555556,173.316666666667
38,"M",4.09388888888889,173.316666666667
40,"M",4.09444444444444,173.333333333333
33,"M",4.08222222222222,173.333333333333
28,"M",4.16888888888889,173.35
35,"F",4.04777777777778,173.35
49,"M",4.10444444444444,173.366666666667
38,"M",4.12611111111111,173.366666666667
30,"M",3.98277777777778,173.366666666667
41,"M",4.035,173.383333333333
32,"M",4.00444444444444,173.4
37,"F",4.02277777777778,173.4
28,"M",3.99055555555556,173.416666666667
38,"M",4.06944444444444,173.416666666667
32,"M",4.06388888888889,173.416666666667
43,"F",4.02833333333333,173.433333333333
39,"M",4.13444444444444,173.433333333333
43,"M",4.12222222222222,173.433333333333
30,"M",4.06,173.433333333333
29,"F",4.07333333333333,173.45
41,"M",4.05944444444444,173.45
27,"M",4.10277777777778,173.45
41,"M",4.08388888888889,173.483333333333
40,"M",4.18,173.483333333333
31,"M",3.94722222222222,173.5
26,"M",3.79944444444444,173.5
42,"M",4.13333333333333,173.533333333333
42,"M",4.08388888888889,173.533333333333
30,"M",4.005,173.533333333333
50,"M",4.09166666666667,173.533333333333
37,"M",4.09,173.55
30,"M",4.04388888888889,173.55
34,"M",4.03555555555556,173.55
40,"M",4.15611111111111,173.566666666667
39,"M",4.06388888888889,173.566666666667
34,"M",4.02055555555556,173.566666666667
49,"M",4.04666666666667,173.583333333333
37,"M",3.98166666666667,173.583333333333
39,"M",4.05222222222222,173.583333333333
35,"M",3.94944444444444,173.583333333333
31,"M",4.04333333333333,173.6
38,"M",4.12111111111111,173.616666666667
28,"M",4.12277777777778,173.616666666667
27,"M",4.00722222222222,173.616666666667
28,"M",4.13888888888889,173.633333333333
25,"M",3.875,173.633333333333
30,"M",4.05777777777778,173.633333333333
31,"M",4.11555555555556,173.633333333333
30,"M",4.14722222222222,173.666666666667
44,"M",4.04277777777778,173.666666666667
42,"M",4.08888888888889,173.666666666667
47,"M",4.08,173.666666666667
28,"F",4.10944444444444,173.666666666667
48,"M",4.12666666666667,173.683333333333
52,"M",4.07,173.683333333333
41,"M",4.06944444444444,173.7
40,"M",4.04055555555556,173.716666666667
31,"M",4.04722222222222,173.716666666667
35,"M",4.05611111111111,173.716666666667
25,"M",4.04388888888889,173.733333333333
38,"F",4.13111111111111,173.733333333333
53,"M",4.01055555555556,173.733333333333
35,"M",4.08611111111111,173.733333333333
30,"M",4.07166666666667,173.733333333333
37,"M",4.05722222222222,173.733333333333
22,"M",4.19333333333333,173.75
35,"M",4.07277777777778,173.75
27,"M",4.09555555555556,173.75
29,"F",4.07611111111111,173.766666666667
38,"M",4.12055555555556,173.783333333333
28,"M",4.15388888888889,173.783333333333
34,"M",4.13666666666667,173.783333333333
31,"M",3.97888888888889,173.8
49,"M",4.11166666666667,173.8
28,"M",3.96555555555556,173.8
26,"M",4.11388888888889,173.816666666667
30,"M",3.95222222222222,173.833333333333
50,"M",4.06222222222222,173.833333333333
31,"M",4.09888888888889,173.833333333333
39,"M",4.08333333333333,173.85
26,"F",4.11055555555556,173.866666666667
37,"M",3.99166666666667,173.866666666667
41,"M",4.05111111111111,173.866666666667
23,"F",4.11166666666667,173.866666666667
24,"M",4.17055555555556,173.883333333333
39,"M",4.13,173.883333333333
46,"M",4.07833333333333,173.9
25,"M",4.05222222222222,173.9
35,"M",4.08666666666667,173.9
51,"M",4.05555555555556,173.916666666667
24,"M",4.09555555555556,173.916666666667
42,"M",4.08333333333333,173.916666666667
35,"M",4.09,173.933333333333
20,"M",4.11555555555556,173.933333333333
24,"M",3.94944444444444,173.95
37,"M",4.05777777777778,173.95
32,"M",4.04611111111111,173.966666666667
39,"M",4.13444444444444,173.983333333333
40,"M",4.06444444444444,174
27,"M",4.08277777777778,174
36,"M",4.22944444444444,174
22,"M",4.11,174
45,"M",4.14388888888889,174
35,"M",4.17333333333333,174
31,"M",4.07222222222222,174
30,"M",3.86055555555556,174.016666666667
43,"M",3.93277777777778,174.016666666667
32,"M",4.16222222222222,174.016666666667
28,"M",3.96777777777778,174.033333333333
28,"M",3.88166666666667,174.033333333333
36,"M",4.14611111111111,174.033333333333
29,"M",3.96833333333333,174.033333333333
22,"M",4.11666666666667,174.033333333333
23,"M",4.11611111111111,174.05
28,"M",4.15777777777778,174.05
57,"F",4.06277777777778,174.05
29,"M",3.96444444444444,174.066666666667
33,"M",4.015,174.066666666667
24,"M",4.04444444444444,174.066666666667
37,"M",4.14388888888889,174.083333333333
48,"M",4.01388888888889,174.083333333333
34,"M",4.04333333333333,174.116666666667
38,"M",4.00722222222222,174.116666666667
29,"M",4.12666666666667,174.116666666667
27,"F",4.09611111111111,174.133333333333
52,"M",4.05777777777778,174.133333333333
40,"F",4.04666666666667,174.133333333333
36,"M",4.08944444444444,174.133333333333
29,"M",4.10222222222222,174.15
35,"M",4.04666666666667,174.166666666667
42,"M",4.14555555555556,174.166666666667
25,"F",4.095,174.166666666667
45,"M",4.03222222222222,174.183333333333
43,"M",4.00277777777778,174.183333333333
46,"F",4.07444444444444,174.183333333333
29,"M",4.08555555555556,174.2
45,"M",4.11111111111111,174.2
25,"M",4.00888888888889,174.216666666667
43,"M",4.12888888888889,174.216666666667
44,"M",4.09055555555556,174.233333333333
27,"M",4.11333333333333,174.233333333333
39,"M",4.07888888888889,174.233333333333
37,"M",3.94833333333333,174.25
29,"F",4.02444444444444,174.25
39,"M",3.99055555555556,174.25
35,"M",4.09888888888889,174.25
36,"M",4.23777777777778,174.266666666667
37,"M",4.17555555555556,174.266666666667
38,"M",4.11611111111111,174.266666666667
32,"M",4.02555555555556,174.283333333333
29,"M",4.06166666666667,174.3
36,"M",4.19444444444444,174.3
42,"M",4.14333333333333,174.3
26,"M",4.13611111111111,174.316666666667
30,"M",4.04833333333333,174.316666666667
36,"M",4.13055555555556,174.316666666667
21,"M",4.07055555555556,174.316666666667
26,"M",4.07333333333333,174.316666666667
21,"M",4.10333333333333,174.316666666667
33,"M",4.03666666666667,174.316666666667
35,"M",4.26777777777778,174.316666666667
25,"F",4.02166666666667,174.333333333333
33,"M",4.15111111111111,174.333333333333
30,"M",3.99722222222222,174.333333333333
33,"M",4.11055555555556,174.333333333333
29,"M",3.955,174.35
31,"M",4.04166666666667,174.35
29,"M",3.955,174.35
22,"M",3.83166666666667,174.35
33,"M",4.07944444444444,174.366666666667
30,"M",4.03111111111111,174.366666666667
52,"M",4.12722222222222,174.383333333333
42,"M",4.02944444444444,174.383333333333
26,"M",4.14277777777778,174.4
32,"M",4.04277777777778,174.4
51,"M",4.08944444444444,174.4
43,"M",4.05611111111111,174.4
58,"M",4.09333333333333,174.416666666667
40,"M",4.20277777777778,174.433333333333
26,"M",3.83722222222222,174.433333333333
33,"M",4.02166666666667,174.433333333333
35,"M",4.11944444444444,174.45
46,"M",4.04555555555556,174.45
25,"M",4.08333333333333,174.466666666667
30,"M",4.155,174.466666666667
20,"M",3.85222222222222,174.466666666667
42,"M",3.95777777777778,174.483333333333
36,"M",4.08333333333333,174.483333333333
40,"M",4.05388888888889,174.483333333333
38,"M",4.06055555555556,174.483333333333
40,"M",4.08166666666667,174.483333333333
40,"F",4.08444444444444,174.5
39,"M",4.17611111111111,174.5
31,"M",3.77555555555556,174.516666666667
34,"M",4.14444444444444,174.533333333333
46,"M",4.05833333333333,174.533333333333
33,"M",4.10777777777778,174.55
41,"M",4.14277777777778,174.566666666667
30,"M",4.09777777777778,174.6
26,"M",4.12333333333333,174.6
38,"M",4.13333333333333,174.6
29,"M",4.17,174.6
39,"M",4.18444444444444,174.6
40,"M",4.13444444444444,174.6
30,"M",4.04888888888889,174.616666666667
24,"F",4.15666666666667,174.616666666667
19,"M",3.81777777777778,174.616666666667
34,"M",4.065,174.616666666667
29,"M",3.97333333333333,174.616666666667
33,"M",3.90944444444444,174.616666666667
26,"M",3.92388888888889,174.633333333333
25,"M",4.01888888888889,174.633333333333
44,"M",4.03777777777778,174.65
35,"F",3.90222222222222,174.65
34,"M",4.15611111111111,174.65
37,"M",4.17166666666667,174.666666666667
37,"M",4.11388888888889,174.683333333333
52,"M",3.88833333333333,174.7
19,"M",4.04333333333333,174.7
34,"M",3.91277777777778,174.7
33,"M",4.16888888888889,174.716666666667
46,"M",4.03666666666667,174.716666666667
29,"M",4.13166666666667,174.733333333333
39,"M",4.05222222222222,174.733333333333
37,"M",4.17555555555556,174.733333333333
40,"M",4.03777777777778,174.733333333333
29,"M",4.03,174.75
28,"M",3.98222222222222,174.766666666667
35,"M",3.93444444444444,174.766666666667
47,"M",3.985,174.783333333333
27,"M",3.91777777777778,174.783333333333
37,"M",4.07166666666667,174.8
35,"M",4.09777777777778,174.8
34,"M",4.06666666666667,174.816666666667
38,"F",4.095,174.816666666667
27,"M",4.13722222222222,174.85
41,"M",4.07444444444444,174.85
29,"M",4.02611111111111,174.866666666667
29,"M",4.11722222222222,174.883333333333
47,"M",4.045,174.883333333333
48,"F",4.07944444444444,174.883333333333
29,"M",4.12666666666667,174.883333333333
18,"M",4.08333333333333,174.883333333333
33,"M",4.06666666666667,174.9
42,"M",4.10666666666667,174.9
31,"M",4.10611111111111,174.9
31,"M",4.11833333333333,174.916666666667
34,"M",4.18777777777778,174.916666666667
28,"M",4.00888888888889,174.933333333333
35,"M",4.08888888888889,174.933333333333
29,"M",4.05277777777778,174.933333333333
34,"M",4.11444444444444,174.933333333333
27,"M",4.03722222222222,174.933333333333
28,"M",4.20388888888889,174.95
41,"M",4.105,174.966666666667
47,"M",4.07,174.966666666667
32,"M",4.17611111111111,174.983333333333
21,"M",4.08388888888889,174.983333333333
34,"M",4.13611111111111,174.983333333333
30,"F",4.16611111111111,174.983333333333
23,"M",4.19166666666667,174.983333333333
33,"M",4.03777777777778,175
39,"M",4.13444444444444,175
26,"M",3.91666666666667,175
28,"M",4.09277777777778,175
43,"M",4.06,175.016666666667
58,"M",4.11055555555556,175.016666666667
36,"M",4.06,175.016666666667
28,"M",3.97388888888889,175.016666666667
36,"M",4.19166666666667,175.016666666667
47,"M",4.08166666666667,175.033333333333
42,"M",4.04722222222222,175.033333333333
27,"M",3.96055555555556,175.033333333333
29,"M",3.91722222222222,175.033333333333
39,"M",4.11222222222222,175.033333333333
45,"M",4.13722222222222,175.05
27,"M",4.14222222222222,175.05
26,"M",4.17,175.066666666667
23,"M",4.17,175.066666666667
33,"M",4.02722222222222,175.083333333333
41,"M",4.105,175.1
33,"M",3.99333333333333,175.1
30,"M",4.1,175.1
45,"M",4.13333333333333,175.1
24,"M",3.92722222222222,175.116666666667
28,"M",3.98944444444444,175.116666666667
28,"M",4.13277777777778,175.133333333333
53,"M",4.07388888888889,175.133333333333
36,"F",4.05722222222222,175.15
41,"M",4.05666666666667,175.15
23,"M",3.91611111111111,175.166666666667
43,"M",4.09833333333333,175.166666666667
26,"M",4.15166666666667,175.2
29,"M",4.04111111111111,175.2
44,"M",4.11944444444444,175.2
28,"M",4.10833333333333,175.2
22,"M",4.00444444444444,175.2
42,"M",4.12166666666667,175.216666666667
34,"M",4.07,175.216666666667
42,"M",4.11777777777778,175.216666666667
33,"M",4.04055555555556,175.233333333333
29,"M",4.15111111111111,175.233333333333
33,"M",4.19333333333333,175.233333333333
40,"M",4.07944444444444,175.233333333333
32,"M",4.20222222222222,175.233333333333
22,"M",4.11055555555556,175.233333333333
23,"M",3.93611111111111,175.25
42,"M",4.18222222222222,175.25
36,"M",4.16611111111111,175.266666666667
33,"M",4.18222222222222,175.266666666667
50,"M",4.125,175.266666666667
35,"M",4.06722222222222,175.283333333333
35,"M",4.07888888888889,175.283333333333
34,"M",4.10388888888889,175.283333333333
51,"M",4.055,175.3
26,"M",4.15444444444444,175.316666666667
27,"M",4.13777777777778,175.316666666667
23,"M",4.18666666666667,175.316666666667
35,"M",4.15611111111111,175.316666666667
41,"M",4.17777777777778,175.316666666667
59,"M",4.10666666666667,175.333333333333
44,"M",4.07555555555556,175.333333333333
41,"M",4.16722222222222,175.35
29,"F",4.04944444444444,175.366666666667
24,"M",4.01777777777778,175.366666666667
28,"M",4.12611111111111,175.366666666667
45,"F",4.08444444444444,175.366666666667
40,"M",4.19666666666667,175.383333333333
41,"M",4.11888888888889,175.4
29,"M",4.15833333333333,175.4
40,"M",4.20888888888889,175.416666666667
34,"F",4.07555555555556,175.416666666667
26,"F",4.13166666666667,175.416666666667
40,"F",4.11222222222222,175.416666666667
45,"M",4.13,175.433333333333
46,"M",4.10333333333333,175.433333333333
28,"M",4.08333333333333,175.433333333333
34,"M",4.17388888888889,175.45
48,"M",4.09555555555556,175.466666666667
33,"M",4.15,175.483333333333
36,"F",4.17666666666667,175.5
35,"F",4.12888888888889,175.5
43,"M",4.11888888888889,175.5
42,"M",4.08277777777778,175.5
24,"M",4.05555555555556,175.5
28,"M",4.11722222222222,175.516666666667
39,"M",4.06222222222222,175.516666666667
42,"M",4.09722222222222,175.533333333333
20,"M",4.20888888888889,175.55
50,"M",4.21777777777778,175.566666666667
55,"M",4.09444444444444,175.583333333333
38,"M",4.13,175.583333333333
30,"M",4.13944444444444,175.583333333333
37,"M",4.13833333333333,175.583333333333
49,"M",4.015,175.583333333333
37,"M",3.855,175.616666666667
23,"M",4.16111111111111,175.616666666667
34,"M",4.14222222222222,175.616666666667
35,"M",4.08888888888889,175.65
33,"M",4.185,175.65
39,"M",4.16388888888889,175.65
35,"M",4.13,175.65
31,"M",3.70888888888889,175.666666666667
39,"M",4.11555555555556,175.683333333333
32,"M",4.18722222222222,175.683333333333
31,"M",4.15222222222222,175.683333333333
33,"M",4.01388888888889,175.7
20,"M",4.05777777777778,175.7
39,"M",4.06833333333333,175.716666666667
25,"M",4.175,175.716666666667
37,"F",3.99833333333333,175.733333333333
41,"M",4.18222222222222,175.75
41,"M",4.05055555555556,175.75
32,"M",4.125,175.766666666667
35,"M",4.14833333333333,175.766666666667
43,"M",4.17944444444444,175.783333333333
32,"M",4.05333333333333,175.783333333333
33,"M",4.03222222222222,175.783333333333
38,"M",3.945,175.783333333333
40,"M",4.19111111111111,175.783333333333
40,"M",3.88277777777778,175.8
27,"M",4.11,175.8
23,"F",4.16222222222222,175.833333333333
23,"M",4.235,175.833333333333
24,"M",4.13833333333333,175.85
36,"M",4.17111111111111,175.85
28,"M",4.04055555555556,175.85
26,"M",3.97777777777778,175.85
41,"M",4.14611111111111,175.85
36,"F",4.09944444444444,175.866666666667
30,"M",4.20666666666667,175.883333333333
35,"M",4.18555555555556,175.883333333333
32,"M",4.15833333333333,175.883333333333
42,"M",4.06555555555556,175.883333333333
47,"M",4.16944444444444,175.883333333333
50,"M",4.07388888888889,175.916666666667
47,"M",4.11277777777778,175.95
31,"M",4.10444444444444,175.966666666667
41,"M",4.16277777777778,175.966666666667
34,"M",4.18055555555556,175.983333333333
46,"M",4.13111111111111,175.983333333333
37,"F",4.13444444444444,176
37,"M",4.15333333333333,176
47,"M",4.17055555555556,176
41,"M",4.18944444444444,176.016666666667
36,"M",4.08833333333333,176.033333333333
32,"F",4.14833333333333,176.033333333333
30,"M",4.14388888888889,176.05
52,"F",4.08722222222222,176.05
48,"M",4.04444444444444,176.05
32,"M",4.17444444444444,176.05
28,"M",4.07833333333333,176.05
46,"M",4.12277777777778,176.066666666667
30,"M",4.16944444444444,176.066666666667
29,"M",4.11555555555556,176.083333333333
43,"M",4.17611111111111,176.1
32,"M",4.00722222222222,176.116666666667
46,"M",4.12222222222222,176.116666666667
42,"M",4.08777777777778,176.116666666667
26,"M",4.02444444444444,176.116666666667
30,"M",4.05,176.133333333333
37,"M",4.07611111111111,176.133333333333
41,"M",4.12777777777778,176.133333333333
36,"M",4.13222222222222,176.133333333333
31,"M",4.10333333333333,176.133333333333
25,"M",4.16888888888889,176.15
22,"M",4.12888888888889,176.15
25,"M",4.16888888888889,176.15
25,"M",4.14611111111111,176.183333333333
32,"M",4.17166666666667,176.183333333333
28,"M",4.17,176.2
46,"M",4.175,176.216666666667
50,"M",3.84388888888889,176.216666666667
37,"M",4.105,176.216666666667
51,"M",4.15277777777778,176.216666666667
35,"M",4.18555555555556,176.233333333333
27,"M",4.03555555555556,176.233333333333
51,"M",4.06888888888889,176.233333333333
44,"M",4.15333333333333,176.233333333333
41,"M",4.18611111111111,176.233333333333
43,"M",4.12111111111111,176.233333333333
27,"M",3.85277777777778,176.25
53,"M",4.04833333333333,176.25
51,"M",4.05722222222222,176.266666666667
20,"M",4.10277777777778,176.266666666667
30,"M",4.17722222222222,176.266666666667
25,"M",4.10277777777778,176.266666666667
29,"M",4.17388888888889,176.266666666667
21,"M",3.94666666666667,176.283333333333
20,"M",4.13666666666667,176.283333333333
48,"M",4.13277777777778,176.283333333333
32,"M",3.84277777777778,176.3
29,"M",4.17555555555556,176.3
41,"M",4.10111111111111,176.316666666667
41,"M",4.07666666666667,176.316666666667
41,"M",4.13444444444444,176.316666666667
28,"M",4.245,176.316666666667
39,"M",4.11833333333333,176.333333333333
30,"M",4.19,176.333333333333
47,"M",4.16444444444444,176.35
27,"M",4.08,176.35
38,"M",4.12055555555556,176.35
50,"M",4.13222222222222,176.35
28,"M",4.01722222222222,176.366666666667
20,"M",4.13333333333333,176.366666666667
41,"M",4.18166666666667,176.383333333333
26,"M",4.15111111111111,176.383333333333
46,"M",4.05166666666667,176.383333333333
23,"M",4.06666666666667,176.383333333333
32,"M",4.12666666666667,176.383333333333
51,"M",4.12666666666667,176.4
31,"M",4.12277777777778,176.4
28,"M",4.00222222222222,176.416666666667
27,"M",4.18333333333333,176.416666666667
38,"M",4.03055555555556,176.433333333333
32,"M",4.11333333333333,176.433333333333
53,"M",4.19222222222222,176.433333333333
34,"M",4.19166666666667,176.433333333333
36,"M",4.02888888888889,176.433333333333
45,"M",4.04777777777778,176.433333333333
19,"M",4.15111111111111,176.466666666667
25,"M",3.85944444444444,176.466666666667
32,"M",4.12888888888889,176.466666666667
40,"M",4.15722222222222,176.483333333333
29,"M",4.10166666666667,176.483333333333
49,"M",4.14722222222222,176.483333333333
38,"M",4.11944444444444,176.483333333333
50,"M",4.06611111111111,176.5
31,"M",4.21055555555556,176.5
36,"M",3.98,176.5
27,"M",4.14,176.5
38,"M",4.17388888888889,176.5
24,"M",3.95611111111111,176.516666666667
34,"M",4.15611111111111,176.516666666667
38,"M",4.16777777777778,176.516666666667
37,"M",4.21,176.533333333333
41,"M",4.19222222222222,176.533333333333
33,"M",4.19722222222222,176.533333333333
41,"M",4.15222222222222,176.533333333333
50,"M",4.13444444444444,176.533333333333
38,"M",4.10388888888889,176.55
33,"M",4.23111111111111,176.55
50,"M",4.12166666666667,176.55
33,"M",4.16944444444444,176.583333333333
36,"M",4.10111111111111,176.583333333333
23,"M",4.22277777777778,176.583333333333
32,"M",4.17277777777778,176.583333333333
33,"M",4.115,176.6
41,"F",4.19111111111111,176.616666666667
31,"M",4.20611111111111,176.616666666667
47,"M",4.03666666666667,176.616666666667
27,"M",4.23555555555556,176.633333333333
27,"M",4.1,176.633333333333
43,"M",4.16,176.633333333333
25,"M",4.08277777777778,176.633333333333
32,"M",4.23277777777778,176.65
40,"M",4.14555555555556,176.65
41,"M",4.13222222222222,176.65
38,"M",4.08388888888889,176.65
34,"M",4.08944444444444,176.666666666667
21,"M",4.17611111111111,176.666666666667
44,"M",4.06055555555556,176.666666666667
29,"M",4.14166666666667,176.666666666667
45,"M",4.12944444444444,176.666666666667
41,"M",4.08888888888889,176.666666666667
29,"M",4.06944444444444,176.683333333333
34,"M",3.97777777777778,176.683333333333
40,"M",4.20277777777778,176.683333333333
37,"M",4.17777777777778,176.683333333333
24,"F",4.19111111111111,176.683333333333
26,"M",4.24611111111111,176.683333333333
25,"F",4.20222222222222,176.7
43,"M",4.14611111111111,176.7
34,"M",4.12777777777778,176.7
42,"M",4.20333333333333,176.716666666667
41,"M",4.19722222222222,176.716666666667
42,"M",4.17944444444444,176.75
28,"M",4.165,176.75
45,"M",4.14388888888889,176.75
20,"M",3.72,176.75
34,"M",4.07277777777778,176.75
33,"M",4.21277777777778,176.766666666667
39,"M",4.18,176.766666666667
28,"M",4.10888888888889,176.766666666667
39,"M",4.16111111111111,176.783333333333
36,"M",4.16333333333333,176.783333333333
26,"M",4.12888888888889,176.783333333333
37,"M",4.06,176.783333333333
44,"M",4.14333333333333,176.8
42,"M",4.15833333333333,176.8
39,"M",4.16888888888889,176.8
39,"M",4.155,176.8
50,"M",4.18166666666667,176.8
38,"M",4.01555555555556,176.816666666667
38,"M",4.01944444444444,176.816666666667
45,"M",4.23166666666667,176.816666666667
32,"F",4.14944444444444,176.833333333333
29,"M",4.21555555555556,176.833333333333
38,"M",4.225,176.85
28,"F",4.17166666666667,176.85
41,"M",4.19444444444444,176.866666666667
40,"M",4.14444444444444,176.866666666667
39,"M",4.17444444444444,176.883333333333
38,"M",4.13888888888889,176.883333333333
25,"M",4.20222222222222,176.883333333333
30,"M",4.15,176.9
22,"M",4.20611111111111,176.9
36,"M",4.17055555555556,176.9
32,"M",4.16,176.9
45,"M",4.14111111111111,176.9
33,"M",3.95888888888889,176.9
37,"M",4.08944444444444,176.9
25,"M",4.16444444444444,176.916666666667
42,"M",4.18166666666667,176.916666666667
41,"M",4.17444444444444,176.916666666667
42,"M",4.135,176.916666666667
40,"M",4.13944444444444,176.916666666667
44,"M",4.16888888888889,176.933333333333
36,"M",4.15888888888889,176.933333333333
29,"M",4.17111111111111,176.95
37,"M",4.16722222222222,176.95
38,"M",4.04166666666667,176.95
33,"M",4.19222222222222,176.966666666667
33,"F",4.18444444444444,176.966666666667
22,"M",4.19777777777778,176.983333333333
37,"M",4.10444444444444,176.983333333333
35,"M",4.08888888888889,176.983333333333
24,"M",4.14444444444444,176.983333333333
40,"M",4.115,176.983333333333
43,"M",4.14111111111111,176.983333333333
39,"M",4.19055555555556,176.983333333333
36,"M",4.17722222222222,177
35,"M",4.17722222222222,177
29,"M",4.17888888888889,177
35,"M",4.12166666666667,177
41,"M",4.16944444444444,177.016666666667
38,"M",4.17833333333333,177.016666666667
36,"M",4.16166666666667,177.016666666667
37,"M",4.205,177.016666666667
43,"M",4.145,177.033333333333
37,"M",4.19833333333333,177.033333333333
30,"M",4.13444444444444,177.033333333333
31,"M",4.17833333333333,177.033333333333
31,"M",4.15388888888889,177.033333333333
32,"M",4.19777777777778,177.033333333333
37,"M",4.19333333333333,177.033333333333
32,"M",4.16111111111111,177.05
39,"M",4.11333333333333,177.066666666667
31,"F",4.18166666666667,177.066666666667
26,"M",4.17833333333333,177.066666666667
34,"M",4.13388888888889,177.066666666667
40,"M",4.23944444444444,177.066666666667
23,"M",4.13833333333333,177.066666666667
26,"M",4.18,177.083333333333
42,"M",4.10277777777778,177.083333333333
36,"M",4.17166666666667,177.083333333333
32,"M",4.18055555555556,177.1
36,"M",4.22222222222222,177.1
31,"M",4.05722222222222,177.1
39,"M",4.16611111111111,177.1
39,"M",4.19555555555556,177.116666666667
45,"M",4.20222222222222,177.116666666667
24,"F",4.22666666666667,177.116666666667
24,"M",4.09333333333333,177.116666666667
45,"M",4.13388888888889,177.116666666667
39,"F",4.19111111111111,177.133333333333
34,"M",4.07888888888889,177.133333333333
46,"M",4.19277777777778,177.133333333333
27,"F",4.22666666666667,177.15
33,"M",4.18888888888889,177.15
41,"M",4.20277777777778,177.166666666667
40,"M",4.19555555555556,177.166666666667
31,"M",4.19111111111111,177.166666666667
36,"M",4.18833333333333,177.183333333333
51,"M",4.07611111111111,177.183333333333
40,"M",4.23722222222222,177.183333333333
26,"M",4.19777777777778,177.183333333333
45,"M",4.12388888888889,177.2
40,"M",4.13111111111111,177.2
24,"M",4.03277777777778,177.2
26,"M",4.04111111111111,177.2
26,"M",4.09,177.216666666667
30,"F",4.10611111111111,177.216666666667
43,"M",4.19166666666667,177.216666666667
47,"F",4.16388888888889,177.216666666667
26,"M",4.20166666666667,177.25
50,"M",4.14722222222222,177.25
33,"M",4.23388888888889,177.25
40,"M",4.18944444444444,177.25
21,"M",4.21611111111111,177.25
32,"M",4.16555555555556,177.266666666667
27,"M",4.20555555555556,177.266666666667
41,"M",4.16333333333333,177.266666666667
50,"M",4.23277777777778,177.266666666667
26,"M",4.21722222222222,177.266666666667
28,"M",4.245,177.283333333333
43,"M",4.16333333333333,177.283333333333
33,"M",4.175,177.3
43,"M",4.08166666666667,177.3
45,"M",4.21444444444444,177.3
42,"M",4.19833333333333,177.316666666667
34,"M",4.20222222222222,177.316666666667
29,"F",4.14444444444444,177.316666666667
42,"M",4.23888888888889,177.333333333333
35,"M",4.21666666666667,177.35
32,"F",4.16333333333333,177.366666666667
42,"M",4.18388888888889,177.366666666667
43,"M",4.2,177.366666666667
37,"M",4.06277777777778,177.383333333333
35,"M",4.19666666666667,177.383333333333
45,"M",4.11222222222222,177.383333333333
44,"M",4.15111111111111,177.4
41,"M",4.19944444444444,177.4
37,"M",4.14055555555556,177.4
36,"M",4.21166666666667,177.4
27,"M",4.19555555555556,177.416666666667
56,"M",4.08666666666667,177.416666666667
41,"M",3.98,177.416666666667
37,"M",4.12833333333333,177.416666666667
26,"M",4.02111111111111,177.416666666667
46,"M",4.20444444444444,177.416666666667
28,"M",4.17944444444444,177.416666666667
32,"M",4.15833333333333,177.433333333333
32,"M",4.15388888888889,177.433333333333
36,"M",4.21,177.433333333333
25,"M",4.20944444444444,177.433333333333
35,"M",4.17333333333333,177.45
36,"M",3.85166666666667,177.45
36,"M",4.195,177.45
28,"M",4.15,177.45
48,"M",4.08,177.483333333333
31,"M",4.28777777777778,177.5
42,"M",4.22055555555556,177.5
33,"M",4.225,177.5
38,"M",4.19444444444444,177.5
27,"M",4.15777777777778,177.5
40,"M",4.00333333333333,177.5
45,"M",4.09055555555556,177.5
25,"M",4.02888888888889,177.5
42,"M",4.21944444444444,177.533333333333
42,"M",4.14833333333333,177.533333333333
31,"M",4.03111111111111,177.533333333333
35,"M",4.20888888888889,177.533333333333
38,"M",4.09944444444444,177.533333333333
38,"M",4.16611111111111,177.55
47,"M",4.03,177.55
38,"M",4.02944444444444,177.55
43,"M",4.165,177.566666666667
28,"M",4.19722222222222,177.566666666667
49,"M",4.15222222222222,177.566666666667
29,"M",4.17888888888889,177.566666666667
31,"M",4.20388888888889,177.566666666667
41,"M",4.205,177.583333333333
30,"M",4.22,177.583333333333
45,"M",4.10333333333333,177.583333333333
34,"M",4.14277777777778,177.583333333333
44,"M",4.13888888888889,177.6
32,"M",4.22555555555556,177.6
56,"M",4.17444444444444,177.6
52,"M",4.16944444444444,177.6
37,"M",4.155,177.6
36,"M",4.19611111111111,177.6
29,"M",4.18277777777778,177.6
30,"M",4.10833333333333,177.6
25,"F",4.24055555555556,177.616666666667
35,"M",4.09611111111111,177.616666666667
30,"M",4.08666666666667,177.633333333333
25,"M",4.17333333333333,177.633333333333
46,"M",4.23777777777778,177.633333333333
37,"M",4.09666666666667,177.633333333333
27,"M",4.21222222222222,177.633333333333
45,"M",4.23722222222222,177.633333333333
29,"M",4.16611111111111,177.633333333333
25,"M",3.80277777777778,177.633333333333
38,"M",4.19333333333333,177.65
37,"M",4.18888888888889,177.65
39,"M",4.165,177.65
44,"M",4.21,177.666666666667
36,"M",4.21,177.666666666667
27,"F",4.06944444444444,177.666666666667
46,"M",4.11055555555556,177.666666666667
48,"M",4.215,177.666666666667
46,"M",4.22333333333333,177.683333333333
27,"M",4.19166666666667,177.683333333333
49,"M",4.22,177.683333333333
34,"M",4.16611111111111,177.683333333333
45,"M",4.19888888888889,177.683333333333
52,"M",4.23722222222222,177.683333333333
35,"M",4.13888888888889,177.683333333333
29,"M",4.09722222222222,177.683333333333
27,"M",4.20166666666667,177.7
22,"M",4.20277777777778,177.7
32,"M",4.21111111111111,177.7
30,"M",4.04666666666667,177.7
33,"M",4.11444444444444,177.716666666667
37,"M",3.98055555555556,177.716666666667
36,"M",4.17611111111111,177.716666666667
56,"M",4.13055555555556,177.716666666667
23,"M",4.235,177.733333333333
32,"M",4.19555555555556,177.733333333333
47,"M",4.19944444444444,177.733333333333
35,"M",4.11055555555556,177.733333333333
39,"M",4.16611111111111,177.733333333333
33,"F",4.13166666666667,177.733333333333
27,"F",4.18111111111111,177.733333333333
43,"M",4.15277777777778,177.75
36,"M",4.19333333333333,177.766666666667
37,"M",4.16333333333333,177.783333333333
30,"M",4.19722222222222,177.783333333333
39,"M",4.14944444444444,177.783333333333
35,"M",4.20277777777778,177.8
42,"M",4.17,177.8
31,"M",4.12666666666667,177.8
39,"M",4.02,177.8
28,"M",4.20555555555556,177.8
49,"M",4.19333333333333,177.8
34,"M",4.20111111111111,177.8
38,"M",4.23611111111111,177.8
36,"M",4.175,177.816666666667
44,"M",4.08666666666667,177.816666666667
44,"M",4.16611111111111,177.816666666667
28,"M",4.02888888888889,177.816666666667
46,"M",4.13444444444444,177.816666666667
33,"M",4.13777777777778,177.833333333333
37,"M",4.13111111111111,177.833333333333
45,"M",4.24111111111111,177.833333333333
31,"M",4.20277777777778,177.833333333333
27,"F",4.23388888888889,177.85
40,"M",4.19888888888889,177.85
30,"M",4.17111111111111,177.85
43,"M",4.13222222222222,177.866666666667
34,"M",4.22888888888889,177.866666666667
56,"M",4.105,177.883333333333
29,"F",4.08444444444444,177.883333333333
43,"M",4.20111111111111,177.883333333333
43,"M",4.22111111111111,177.883333333333
38,"M",4.20666666666667,177.883333333333
43,"M",4.13,177.9
31,"M",4.10555555555556,177.9
40,"M",4.14166666666667,177.9
27,"M",4.20777777777778,177.916666666667
38,"M",4.20444444444444,177.916666666667
28,"M",4.16944444444444,177.916666666667
30,"M",4.15388888888889,177.916666666667
29,"M",4.225,177.933333333333
35,"M",4.22388888888889,177.933333333333
34,"M",4.18555555555556,177.933333333333
33,"M",4.13833333333333,177.933333333333
27,"F",4.215,177.933333333333
38,"M",4.18055555555556,177.933333333333
25,"M",4.17444444444444,177.933333333333
48,"M",4.13166666666667,177.933333333333
49,"M",4.14388888888889,177.966666666667
30,"M",4.14055555555556,177.966666666667
40,"M",4.06833333333333,177.966666666667
34,"M",4.23388888888889,177.983333333333
27,"F",4.22333333333333,177.983333333333
27,"M",4.12111111111111,177.983333333333
39,"M",4.24888888888889,178
42,"M",4.00277777777778,178.016666666667
36,"M",4.20166666666667,178.033333333333
36,"M",4.17722222222222,178.033333333333
31,"M",4.08111111111111,178.033333333333
45,"M",4.23555555555556,178.05
44,"M",4.11333333333333,178.05
39,"M",4.20222222222222,178.05
34,"M",4.09888888888889,178.05
26,"M",4.215,178.05
37,"M",4.12222222222222,178.05
41,"M",4.18388888888889,178.05
49,"M",4.17555555555556,178.05
30,"M",4.155,178.05
34,"M",4.22222222222222,178.05
34,"M",4.16944444444444,178.05
25,"M",4.25388888888889,178.066666666667
44,"M",4.22944444444444,178.066666666667
35,"F",4.14666666666667,178.066666666667
25,"M",4.20388888888889,178.066666666667
35,"M",4.18055555555556,178.066666666667
45,"M",4.17111111111111,178.066666666667
36,"M",4.18166666666667,178.066666666667
27,"M",4.195,178.083333333333
38,"M",4.15944444444444,178.083333333333
50,"M",4.21666666666667,178.083333333333
44,"M",4.20944444444444,178.083333333333
36,"M",4.21333333333333,178.1
43,"M",4.12555555555556,178.1
29,"M",4.18111111111111,178.116666666667
33,"M",4.24666666666667,178.133333333333
32,"F",4.25944444444444,178.133333333333
25,"M",4.20388888888889,178.133333333333
31,"M",4.285,178.133333333333
51,"M",4.21,178.133333333333
41,"M",4.12944444444444,178.15
23,"M",4.17277777777778,178.15
25,"M",4.23722222222222,178.15
42,"M",4.16444444444444,178.15
48,"M",4.21611111111111,178.15
42,"M",4.19055555555556,178.15
37,"M",4.16055555555556,178.166666666667
22,"M",4.32611111111111,178.166666666667
45,"M",4.06944444444444,178.183333333333
43,"M",4.17722222222222,178.183333333333
35,"M",4.15833333333333,178.183333333333
36,"F",4.23611111111111,178.183333333333
41,"M",4.23222222222222,178.183333333333
36,"M",4.21444444444444,178.183333333333
45,"M",4.18111111111111,178.183333333333
51,"M",4.17666666666667,178.2
37,"F",4.15222222222222,178.2
32,"M",4.20944444444444,178.2
34,"M",4.18944444444444,178.2
37,"M",4.18111111111111,178.2
42,"M",4.14444444444444,178.2
44,"M",4.19111111111111,178.216666666667
32,"M",4.14333333333333,178.216666666667
27,"M",4.11055555555556,178.216666666667
37,"M",4.24555555555556,178.216666666667
47,"M",4.025,178.216666666667
33,"M",4.18277777777778,178.216666666667
50,"M",4.07166666666667,178.233333333333
39,"M",4.165,178.233333333333
42,"M",4.23611111111111,178.233333333333
29,"F",4.27888888888889,178.233333333333
37,"M",4.21333333333333,178.233333333333
34,"M",4.23777777777778,178.233333333333
40,"M",4.18222222222222,178.233333333333
57,"M",4.20222222222222,178.233333333333
30,"M",4.05666666666667,178.233333333333
32,"M",4.20111111111111,178.25
39,"M",4.04833333333333,178.25
36,"M",4.14222222222222,178.266666666667
46,"M",4.17611111111111,178.266666666667
43,"M",3.87222222222222,178.266666666667
37,"M",4.08111111111111,178.283333333333
40,"M",4.19166666666667,178.283333333333
40,"M",4.22444444444444,178.3
34,"M",4.17166666666667,178.3
37,"M",4.22444444444444,178.316666666667
28,"M",4.25,178.316666666667
27,"M",4.22666666666667,178.333333333333
22,"M",4.02611111111111,178.333333333333
25,"M",4.21555555555556,178.35
37,"M",4.21277777777778,178.35
39,"M",4.26055555555556,178.35
40,"M",4.16444444444444,178.35
35,"M",4.15444444444444,178.35
31,"M",4.16444444444444,178.35
41,"M",4.15222222222222,178.35
42,"F",4.16444444444444,178.366666666667
33,"M",4.29944444444444,178.366666666667
52,"M",3.98444444444444,178.366666666667
45,"M",4.23055555555556,178.366666666667
39,"F",4.18833333333333,178.383333333333
49,"M",4.24277777777778,178.383333333333
40,"M",4.11111111111111,178.383333333333
23,"F",4.22333333333333,178.383333333333
32,"M",4.15388888888889,178.383333333333
45,"M",4.13833333333333,178.383333333333
35,"M",4.21,178.383333333333
25,"M",4.17555555555556,178.383333333333
47,"M",4.20277777777778,178.4
56,"M",4.22111111111111,178.4
38,"M",4.20222222222222,178.416666666667
37,"M",4.21277777777778,178.416666666667
54,"M",4.17444444444444,178.416666666667
35,"M",4.15888888888889,178.416666666667
45,"M",4.13777777777778,178.416666666667
38,"M",4.25944444444444,178.433333333333
32,"M",4.12888888888889,178.433333333333
42,"M",4.21333333333333,178.433333333333
38,"M",4.16722222222222,178.433333333333
38,"M",4.18388888888889,178.433333333333
38,"M",4.03333333333333,178.45
23,"M",4.17055555555556,178.45
28,"M",4.18833333333333,178.45
46,"M",4.18111111111111,178.466666666667
23,"M",4.23055555555556,178.466666666667
55,"M",4.18388888888889,178.466666666667
41,"M",4.11222222222222,178.483333333333
35,"M",4.26277777777778,178.483333333333
52,"M",4.16444444444444,178.483333333333
38,"M",4.26,178.483333333333
41,"M",4.22388888888889,178.483333333333
36,"M",4.26,178.483333333333
35,"M",4.18111111111111,178.5
33,"M",4.18222222222222,178.5
47,"M",4.10111111111111,178.5
55,"M",4.16,178.5
26,"M",4.06333333333333,178.5
31,"M",4.22611111111111,178.516666666667
43,"M",4.15111111111111,178.516666666667
39,"M",4.19833333333333,178.516666666667
33,"M",4.21944444444444,178.516666666667
30,"M",4.19222222222222,178.533333333333
28,"M",4.29444444444445,178.533333333333
27,"F",4.14055555555556,178.533333333333
47,"M",4.24944444444444,178.533333333333
25,"M",4.06388888888889,178.533333333333
36,"M",4.23333333333333,178.55
37,"M",4.18166666666667,178.55
38,"M",4.19111111111111,178.55
25,"M",4.25777777777778,178.55
48,"M",4.25111111111111,178.55
37,"M",4.27722222222222,178.55
31,"M",4.18888888888889,178.566666666667
27,"M",4.26222222222222,178.583333333333
31,"M",4.23833333333333,178.583333333333
42,"M",4.18111111111111,178.583333333333
43,"M",4.17944444444444,178.6
30,"M",4.225,178.6
48,"M",4.17388888888889,178.6
44,"M",4.23222222222222,178.6
30,"M",4.21,178.6
33,"M",4.20166666666667,178.6
29,"M",4.05555555555556,178.6
51,"M",4.18,178.6
41,"M",4.21611111111111,178.6
41,"M",4.23055555555556,178.616666666667
54,"M",4.21777777777778,178.616666666667
34,"M",4.25833333333333,178.616666666667
29,"M",4.12666666666667,178.616666666667
34,"M",4.18111111111111,178.633333333333
40,"M",4.12944444444444,178.633333333333
29,"M",4.1,178.633333333333
34,"M",4.24166666666667,178.633333333333
31,"F",4.22111111111111,178.633333333333
42,"M",4.23888888888889,178.65
34,"M",4.18722222222222,178.65
26,"M",4.15111111111111,178.65
45,"M",4.22944444444444,178.65
43,"M",4.15722222222222,178.65
33,"M",4.11777777777778,178.65
31,"M",4.02888888888889,178.65
43,"M",4.165,178.666666666667
34,"M",4.17944444444444,178.666666666667
28,"M",4.18166666666667,178.666666666667
36,"F",4.17833333333333,178.666666666667
36,"M",4.21444444444444,178.666666666667
32,"F",4.21722222222222,178.683333333333
25,"M",3.63388888888889,178.683333333333
24,"M",3.88,178.683333333333
30,"M",3.95833333333333,178.683333333333
51,"M",4.17,178.7
30,"M",4.22333333333333,178.7
32,"M",4.25444444444444,178.7
29,"M",4.21277777777778,178.7
24,"M",4.12777777777778,178.7
39,"M",4.23944444444444,178.716666666667
24,"M",4.16333333333333,178.716666666667
47,"M",4.19111111111111,178.716666666667
59,"M",4.15166666666667,178.733333333333
48,"M",4.21777777777778,178.733333333333
31,"M",4.17833333333333,178.733333333333
58,"M",4.22277777777778,178.733333333333
51,"M",4.10555555555556,178.733333333333
56,"M",4.17111111111111,178.75
38,"M",4.305,178.75
26,"M",4.19944444444444,178.75
25,"M",4.02,178.75
29,"M",4.06166666666667,178.75
39,"M",4.18833333333333,178.75
24,"M",4.18555555555556,178.766666666667
41,"M",4.09722222222222,178.766666666667
28,"M",4.24444444444444,178.766666666667
38,"M",4.24777777777778,178.783333333333
23,"M",4.135,178.783333333333
36,"M",4.20833333333333,178.783333333333
37,"M",4.17722222222222,178.783333333333
34,"M",4.21,178.8
32,"M",3.97833333333333,178.8
34,"M",4.25333333333333,178.833333333333
31,"M",4.08055555555556,178.833333333333
45,"M",4.19222222222222,178.833333333333
35,"M",4.13277777777778,178.833333333333
27,"M",4.20555555555556,178.833333333333
32,"M",4.19777777777778,178.833333333333
47,"M",4.19111111111111,178.833333333333
33,"M",4.16722222222222,178.85
25,"M",4.05555555555556,178.85
26,"M",3.82111111111111,178.85
26,"M",4.21722222222222,178.866666666667
48,"M",4.11833333333333,178.866666666667
29,"M",4.21944444444444,178.866666666667
34,"M",4.12944444444444,178.866666666667
38,"M",4.21388888888889,178.866666666667
51,"M",4.24277777777778,178.866666666667
21,"M",4.01277777777778,178.883333333333
33,"M",4.25166666666667,178.883333333333
44,"M",4.205,178.883333333333
20,"M",4.28,178.9
34,"M",4.26777777777778,178.916666666667
36,"F",4.00777777777778,178.916666666667
46,"M",4.12944444444444,178.916666666667
46,"M",4.23166666666667,178.916666666667
34,"M",4.23611111111111,178.916666666667
53,"M",4.04166666666667,178.916666666667
40,"M",4.09111111111111,178.916666666667
25,"F",4.25666666666667,178.916666666667
30,"F",4.26277777777778,178.933333333333
31,"M",4.16333333333333,178.933333333333
31,"F",4.22722222222222,178.933333333333
35,"M",4.05,178.933333333333
34,"M",4.19444444444444,178.95
22,"M",4.17722222222222,178.95
33,"M",4.25,178.95
53,"M",4.24277777777778,178.95
32,"M",4.21444444444444,178.95
32,"M",4.27611111111111,178.95
38,"M",4.20611111111111,178.966666666667
29,"M",4.19555555555556,178.966666666667
31,"F",4.24555555555556,178.966666666667
29,"F",4.20722222222222,178.966666666667
37,"M",4.27166666666667,178.966666666667
45,"M",4.22,178.966666666667
25,"M",4.13888888888889,178.966666666667
30,"M",4.20777777777778,178.983333333333
34,"M",4.25111111111111,178.983333333333
28,"M",4.14555555555556,178.983333333333
27,"F",4.23388888888889,179
42,"M",4.26222222222222,179
36,"M",4.255,179.016666666667
52,"M",4.24055555555556,179.016666666667
34,"M",4.155,179.016666666667
45,"M",4.19222222222222,179.016666666667
49,"M",4.06277777777778,179.016666666667
50,"M",4.08611111111111,179.016666666667
32,"M",4.275,179.016666666667
34,"M",4.30722222222222,179.016666666667
37,"M",4.16277777777778,179.016666666667
57,"M",4.25111111111111,179.033333333333
42,"M",4.205,179.033333333333
44,"M",4.225,179.033333333333
26,"M",4.25777777777778,179.033333333333
25,"F",4.18722222222222,179.05
31,"M",4.21388888888889,179.05
44,"M",4.11666666666667,179.066666666667
37,"M",4.285,179.066666666667
42,"M",4.20944444444444,179.066666666667
49,"M",4.14333333333333,179.066666666667
50,"M",4.24055555555556,179.083333333333
26,"M",4.17277777777778,179.083333333333
37,"M",4.19722222222222,179.083333333333
31,"M",4.03722222222222,179.083333333333
24,"M",4.08611111111111,179.1
29,"M",4.21722222222222,179.1
29,"M",4.10722222222222,179.1
42,"M",4.16,179.1
35,"F",4.19055555555556,179.1
28,"M",4.19055555555556,179.1
35,"M",4.21666666666667,179.116666666667
30,"M",4.245,179.116666666667
41,"F",4.21666666666667,179.133333333333
35,"M",4.17555555555556,179.133333333333
44,"M",4.21666666666667,179.133333333333
39,"F",4.23833333333333,179.133333333333
34,"M",4.12666666666667,179.133333333333
34,"M",4.245,179.133333333333
37,"M",4.21277777777778,179.15
20,"M",4.20277777777778,179.15
37,"M",4.23944444444444,179.15
57,"M",4.25777777777778,179.15
43,"M",4.16166666666667,179.15
44,"M",4.30111111111111,179.166666666667
38,"M",4.24444444444444,179.166666666667
32,"M",4.24166666666667,179.166666666667
39,"M",4.13222222222222,179.166666666667
41,"M",4.17166666666667,179.183333333333
33,"M",4.18888888888889,179.183333333333
29,"M",4.01611111111111,179.183333333333
45,"M",4.23388888888889,179.183333333333
28,"M",4.22222222222222,179.2
41,"M",4.33722222222222,179.2
37,"M",4.19444444444444,179.2
36,"M",4.23833333333333,179.2
30,"M",4.26277777777778,179.2
27,"M",4.27388888888889,179.216666666667
40,"M",4.19611111111111,179.216666666667
36,"M",4.24777777777778,179.216666666667
38,"M",4.23611111111111,179.216666666667
28,"M",4.22777777777778,179.233333333333
47,"M",4.28055555555556,179.233333333333
31,"M",4.15888888888889,179.233333333333
41,"M",4.24388888888889,179.233333333333
29,"M",4.08111111111111,179.233333333333
33,"M",4.17888888888889,179.233333333333
26,"M",4.15555555555556,179.233333333333
39,"M",4.12166666666667,179.233333333333
26,"M",4.22444444444444,179.25
38,"M",4.23666666666667,179.25
37,"M",4.17166666666667,179.25
36,"M",4.24722222222222,179.25
37,"M",4.26055555555556,179.25
36,"M",4.26,179.266666666667
33,"M",4.26333333333333,179.266666666667
35,"M",4.25277777777778,179.266666666667
52,"M",4.23611111111111,179.266666666667
37,"M",4.15888888888889,179.266666666667
27,"M",4.21055555555556,179.266666666667
35,"M",4.24722222222222,179.266666666667
34,"M",4.25,179.283333333333
26,"M",4.20277777777778,179.283333333333
25,"M",4.17833333333333,179.283333333333
49,"M",4.17722222222222,179.3
31,"M",4.06333333333333,179.3
43,"M",4.24666666666667,179.3
51,"M",4.15111111111111,179.3
43,"M",4.22555555555556,179.3
45,"M",4.15611111111111,179.3
36,"M",4.25222222222222,179.316666666667
30,"M",4.21111111111111,179.316666666667
40,"M",4.25388888888889,179.316666666667
35,"M",3.97444444444444,179.316666666667
26,"M",4.22777777777778,179.316666666667
46,"M",4.17944444444444,179.316666666667
39,"M",4.23555555555556,179.333333333333
51,"M",4.14333333333333,179.333333333333
37,"M",4.25666666666667,179.333333333333
38,"M",4.23055555555556,179.333333333333
43,"M",4.26111111111111,179.35
33,"M",4.23,179.35
32,"M",4.24111111111111,179.35
37,"M",4.20444444444444,179.366666666667
31,"M",4.13111111111111,179.366666666667
47,"M",4.19055555555556,179.366666666667
25,"M",4.22444444444444,179.383333333333
34,"M",4.26944444444444,179.383333333333
36,"M",4.19166666666667,179.383333333333
30,"M",4.17,179.383333333333
34,"F",4.11222222222222,179.383333333333
44,"M",4.21555555555556,179.383333333333
41,"M",4.04555555555556,179.4
40,"M",4.22,179.4
38,"M",4.24777777777778,179.4
32,"F",4.25222222222222,179.4
42,"M",4.21111111111111,179.416666666667
44,"M",4.24888888888889,179.416666666667
29,"M",4.31333333333333,179.433333333333
25,"M",4.20222222222222,179.433333333333
33,"F",4.04777777777778,179.45
37,"M",4.19833333333333,179.45
36,"M",4.18055555555556,179.466666666667
56,"M",4.11944444444444,179.466666666667
29,"M",4.17888888888889,179.466666666667
36,"M",4.21777777777778,179.466666666667
46,"M",4.17333333333333,179.466666666667
43,"M",4.21944444444444,179.483333333333
38,"M",4.22555555555556,179.483333333333
30,"F",4.27333333333333,179.483333333333
35,"M",4.13777777777778,179.5
34,"M",4.21777777777778,179.5
39,"M",4.25833333333333,179.5
46,"M",4.23944444444444,179.5
33,"M",4.23666666666667,179.5
41,"M",4.22055555555556,179.5
37,"M",4.23388888888889,179.516666666667
26,"M",4.185,179.516666666667
41,"M",4.17777777777778,179.516666666667
39,"M",4.24388888888889,179.516666666667
43,"M",4.26111111111111,179.533333333333
33,"M",4.21333333333333,179.533333333333
30,"M",4.04166666666667,179.533333333333
46,"M",4.17166666666667,179.533333333333
56,"M",4.20111111111111,179.533333333333
27,"M",4.15,179.533333333333
34,"M",4.17888888888889,179.533333333333
49,"M",4.24222222222222,179.533333333333
35,"M",4.23555555555556,179.55
34,"M",4.26277777777778,179.55
21,"M",4.33,179.55
52,"M",4.32277777777778,179.55
39,"M",4.27111111111111,179.55
23,"M",4.17888888888889,179.566666666667
27,"M",4.04388888888889,179.566666666667
45,"M",4.24222222222222,179.566666666667
31,"M",4.31111111111111,179.566666666667
41,"M",4.27055555555556,179.583333333333
42,"M",4.19722222222222,179.583333333333
43,"M",4.29111111111111,179.583333333333
31,"M",4.16444444444444,179.6
38,"M",4.19277777777778,179.6
46,"M",4.30666666666667,179.6
24,"M",4.00555555555556,179.6
29,"M",4.29333333333333,179.616666666667
30,"M",4.27611111111111,179.616666666667
41,"M",4.21,179.616666666667
42,"M",4.27444444444444,179.633333333333
37,"M",4.21222222222222,179.633333333333
32,"M",4.15722222222222,179.633333333333
45,"M",4.18777777777778,179.633333333333
39,"M",4.27611111111111,179.65
42,"M",4.255,179.65
37,"M",4.26388888888889,179.65
28,"M",4.22611111111111,179.65
40,"M",4.23777777777778,179.65
30,"M",4.19388888888889,179.65
51,"M",4.26777777777778,179.65
45,"M",4.20166666666667,179.666666666667
46,"M",4.29722222222222,179.666666666667
21,"M",4.23888888888889,179.666666666667
33,"M",4.10944444444444,179.666666666667
27,"M",3.95055555555556,179.683333333333
26,"M",4.21555555555556,179.683333333333
23,"F",4.29666666666667,179.683333333333
46,"M",4.26277777777778,179.683333333333
43,"M",4.26722222222222,179.683333333333
38,"M",4.24111111111111,179.7
43,"M",4.14722222222222,179.7
36,"M",4.26055555555556,179.7
50,"M",4.20833333333333,179.7
56,"M",4.15944444444444,179.716666666667
41,"M",4.21611111111111,179.716666666667
36,"M",4.19888888888889,179.733333333333
35,"M",4.19222222222222,179.733333333333
34,"M",4.14611111111111,179.733333333333
25,"M",3.93777777777778,179.733333333333
40,"F",4.23611111111111,179.733333333333
33,"M",4.21333333333333,179.75
37,"M",4.21611111111111,179.75
49,"M",4.19166666666667,179.75
42,"M",4.18555555555556,179.75
43,"M",4.20666666666667,179.75
25,"M",4.25277777777778,179.766666666667
35,"M",4.23388888888889,179.766666666667
33,"M",4.20833333333333,179.766666666667
42,"M",4.25444444444444,179.766666666667
35,"M",4.23555555555556,179.766666666667
34,"M",4.23777777777778,179.766666666667
31,"M",4.09944444444444,179.766666666667
42,"M",4.14055555555556,179.766666666667
46,"M",4.23388888888889,179.783333333333
40,"M",4.22833333333333,179.783333333333
31,"M",4.19555555555556,179.8
51,"M",4.23055555555556,179.8
27,"M",4.25833333333333,179.8
34,"M",4.14666666666667,179.8
38,"M",4.23277777777778,179.8
35,"M",4.27722222222222,179.816666666667
29,"F",4.16944444444444,179.816666666667
29,"M",4.30055555555556,179.816666666667
43,"M",4.23166666666667,179.816666666667
40,"M",4.30611111111111,179.816666666667
32,"M",4.19888888888889,179.833333333333
41,"M",4.23833333333333,179.833333333333
34,"M",4.25611111111111,179.833333333333
44,"M",3.95444444444444,179.833333333333
23,"M",4.29666666666667,179.85
39,"M",4.19222222222222,179.85
42,"M",4.18722222222222,179.85
47,"M",4.16666666666667,179.85
42,"M",4.27611111111111,179.866666666667
53,"M",4.24722222222222,179.866666666667
40,"M",4.2,179.866666666667
43,"M",4.24777777777778,179.866666666667
32,"M",4.01055555555556,179.866666666667
33,"M",4.235,179.866666666667
36,"M",4.27,179.866666666667
38,"F",4.20666666666667,179.866666666667
48,"M",4.22388888888889,179.883333333333
25,"F",4.25444444444444,179.883333333333
42,"M",4.24222222222222,179.883333333333
41,"M",4.24444444444444,179.883333333333
38,"M",4.13611111111111,179.883333333333
35,"M",4.12722222222222,179.9
37,"M",4.31166666666667,179.9
30,"M",4.12777777777778,179.916666666667
32,"M",4.185,179.916666666667
38,"M",4.265,179.916666666667
22,"M",4.18888888888889,179.933333333333
31,"M",4.28055555555556,179.933333333333
34,"M",4.14722222222222,179.933333333333
36,"M",4.23055555555556,179.933333333333
45,"M",4.18111111111111,179.933333333333
46,"M",4.23055555555556,179.95
39,"M",4.22333333333333,179.95
39,"M",4.22,179.95
39,"M",4.20944444444444,179.95
28,"M",3.47611111111111,179.966666666667
45,"M",4.075,179.966666666667
34,"F",4.22944444444444,179.966666666667
33,"F",4.27055555555556,179.983333333333
58,"M",4.20277777777778,179.983333333333
31,"M",4.27722222222222,179.983333333333
36,"M",4.28777777777778,179.983333333333
27,"M",4.22833333333333,180
35,"M",4.22555555555556,180
30,"M",4.31944444444444,180
44,"M",4.24888888888889,180
49,"M",4.26222222222222,180
39,"M",4.21888888888889,180
38,"M",4.20888888888889,180
32,"M",4.22555555555556,180
31,"M",4.00333333333333,180
44,"M",4.05111111111111,180.016666666667
44,"M",4.31722222222222,180.016666666667
35,"M",4.22111111111111,180.033333333333
27,"M",3.96888888888889,180.05
24,"M",4.11388888888889,180.05
39,"M",4.16,180.05
52,"M",4.29,180.05
43,"M",4.26277777777778,180.066666666667
31,"M",4.26166666666667,180.066666666667
38,"M",4.23944444444444,180.066666666667
24,"M",4.19333333333333,180.066666666667
39,"M",4.24277777777778,180.083333333333
36,"M",4.27111111111111,180.083333333333
34,"M",4.18444444444444,180.083333333333
57,"M",4.20166666666667,180.1
29,"M",4.23388888888889,180.116666666667
48,"M",4.28,180.116666666667
55,"M",4.26,180.116666666667
30,"M",4.19277777777778,180.116666666667
34,"M",4.18666666666667,180.116666666667
55,"M",4.20555555555556,180.133333333333
33,"M",4.31388888888889,180.133333333333
36,"M",4.25833333333333,180.133333333333
30,"M",4.18722222222222,180.133333333333
36,"M",4.16111111111111,180.133333333333
36,"M",4.15666666666667,180.133333333333
33,"M",4.155,180.133333333333
40,"M",4.23722222222222,180.15
38,"M",4.25722222222222,180.15
37,"M",4.26944444444444,180.15
39,"M",4.11333333333333,180.15
46,"M",4.20722222222222,180.15
25,"M",4.08611111111111,180.15
23,"F",4.28388888888889,180.15
30,"M",4.25055555555556,180.166666666667
35,"M",4.29055555555556,180.183333333333
32,"M",4.275,180.183333333333
25,"M",4.30777777777778,180.183333333333
25,"M",4.25944444444444,180.2
47,"M",4.26166666666667,180.2
48,"M",4.24777777777778,180.2
40,"M",4.21222222222222,180.2
47,"M",4.23,180.2
22,"F",4.10166666666667,180.216666666667
37,"M",4.17666666666667,180.216666666667
34,"M",4.28055555555556,180.216666666667
32,"M",4.15777777777778,180.216666666667
54,"M",4.22333333333333,180.233333333333
48,"M",4.30055555555556,180.233333333333
29,"M",4.16277777777778,180.25
33,"F",4.16333333333333,180.25
44,"M",4.31166666666667,180.25
41,"M",4.27555555555556,180.25
46,"M",4.10333333333333,180.25
33,"M",4.28611111111111,180.25
37,"M",4.19833333333333,180.266666666667
45,"M",4.26333333333333,180.266666666667
53,"M",4.28277777777778,180.266666666667
38,"M",4.21944444444444,180.266666666667
36,"M",4.23277777777778,180.283333333333
46,"M",4.27555555555556,180.283333333333
29,"M",4.23333333333333,180.283333333333
29,"M",4.35055555555556,180.283333333333
45,"M",4.25611111111111,180.283333333333
28,"M",4.25111111111111,180.3
40,"M",4.16666666666667,180.3
40,"M",4.19944444444444,180.3
33,"M",4.28111111111111,180.3
37,"M",4.26111111111111,180.316666666667
38,"M",4.20277777777778,180.316666666667
29,"M",4.325,180.316666666667
30,"F",4.28111111111111,180.316666666667
36,"M",4.25555555555556,180.333333333333
37,"M",4.31611111111111,180.333333333333
33,"M",4.23944444444444,180.333333333333
37,"M",4.20888888888889,180.333333333333
26,"M",4.28388888888889,180.333333333333
45,"M",4.26333333333333,180.333333333333
39,"M",4.25555555555556,180.333333333333
35,"M",4.195,180.333333333333
41,"M",4.19944444444444,180.35
30,"M",4.17388888888889,180.35
47,"M",4.18166666666667,180.35
41,"M",4.23055555555556,180.35
20,"M",4.18722222222222,180.35
35,"M",4.21222222222222,180.35
21,"M",4.18777777777778,180.366666666667
32,"M",4.25777777777778,180.366666666667
40,"M",4.285,180.366666666667
30,"M",4.20222222222222,180.366666666667
41,"M",4.20611111111111,180.366666666667
32,"M",4.27666666666667,180.383333333333
32,"M",4.11888888888889,180.383333333333
34,"M",4.31555555555556,180.383333333333
37,"M",4.31222222222222,180.4
39,"M",4.26444444444444,180.4
35,"F",4.30833333333333,180.4
25,"M",4.115,180.4
39,"M",4.205,180.4
48,"M",4.28833333333333,180.433333333333
52,"M",4.26333333333333,180.433333333333
36,"M",4.18111111111111,180.433333333333
50,"M",4.20166666666667,180.433333333333
51,"M",4.27055555555556,180.45
26,"M",4.00944444444444,180.45
31,"M",4.17222222222222,180.45
27,"M",4.27944444444444,180.466666666667
32,"M",4.21777777777778,180.466666666667
39,"M",4.255,180.483333333333
27,"F",4.23,180.483333333333
32,"M",4.29944444444444,180.5
30,"M",4.26611111111111,180.5
28,"M",4.11944444444444,180.533333333333
43,"M",4.28111111111111,180.533333333333
28,"M",4.28277777777778,180.55
29,"M",4.12,180.55
46,"M",4.22111111111111,180.566666666667
29,"M",4.22611111111111,180.583333333333
43,"M",4.30277777777778,180.583333333333
33,"M",4.20888888888889,180.6
20,"M",4.27888888888889,180.6
44,"M",4.22,180.616666666667
30,"M",4.23722222222222,180.616666666667
33,"M",4.32611111111111,180.616666666667
56,"M",4.24888888888889,180.616666666667
28,"M",4.16333333333333,180.633333333333
38,"M",4.33444444444444,180.633333333333
37,"M",3.94666666666667,180.633333333333
28,"F",4.23388888888889,180.633333333333
25,"M",4.21166666666667,180.65
43,"M",4.28222222222222,180.65
57,"M",4.20222222222222,180.65
44,"M",4.28222222222222,180.65
37,"M",4.30777777777778,180.666666666667
41,"M",4.23388888888889,180.683333333333
40,"M",4.08722222222222,180.7
31,"M",4.18388888888889,180.7
33,"M",4.24,180.7
40,"M",4.28666666666667,180.7
27,"F",4.25722222222222,180.7
31,"M",4.34555555555556,180.7
39,"M",4.25666666666667,180.7
35,"M",4.28722222222222,180.716666666667
37,"M",4.24,180.716666666667
36,"M",4.28722222222222,180.716666666667
29,"M",4.21,180.716666666667
33,"M",4.16388888888889,180.716666666667
34,"M",4.24444444444444,180.733333333333
32,"M",4.22333333333333,180.733333333333
28,"M",4.28055555555556,180.75
37,"M",4.275,180.75
28,"M",4.26666666666667,180.766666666667
24,"M",4.12833333333333,180.766666666667
44,"M",4.25055555555556,180.766666666667
40,"F",4.30166666666667,180.766666666667
48,"M",4.27055555555556,180.766666666667
53,"M",4.27611111111111,180.766666666667
41,"M",4.23222222222222,180.766666666667
21,"M",4.135,180.783333333333
31,"M",4.20388888888889,180.783333333333
46,"M",4.16111111111111,180.783333333333
39,"F",4.27944444444444,180.8
29,"F",4.15055555555556,180.816666666667
36,"M",4.19277777777778,180.816666666667
38,"M",4.18666666666667,180.816666666667
27,"M",4.25333333333333,180.833333333333
57,"M",4.22777777777778,180.85
41,"M",4.27444444444444,180.85
31,"M",4.255,180.85
40,"M",4.32277777777778,180.85
37,"M",4.10111111111111,180.866666666667
27,"M",4.17611111111111,180.866666666667
53,"M",4.24388888888889,180.866666666667
44,"M",4.205,180.866666666667
37,"M",4.28388888888889,180.866666666667
44,"M",4.19611111111111,180.883333333333
32,"M",4.28388888888889,180.883333333333
38,"M",4.19222222222222,180.9
40,"M",4.09888888888889,180.9
38,"M",4.23888888888889,180.9
39,"M",4.27444444444444,180.916666666667
29,"M",4.22222222222222,180.916666666667
47,"M",4.15111111111111,180.916666666667
44,"M",4.25222222222222,180.916666666667
37,"M",4.17,180.933333333333
52,"M",4.19611111111111,180.933333333333
35,"M",4.27444444444444,180.933333333333
41,"M",4.03722222222222,180.95
40,"M",4.30444444444444,180.966666666667
30,"M",4.17611111111111,180.966666666667
24,"M",4.30888888888889,180.966666666667
54,"M",4.25222222222222,180.983333333333
25,"M",4.22333333333333,181
33,"M",4.28833333333333,181
43,"M",4.28611111111111,181
30,"M",4.255,181.016666666667
24,"F",4.19888888888889,181.016666666667
26,"M",4.31722222222222,181.016666666667
25,"F",4.20111111111111,181.033333333333
47,"M",4.24333333333333,181.033333333333
33,"M",4.29388888888889,181.033333333333
35,"F",4.13555555555556,181.05
21,"M",4.175,181.05
42,"M",4.17222222222222,181.05
29,"M",4.25666666666667,181.066666666667
27,"M",4.17222222222222,181.066666666667
38,"M",4.27111111111111,181.083333333333
34,"M",4.09277777777778,181.083333333333
30,"M",4.30277777777778,181.1
44,"M",4.20222222222222,181.1
40,"M",4.26944444444444,181.1
21,"M",4.28666666666667,181.1
45,"M",4.31888888888889,181.1
29,"M",4.31611111111111,181.1
40,"M",4.20166666666667,181.116666666667
33,"M",4.20277777777778,181.116666666667
29,"M",4.17722222222222,181.116666666667
40,"M",4.31277777777778,181.133333333333
42,"M",4.23555555555556,181.133333333333
46,"M",4.22555555555556,181.133333333333
36,"M",4.29888888888889,181.133333333333
35,"M",4.29,181.15
39,"M",4.27833333333333,181.15
24,"M",4.20666666666667,181.15
28,"M",4.22944444444444,181.15
32,"M",4.27166666666667,181.15
39,"M",4.24388888888889,181.15
41,"M",3.96944444444444,181.166666666667
57,"M",4.27111111111111,181.166666666667
43,"M",4.22833333333333,181.166666666667
48,"M",4.25277777777778,181.183333333333
42,"M",4.25,181.2
35,"M",4.27,181.2
31,"M",4.21055555555556,181.2
36,"M",4.19166666666667,181.2
41,"M",4.12888888888889,181.2
33,"M",4.25388888888889,181.216666666667
41,"M",4.18388888888889,181.216666666667
31,"M",4.23833333333333,181.233333333333
25,"F",4.22055555555556,181.233333333333
51,"M",4.21111111111111,181.233333333333
29,"M",4.27222222222222,181.233333333333
45,"M",4.22722222222222,181.233333333333
33,"M",4.28,181.25
33,"M",4.26611111111111,181.25
43,"M",4.26555555555556,181.266666666667
39,"M",4.25833333333333,181.266666666667
40,"M",4.29333333333333,181.266666666667
40,"M",4.285,181.266666666667
31,"M",4.20888888888889,181.3
40,"M",4.33,181.3
23,"M",4.21388888888889,181.3
34,"M",4.19833333333333,181.3
42,"M",4.29944444444444,181.3
53,"M",4.24333333333333,181.316666666667
42,"M",4.20333333333333,181.316666666667
43,"M",4.16333333333333,181.316666666667
35,"M",4.21277777777778,181.316666666667
44,"M",4.29833333333333,181.316666666667
31,"M",4.26222222222222,181.333333333333
54,"M",4.22277777777778,181.35
39,"M",4.25666666666667,181.366666666667
34,"M",4.23777777777778,181.366666666667
47,"M",4.22777777777778,181.383333333333
32,"M",4.23,181.383333333333
27,"M",4.11777777777778,181.383333333333
39,"F",4.26944444444444,181.383333333333
32,"M",4.13388888888889,181.383333333333
52,"M",4.24388888888889,181.383333333333
32,"M",4.22055555555556,181.383333333333
54,"M",4.28111111111111,181.4
41,"M",4.38777777777778,181.4
37,"M",4.29111111111111,181.416666666667
52,"M",4.23611111111111,181.416666666667
44,"M",4.23222222222222,181.416666666667
44,"M",4.24166666666667,181.416666666667
31,"F",4.24888888888889,181.433333333333
24,"M",4.19888888888889,181.433333333333
28,"M",4.32333333333333,181.45
27,"M",4.17833333333333,181.45
26,"F",4.30277777777778,181.45
35,"M",4.28944444444444,181.45
46,"M",4.12666666666667,181.466666666667
37,"M",4.275,181.483333333333
31,"M",4.34944444444444,181.5
44,"M",4.27888888888889,181.5
19,"M",4.25,181.5
45,"F",4.24444444444444,181.5
28,"M",4.23666666666667,181.516666666667
34,"M",4.21888888888889,181.516666666667
39,"M",4.07111111111111,181.516666666667
53,"M",4.19444444444444,181.533333333333
44,"M",4.33833333333333,181.55
46,"M",4.17944444444444,181.566666666667
34,"M",4.14,181.566666666667
30,"M",4.54944444444444,181.566666666667
55,"M",4.19722222222222,181.583333333333
36,"M",4.21555555555556,181.583333333333
20,"M",4.08166666666667,181.583333333333
36,"M",4.16944444444444,181.6
48,"M",4.22777777777778,181.6
31,"M",3.78555555555556,181.6
38,"M",4.21222222222222,181.616666666667
30,"F",4.22333333333333,181.616666666667
26,"M",4.26444444444444,181.633333333333
27,"M",4.34555555555556,181.633333333333
49,"M",4.09222222222222,181.633333333333
39,"M",4.28055555555556,181.633333333333
24,"M",3.91777777777778,181.65
43,"M",4.27833333333333,181.65
50,"M",4.22166666666667,181.65
47,"M",4.255,181.65
36,"M",4.30055555555556,181.65
32,"M",4.29722222222222,181.65
19,"F",4.33555555555556,181.666666666667
28,"F",4.25388888888889,181.666666666667
42,"M",4.17722222222222,181.666666666667
46,"M",4.25777777777778,181.683333333333
36,"F",4.16944444444444,181.683333333333
27,"M",4.14111111111111,181.683333333333
61,"M",4.22277777777778,181.683333333333
38,"M",4.21666666666667,181.7
56,"M",4.19166666666667,181.7
27,"M",4.17833333333333,181.7
26,"F",4.30055555555556,181.7
42,"M",4.24055555555556,181.716666666667
38,"M",4.17666666666667,181.716666666667
34,"M",4.30444444444444,181.733333333333
23,"F",4.28666666666667,181.75
47,"M",4.21277777777778,181.75
35,"M",4.26388888888889,181.75
43,"M",4.15722222222222,181.766666666667
33,"M",4.27388888888889,181.783333333333
32,"M",4.28388888888889,181.8
47,"F",4.27166666666667,181.8
35,"M",4.18666666666667,181.816666666667
52,"M",4.35444444444444,181.816666666667
33,"M",4.19333333333333,181.833333333333
32,"M",4.32888888888889,181.833333333333
56,"M",4.22888888888889,181.833333333333
33,"F",4.31833333333333,181.85
34,"M",4.28888888888889,181.85
27,"F",4.28166666666667,181.85
34,"M",4.29166666666667,181.866666666667
42,"M",4.22611111111111,181.866666666667
33,"M",4.27777777777778,181.866666666667
45,"M",4.26888888888889,181.866666666667
44,"M",4.25111111111111,181.866666666667
32,"M",4.30555555555556,181.866666666667
38,"M",4.28055555555556,181.883333333333
39,"M",4.22944444444444,181.883333333333
36,"M",4.25444444444444,181.883333333333
37,"M",4.23055555555556,181.883333333333
25,"M",4.31833333333333,181.883333333333
51,"M",4.16722222222222,181.9
31,"M",4.24944444444444,181.9
38,"M",4.31277777777778,181.9
33,"M",4.34333333333333,181.9
43,"M",4.33666666666667,181.9
39,"M",4.25833333333333,181.916666666667
45,"M",4.25222222222222,181.916666666667
38,"M",4.16,181.916666666667
31,"F",4.23388888888889,181.916666666667
32,"M",4.24444444444444,181.933333333333
37,"M",4.295,181.933333333333
36,"M",4.17277777777778,181.933333333333
50,"M",4.29277777777778,181.933333333333
24,"M",3.96777777777778,181.95
21,"M",4.27555555555556,181.95
29,"M",4.26611111111111,181.95
29,"M",4.305,181.95
19,"M",4.02,181.966666666667
37,"M",4.26444444444444,181.966666666667
39,"M",4.05555555555556,181.966666666667
22,"M",4.19111111111111,181.966666666667
33,"M",4.27833333333333,181.983333333333
35,"M",4.12833333333333,181.983333333333
30,"M",4.25055555555556,182
27,"M",4.25222222222222,182
43,"M",4.29888888888889,182
33,"M",4.27722222222222,182.016666666667
36,"M",4.29222222222222,182.016666666667
40,"M",4.26,182.033333333333
36,"M",4.24722222222222,182.033333333333
28,"M",4.21222222222222,182.033333333333
23,"M",4.30555555555556,182.05
26,"F",4.32666666666667,182.066666666667
27,"M",4.22277777777778,182.066666666667
35,"M",4.19111111111111,182.066666666667
33,"M",4.18333333333333,182.066666666667
25,"F",4.24611111111111,182.066666666667
45,"M",4.24055555555556,182.066666666667
30,"M",4.38666666666667,182.083333333333
36,"M",4.26722222222222,182.083333333333
26,"M",4.29722222222222,182.083333333333
29,"M",4.30888888888889,182.083333333333
38,"M",4.47333333333333,182.083333333333
26,"M",4.06611111111111,182.1
37,"M",4.21888888888889,182.1
34,"M",4.25777777777778,182.1
46,"M",4.30722222222222,182.1
28,"M",4.22111111111111,182.1
23,"M",4.29444444444445,182.116666666667
39,"F",4.19055555555556,182.116666666667
39,"M",4.16888888888889,182.116666666667
34,"M",4.22333333333333,182.133333333333
39,"M",4.28833333333333,182.133333333333
34,"M",3.95055555555556,182.133333333333
45,"M",4.29222222222222,182.133333333333
33,"M",4.3,182.133333333333
41,"M",4.29166666666667,182.15
25,"M",4.36833333333333,182.166666666667
32,"M",4.28666666666667,182.166666666667
42,"M",4.21833333333333,182.166666666667
27,"M",4.28722222222222,182.166666666667
51,"M",4.26777777777778,182.166666666667
45,"M",4.29333333333333,182.166666666667
33,"M",4.25444444444444,182.183333333333
51,"M",4.18888888888889,182.183333333333
43,"M",4.20277777777778,182.2
33,"M",4.16388888888889,182.2
22,"M",4.26166666666667,182.216666666667
29,"M",4.05666666666667,182.216666666667
31,"M",4.36555555555556,182.216666666667
30,"M",4.20111111111111,182.216666666667
36,"M",4.28333333333333,182.233333333333
52,"M",4.10277777777778,182.233333333333
40,"M",4.28555555555556,182.233333333333
49,"M",4.30388888888889,182.233333333333
31,"F",4.28777777777778,182.233333333333
51,"M",4.21722222222222,182.25
34,"F",4.26444444444444,182.25
29,"M",4.29777777777778,182.266666666667
33,"M",4.19944444444444,182.266666666667
42,"M",4.21666666666667,182.266666666667
35,"M",4.32111111111111,182.283333333333
36,"M",4.34111111111111,182.283333333333
47,"M",4.29555555555556,182.283333333333
36,"M",4.21111111111111,182.283333333333
51,"M",4.29111111111111,182.283333333333
33,"M",4.24,182.283333333333
53,"M",4.29722222222222,182.3
30,"M",4.29777777777778,182.3
37,"M",4.24833333333333,182.316666666667
41,"M",4.31277777777778,182.316666666667
29,"M",4.32611111111111,182.316666666667
46,"M",4.30777777777778,182.316666666667
30,"M",4.07277777777778,182.333333333333
37,"M",4.25055555555556,182.35
37,"M",4.22666666666667,182.35
26,"M",4.07222222222222,182.35
32,"M",4.13166666666667,182.35
28,"M",4.31166666666667,182.366666666667
36,"M",4.11,182.383333333333
30,"M",4.25944444444444,182.383333333333
56,"M",4.29277777777778,182.383333333333
34,"M",4.35166666666667,182.383333333333
34,"M",4.23833333333333,182.383333333333
44,"M",4.3,182.383333333333
45,"M",4.24611111111111,182.4
29,"M",4.13777777777778,182.4
31,"M",4.26611111111111,182.4
25,"M",4.15611111111111,182.4
36,"M",4.33722222222222,182.4
46,"M",4.32166666666667,182.4
37,"M",4.265,182.4
37,"M",4.32611111111111,182.416666666667
45,"M",4.30333333333333,182.416666666667
25,"M",4.30888888888889,182.416666666667
36,"M",4.27111111111111,182.416666666667
40,"M",4.26277777777778,182.433333333333
37,"M",4.26944444444444,182.433333333333
41,"M",4.29055555555556,182.45
33,"M",4.25166666666667,182.466666666667
30,"F",4.28555555555556,182.466666666667
39,"M",4.23666666666667,182.466666666667
29,"M",4.21055555555556,182.483333333333
45,"M",4.11444444444444,182.483333333333
44,"M",4.22388888888889,182.5
47,"M",4.27666666666667,182.5
45,"M",4.29833333333333,182.533333333333
37,"M",4.305,182.55
32,"M",4.36611111111111,182.55
43,"M",4.225,182.55
22,"M",4.17,182.55
44,"M",4.27,182.566666666667
29,"M",4.01055555555556,182.566666666667
27,"M",4.25888888888889,182.583333333333
41,"F",4.31444444444444,182.6
26,"F",4.26277777777778,182.6
29,"F",4.25444444444444,182.6
26,"F",4.27277777777778,182.616666666667
43,"M",4.18555555555556,182.616666666667
44,"M",4.29777777777778,182.616666666667
31,"M",4.35944444444444,182.616666666667
35,"F",4.22,182.616666666667
27,"M",4.27666666666667,182.616666666667
44,"M",4.26055555555556,182.633333333333
23,"M",4.27611111111111,182.633333333333
49,"M",4.31777777777778,182.633333333333
37,"M",4.30722222222222,182.633333333333
36,"M",4.18888888888889,182.65
25,"M",4.28555555555556,182.65
34,"F",4.31777777777778,182.65
32,"M",4.27666666666667,182.65
41,"M",4.25888888888889,182.65
29,"M",4.18277777777778,182.65
45,"M",4.29222222222222,182.666666666667
25,"M",4.35222222222222,182.666666666667
42,"M",4.30666666666667,182.666666666667
54,"M",4.26055555555556,182.666666666667
44,"M",4.26777777777778,182.666666666667
31,"F",4.30222222222222,182.683333333333
38,"M",3.96888888888889,182.683333333333
50,"M",4.15777777777778,182.683333333333
50,"M",4.25777777777778,182.683333333333
41,"M",4.29222222222222,182.683333333333
59,"M",4.29055555555556,182.683333333333
43,"M",4.28944444444444,182.683333333333
35,"M",4.25388888888889,182.7
38,"M",4.28111111111111,182.7
51,"M",4.30166666666667,182.716666666667
54,"M",4.18222222222222,182.716666666667
31,"M",3.96055555555556,182.716666666667
24,"M",4.205,182.716666666667
29,"M",4.35222222222222,182.733333333333
39,"M",4.25111111111111,182.733333333333
30,"M",4.27277777777778,182.733333333333
43,"M",4.28666666666667,182.75
27,"F",4.20444444444444,182.75
39,"M",4.24,182.766666666667
33,"M",4.21555555555556,182.766666666667
43,"M",4.28055555555556,182.766666666667
38,"M",4.29611111111111,182.766666666667
47,"M",4.31111111111111,182.783333333333
41,"F",4.28166666666667,182.783333333333
32,"M",4.31944444444444,182.783333333333
41,"M",4.27111111111111,182.783333333333
25,"F",4.24666666666667,182.783333333333
31,"M",4.23277777777778,182.783333333333
39,"M",4.31111111111111,182.783333333333
29,"M",4.28055555555556,182.8
43,"M",4.19833333333333,182.816666666667
43,"M",4.30722222222222,182.816666666667
47,"M",4.23888888888889,182.816666666667
28,"M",4.27888888888889,182.816666666667
30,"F",4.28444444444444,182.85
49,"M",4.11333333333333,182.85
32,"M",4.27166666666667,182.866666666667
46,"M",4.21611111111111,182.866666666667
41,"M",4.34333333333333,182.866666666667
42,"M",4.34388888888889,182.866666666667
35,"M",4.295,182.866666666667
35,"M",4.27722222222222,182.883333333333
38,"M",4.215,182.883333333333
43,"M",4.06111111111111,182.883333333333
39,"M",4.33444444444444,182.883333333333
52,"M",4.225,182.9
38,"M",4.24833333333333,182.916666666667
31,"M",4.27388888888889,182.916666666667
23,"M",4.30888888888889,182.916666666667
38,"M",4.28222222222222,182.916666666667
38,"M",4.25888888888889,182.933333333333
46,"M",4.29611111111111,182.933333333333
36,"M",4.27388888888889,182.933333333333
53,"M",4.25444444444444,182.95
39,"F",4.34722222222222,182.95
27,"M",4.24333333333333,182.95
46,"M",4.25333333333333,182.95
48,"M",4.21222222222222,182.966666666667
33,"M",4.28,182.966666666667
29,"M",4.32222222222222,182.966666666667
36,"M",4.29611111111111,182.983333333333
38,"M",4.32277777777778,182.983333333333
37,"M",4.06944444444444,182.983333333333
48,"M",4.33,182.983333333333
41,"M",4.21611111111111,182.983333333333
31,"M",4.30388888888889,183
42,"M",4.21944444444444,183
38,"M",4.25055555555556,183.016666666667
43,"F",4.33388888888889,183.016666666667
29,"M",4.24222222222222,183.016666666667
25,"M",4.21888888888889,183.016666666667
45,"M",4.30388888888889,183.016666666667
43,"M",4.29111111111111,183.016666666667
49,"M",4.26111111111111,183.016666666667
34,"M",4.26944444444444,183.033333333333
34,"M",4.25,183.033333333333
44,"M",4.28777777777778,183.05
32,"F",4.29777777777778,183.05
32,"M",4.23833333333333,183.05
44,"M",4.39,183.066666666667
40,"M",4.28555555555556,183.066666666667
37,"M",4.24444444444444,183.083333333333
28,"M",4.34111111111111,183.083333333333
32,"M",4.19277777777778,183.1
40,"M",4.32333333333333,183.1
38,"M",4.28666666666667,183.1
46,"M",4.28611111111111,183.1
19,"M",4.17555555555556,183.1
33,"M",4.24777777777778,183.116666666667
23,"M",4.22444444444444,183.116666666667
39,"M",4.30888888888889,183.116666666667
38,"M",4.35166666666667,183.133333333333
57,"M",4.34666666666667,183.15
53,"M",4.26555555555556,183.15
24,"M",4.24611111111111,183.15
28,"M",4.34111111111111,183.15
38,"M",4.30333333333333,183.166666666667
39,"M",4.27333333333333,183.183333333333
28,"M",4.29666666666667,183.2
36,"M",4.23777777777778,183.2
41,"M",4.27611111111111,183.2
41,"M",4.23888888888889,183.216666666667
37,"M",4.30666666666667,183.216666666667
29,"F",4.18944444444444,183.216666666667
27,"F",4.22166666666667,183.216666666667
33,"M",4.32277777777778,183.216666666667
55,"M",4.29166666666667,183.233333333333
33,"M",4.305,183.266666666667
59,"M",4.28722222222222,183.266666666667
44,"M",4.28444444444444,183.266666666667
36,"M",4.32166666666667,183.283333333333
56,"M",4.31166666666667,183.283333333333
28,"M",4.26,183.283333333333
30,"M",4.14777777777778,183.283333333333
42,"M",4.27833333333333,183.283333333333
43,"M",4.29611111111111,183.283333333333
22,"M",4.23,183.283333333333
47,"M",4.31111111111111,183.283333333333
33,"M",4.25444444444444,183.3
29,"M",4.33277777777778,183.3
35,"M",4.325,183.316666666667
33,"M",4.325,183.316666666667
22,"M",4.03833333333333,183.316666666667
31,"M",4.30666666666667,183.316666666667
40,"M",4.26833333333333,183.333333333333
40,"M",4.26833333333333,183.333333333333
39,"M",4.23333333333333,183.35
42,"M",4.23444444444444,183.366666666667
35,"M",4.32333333333333,183.366666666667
20,"M",4.33,183.366666666667
36,"M",4.27111111111111,183.366666666667
35,"M",4.05611111111111,183.366666666667
52,"M",4.27555555555556,183.366666666667
28,"M",4.07555555555556,183.383333333333
55,"M",4.23611111111111,183.383333333333
35,"M",4.30611111111111,183.4
26,"M",4.06611111111111,183.416666666667
36,"M",4.325,183.416666666667
26,"F",4.365,183.416666666667
40,"M",4.35333333333333,183.416666666667
43,"M",4.35333333333333,183.416666666667
46,"M",4.26277777777778,183.433333333333
29,"M",4.33166666666667,183.433333333333
42,"M",4.315,183.433333333333
39,"M",4.07222222222222,183.45
30,"M",4.18222222222222,183.45
50,"M",4.28222222222222,183.45
37,"M",4.33666666666667,183.466666666667
26,"F",4.13222222222222,183.466666666667
36,"M",4.21888888888889,183.466666666667
50,"M",4.30333333333333,183.483333333333
31,"F",4.34166666666667,183.483333333333
27,"F",4.40111111111111,183.483333333333
24,"M",4.07055555555556,183.5
45,"M",4.29833333333333,183.5
28,"M",4.39611111111111,183.5
43,"M",4.36888888888889,183.516666666667
43,"M",3.835,183.516666666667
28,"M",4.07666666666667,183.516666666667
28,"M",4.33722222222222,183.516666666667
40,"M",4.31833333333333,183.533333333333
45,"M",4.26944444444444,183.533333333333
37,"M",4.22555555555556,183.533333333333
36,"M",4.28222222222222,183.533333333333
28,"M",4.22888888888889,183.533333333333
52,"M",4.37,183.533333333333
48,"M",4.30666666666667,183.55
43,"M",4.26777777777778,183.55
30,"M",4.30055555555556,183.566666666667
38,"M",4.22055555555556,183.566666666667
32,"M",4.30722222222222,183.566666666667
29,"F",4.22944444444444,183.566666666667
36,"M",4.31277777777778,183.566666666667
28,"F",4.36166666666667,183.583333333333
53,"M",4.285,183.583333333333
31,"M",4.30111111111111,183.6
41,"M",4.34444444444444,183.6
32,"M",4.285,183.6
39,"F",4.32055555555556,183.616666666667
22,"F",4.19833333333333,183.616666666667
45,"M",4.35555555555556,183.633333333333
26,"M",4.13777777777778,183.633333333333
22,"M",4.31111111111111,183.633333333333
38,"M",4.36222222222222,183.633333333333
26,"M",4.31611111111111,183.633333333333
50,"M",4.33166666666667,183.633333333333
31,"M",4.07277777777778,183.633333333333
40,"M",4.20277777777778,183.633333333333
47,"M",4.22944444444444,183.65
39,"M",4.31888888888889,183.666666666667
38,"M",4.195,183.666666666667
35,"M",4.29388888888889,183.683333333333
36,"M",4.27611111111111,183.683333333333
49,"M",4.26222222222222,183.683333333333
21,"M",4.20777777777778,183.7
39,"M",4.35611111111111,183.7
36,"M",4.15055555555556,183.716666666667
45,"M",4.25111111111111,183.716666666667
38,"M",4.29777777777778,183.733333333333
47,"M",4.29611111111111,183.733333333333
29,"M",4.31555555555556,183.733333333333
27,"F",4.32833333333333,183.733333333333
53,"M",4.22166666666667,183.733333333333
48,"M",4.26444444444444,183.733333333333
35,"M",4.20388888888889,183.733333333333
21,"M",4.13055555555556,183.733333333333
35,"F",4.26222222222222,183.733333333333
28,"M",4.20555555555556,183.75
27,"M",4.25388888888889,183.75
31,"M",4.33888888888889,183.75
42,"F",4.30944444444444,183.75
41,"M",4.36777777777778,183.766666666667
36,"M",4.27611111111111,183.766666666667
42,"M",4.30666666666667,183.766666666667
30,"M",4.33777777777778,183.783333333333
29,"M",4.19944444444444,183.783333333333
42,"M",4.29666666666667,183.783333333333
38,"M",4.21444444444444,183.8
52,"M",4.30055555555556,183.8
45,"M",4.35055555555556,183.8
38,"M",4.41444444444444,183.8
42,"M",4.34055555555556,183.8
32,"F",4.29888888888889,183.8
31,"M",4.16888888888889,183.816666666667
35,"M",4.33611111111111,183.833333333333
34,"M",4.35555555555556,183.833333333333
49,"M",4.27277777777778,183.833333333333
37,"M",4.15611111111111,183.833333333333
41,"M",4.33,183.85
29,"M",4.26888888888889,183.85
31,"M",4.31333333333333,183.866666666667
34,"M",4.32777777777778,183.883333333333
40,"M",4.32888888888889,183.883333333333
36,"M",4.36833333333333,183.883333333333
28,"F",4.155,183.883333333333
37,"M",4.15611111111111,183.883333333333
26,"M",4.23944444444444,183.9
51,"M",4.30388888888889,183.916666666667
25,"M",4.29777777777778,183.916666666667
42,"M",4.23222222222222,183.95
35,"M",4.23444444444444,183.95
33,"M",4.33333333333333,183.95
25,"F",4.32833333333333,183.95
42,"M",4.23055555555556,183.966666666667
35,"M",4.27055555555556,183.966666666667
25,"F",4.15,184
46,"M",4.33,184
28,"M",4.20944444444444,184
42,"M",4.20888888888889,184.016666666667
45,"M",4.39388888888889,184.033333333333
46,"M",4.20166666666667,184.033333333333
32,"M",4.04388888888889,184.05
27,"F",4.385,184.05
37,"M",4.135,184.05
30,"M",4.26,184.05
40,"M",4.335,184.066666666667
30,"M",4.32666666666667,184.066666666667
43,"M",4.31833333333333,184.083333333333
40,"M",4.13333333333333,184.083333333333
27,"M",4.15944444444444,184.1
34,"M",4.28222222222222,184.116666666667
33,"M",4.29611111111111,184.15
29,"M",4.31444444444444,184.15
34,"M",4.23333333333333,184.15
31,"M",4.35166666666667,184.15
46,"M",4.25555555555556,184.15
33,"M",4.12444444444444,184.15
37,"F",4.28277777777778,184.166666666667
53,"M",4.32722222222222,184.183333333333
30,"F",4.24277777777778,184.216666666667
46,"M",4.26555555555556,184.233333333333
31,"F",4.24944444444444,184.25
24,"F",4.33166666666667,184.25
49,"M",4.31555555555556,184.25
46,"M",4.29222222222222,184.25
46,"M",4.37666666666667,184.25
37,"M",4.33166666666667,184.25
23,"M",4.10166666666667,184.25
47,"M",4.18888888888889,184.266666666667
34,"M",4.30444444444444,184.266666666667
50,"M",4.23055555555556,184.283333333333
49,"M",4.31277777777778,184.283333333333
40,"M",4.29555555555556,184.3
29,"M",4.35833333333333,184.316666666667
40,"M",4.33444444444444,184.316666666667
49,"M",4.20555555555556,184.333333333333
47,"M",4.30222222222222,184.333333333333
27,"F",4.41666666666667,184.35
40,"F",4.33833333333333,184.35
19,"M",3.89722222222222,184.35
32,"M",4.27222222222222,184.35
34,"F",4.29944444444444,184.35
45,"M",4.27833333333333,184.366666666667
32,"F",4.32777777777778,184.366666666667
36,"M",4.28111111111111,184.383333333333
33,"M",4.26388888888889,184.383333333333
42,"F",4.35333333333333,184.4
39,"M",4.47,184.4
43,"M",4.25333333333333,184.416666666667
46,"M",4.22666666666667,184.416666666667
43,"M",4.14777777777778,184.416666666667
52,"M",4.31,184.433333333333
36,"M",4.43444444444444,184.433333333333
46,"M",4.29555555555556,184.433333333333
24,"F",4.39722222222222,184.45
34,"M",4.33388888888889,184.45
40,"M",4.32277777777778,184.45
55,"M",4.27333333333333,184.45
46,"M",4.305,184.45
44,"M",4.17166666666667,184.45
37,"F",4.355,184.45
49,"M",4.30444444444444,184.466666666667
20,"M",4.15444444444444,184.466666666667
21,"F",4.40111111111111,184.483333333333
49,"M",4.31055555555556,184.483333333333
27,"M",4.30722222222222,184.483333333333
37,"M",4.45833333333333,184.5
41,"M",4.29333333333333,184.516666666667
34,"M",4.31888888888889,184.516666666667
36,"F",4.26722222222222,184.516666666667
46,"M",4.38666666666667,184.516666666667
35,"M",4.23,184.533333333333
47,"M",4.29444444444445,184.533333333333
31,"M",4.17388888888889,184.533333333333
35,"M",4.31555555555556,184.55
29,"M",4.38333333333333,184.55
42,"M",4.28555555555556,184.55
40,"M",4.28111111111111,184.55
36,"M",4.26722222222222,184.55
49,"M",4.32055555555556,184.566666666667
44,"M",4.31611111111111,184.566666666667
38,"M",4.33277777777778,184.566666666667
20,"F",4.36222222222222,184.566666666667
35,"M",4.35666666666667,184.583333333333
30,"M",4.22833333333333,184.583333333333
28,"M",4.24777777777778,184.6
40,"M",4.31777777777778,184.6
28,"M",4.29222222222222,184.6
38,"M",4.38055555555556,184.6
27,"M",4.38055555555556,184.6
47,"M",4.26111111111111,184.616666666667
42,"M",3.93444444444444,184.616666666667
41,"M",4.30888888888889,184.616666666667
38,"M",4.29944444444444,184.616666666667
46,"M",4.39944444444444,184.616666666667
35,"F",4.3,184.633333333333
45,"M",4.19111111111111,184.633333333333
35,"M",4.39166666666667,184.633333333333
24,"M",4.24444444444444,184.633333333333
26,"M",4.16055555555556,184.633333333333
33,"M",4.26111111111111,184.65
31,"M",4.33444444444444,184.65
46,"M",4.25722222222222,184.666666666667
44,"M",4.24444444444444,184.666666666667
40,"M",4.38666666666667,184.683333333333
25,"M",4.28388888888889,184.683333333333
40,"M",4.29388888888889,184.683333333333
45,"M",4.35222222222222,184.683333333333
37,"M",4.34555555555556,184.7
46,"M",4.26666666666667,184.7
36,"M",4.26277777777778,184.7
43,"M",4.12722222222222,184.716666666667
36,"F",4.32666666666667,184.716666666667
51,"M",4.24055555555556,184.716666666667
26,"F",4.31722222222222,184.733333333333
40,"M",4.33444444444444,184.733333333333
58,"M",4.36055555555556,184.75
29,"M",4.27111111111111,184.75
40,"M",4.11,184.75
39,"M",4.37277777777778,184.75
38,"M",4.27888888888889,184.766666666667
43,"M",4.30833333333333,184.766666666667
32,"M",4.27722222222222,184.766666666667
28,"M",4.30111111111111,184.783333333333
47,"M",4.33611111111111,184.783333333333
47,"M",4.19944444444444,184.783333333333
36,"M",4.28111111111111,184.8
36,"M",4.34,184.8
26,"M",4.33944444444444,184.816666666667
39,"M",4.29166666666667,184.816666666667
52,"M",4.29444444444445,184.816666666667
49,"M",4.26666666666667,184.816666666667
29,"F",4.37277777777778,184.833333333333
27,"M",4.28222222222222,184.833333333333
33,"M",4.34722222222222,184.833333333333
30,"M",4.29388888888889,184.833333333333
48,"M",4.20888888888889,184.833333333333
32,"F",4.35833333333333,184.85
35,"M",4.33277777777778,184.85
43,"M",4.35444444444444,184.866666666667
30,"F",4.31055555555556,184.866666666667
30,"M",4.23,184.883333333333
51,"M",4.38444444444444,184.883333333333
33,"M",4.33666666666667,184.883333333333
35,"M",4.19444444444444,184.9
23,"M",4.33277777777778,184.9
32,"M",4.30444444444444,184.916666666667
27,"F",4.32611111111111,184.916666666667
43,"M",4.20388888888889,184.916666666667
40,"M",4.32611111111111,184.916666666667
66,"M",4.33611111111111,184.916666666667
54,"M",4.35166666666667,184.916666666667
48,"M",4.28611111111111,184.933333333333
47,"M",4.30333333333333,184.933333333333
43,"M",4.29944444444444,184.933333333333
36,"F",4.34444444444444,184.95
46,"M",4.32111111111111,184.95
31,"M",4.03722222222222,184.95
40,"M",4.27888888888889,184.95
39,"M",4.145,184.966666666667
38,"M",4.36055555555556,184.966666666667
29,"F",4.28166666666667,184.983333333333
45,"M",4.30611111111111,184.983333333333
27,"F",4.36222222222222,184.983333333333
40,"M",4.30555555555556,184.983333333333
31,"M",4.31555555555556,185
37,"M",4.265,185
45,"M",4.09888888888889,185
56,"M",4.25833333333333,185
39,"M",4.28055555555556,185
37,"M",4.41222222222222,185
33,"M",4.16944444444444,185
36,"M",4.37611111111111,185
35,"M",4.41166666666667,185
38,"M",4.33555555555556,185
40,"M",4.19666666666667,185.016666666667
22,"F",4.14666666666667,185.016666666667
50,"M",4.29555555555556,185.016666666667
34,"M",4.42777777777778,185.033333333333
47,"M",4.26555555555556,185.033333333333
36,"M",4.34833333333333,185.033333333333
47,"M",4.40611111111111,185.033333333333
45,"M",4.34888888888889,185.033333333333
46,"M",4.34111111111111,185.05
31,"M",4.25777777777778,185.05
52,"M",4.115,185.066666666667
27,"F",4.29833333333333,185.066666666667
46,"M",4.33944444444444,185.066666666667
43,"M",4.37944444444444,185.066666666667
25,"M",4.37555555555556,185.066666666667
28,"M",4.31666666666667,185.083333333333
42,"F",4.315,185.083333333333
24,"M",4.28166666666667,185.083333333333
29,"M",4.23833333333333,185.083333333333
37,"M",4.27555555555556,185.083333333333
23,"F",4.36777777777778,185.1
20,"M",4.47444444444444,185.1
49,"M",4.30777777777778,185.1
30,"F",4.32944444444444,185.1
35,"M",4.34111111111111,185.116666666667
39,"M",4.26722222222222,185.116666666667
44,"M",4.34055555555556,185.116666666667
25,"F",4.27111111111111,185.133333333333
35,"M",4.36555555555556,185.133333333333
35,"M",4.23944444444444,185.133333333333
40,"M",4.30666666666667,185.133333333333
38,"M",4.26388888888889,185.133333333333
40,"M",4.145,185.166666666667
40,"M",4.27111111111111,185.166666666667
52,"M",4.33888888888889,185.166666666667
39,"M",4.23777777777778,185.183333333333
28,"M",4.35666666666667,185.183333333333
60,"M",4.27777777777778,185.183333333333
24,"F",4.27666666666667,185.183333333333
36,"M",4.35944444444444,185.2
41,"M",4.14111111111111,185.2
42,"M",4.30388888888889,185.2
42,"M",4.30388888888889,185.216666666667
39,"M",4.29388888888889,185.216666666667
38,"M",4.34166666666667,185.216666666667
37,"M",4.35333333333333,185.216666666667
31,"M",4.36555555555556,185.233333333333
45,"M",4.29222222222222,185.233333333333
45,"M",4.21055555555556,185.233333333333
52,"M",4.28833333333333,185.233333333333
54,"M",4.35222222222222,185.25
42,"M",4.28055555555556,185.25
36,"M",4.35833333333333,185.25
45,"M",4.40111111111111,185.266666666667
45,"M",4.33722222222222,185.266666666667
30,"F",4.38444444444444,185.266666666667
32,"M",4.34888888888889,185.266666666667
24,"M",4.07944444444444,185.266666666667
29,"M",4.20444444444444,185.3
36,"M",4.27055555555556,185.3
33,"M",4.38833333333333,185.3
30,"M",4.265,185.3
32,"M",4.27277777777778,185.316666666667
23,"F",4.34388888888889,185.333333333333
30,"M",4.41444444444444,185.333333333333
48,"M",4.34166666666667,185.333333333333
43,"M",4.25555555555556,185.35
39,"M",4.31222222222222,185.35
40,"M",4.33833333333333,185.35
46,"M",4.18888888888889,185.35
44,"M",4.38,185.35
38,"M",4.34833333333333,185.35
33,"M",4.17611111111111,185.35
29,"M",4.25888888888889,185.35
24,"F",4.32388888888889,185.383333333333
38,"M",4.38055555555556,185.4
35,"M",4.40944444444444,185.416666666667
33,"M",4.40777777777778,185.416666666667
43,"M",4.33166666666667,185.416666666667
33,"M",4.39222222222222,185.416666666667
38,"M",4.30111111111111,185.416666666667
44,"M",4.33666666666667,185.416666666667
34,"F",4.29611111111111,185.416666666667
25,"M",4.29666666666667,185.433333333333
25,"M",4.26166666666667,185.433333333333
48,"M",4.32944444444444,185.45
27,"M",4.31666666666667,185.466666666667
40,"M",4.43833333333333,185.466666666667
57,"M",4.26611111111111,185.483333333333
19,"M",4.48555555555556,185.483333333333
36,"M",4.26333333333333,185.5
37,"M",4.40444444444444,185.5
48,"M",4.26055555555556,185.5
37,"M",4.19,185.5
43,"M",4.21666666666667,185.5
27,"M",4.37222222222222,185.5
43,"M",4.17111111111111,185.5
24,"F",4.24388888888889,185.516666666667
33,"M",4.33666666666667,185.516666666667
35,"M",4.33833333333333,185.516666666667
47,"M",4.275,185.516666666667
29,"F",4.46666666666667,185.516666666667
49,"M",4.38277777777778,185.516666666667
35,"M",4.26611111111111,185.533333333333
46,"M",4.13388888888889,185.533333333333
54,"M",4.19,185.533333333333
51,"M",4.25666666666667,185.533333333333
44,"M",4.32444444444444,185.533333333333
30,"M",4.31333333333333,185.566666666667
38,"M",4.33055555555555,185.566666666667
50,"M",4.37,185.566666666667
33,"M",4.28555555555556,185.566666666667
30,"M",4.26833333333333,185.566666666667
46,"M",4.43666666666667,185.566666666667
51,"M",4.305,185.583333333333
28,"M",4.28166666666667,185.583333333333
37,"M",4.085,185.6
49,"M",4.32166666666667,185.6
26,"F",4.37055555555556,185.6
39,"M",4.28111111111111,185.6
44,"M",4.34722222222222,185.6
38,"M",4.33388888888889,185.616666666667
33,"M",4.32777777777778,185.616666666667
43,"M",4.35666666666667,185.616666666667
27,"M",4.13666666666667,185.616666666667
39,"M",4.34166666666667,185.616666666667
28,"F",4.32055555555556,185.616666666667
46,"M",4.32222222222222,185.633333333333
36,"M",4.31611111111111,185.633333333333
41,"M",4.40833333333333,185.633333333333
25,"F",4.35333333333333,185.633333333333
39,"M",4.38222222222222,185.65
28,"M",4.33666666666667,185.65
42,"M",4.11111111111111,185.65
44,"M",4.37166666666667,185.65
43,"M",4.24888888888889,185.65
41,"M",4.28444444444444,185.65
52,"M",4.40777777777778,185.666666666667
46,"M",4.36222222222222,185.683333333333
31,"F",4.31944444444444,185.683333333333
43,"M",4.39722222222222,185.683333333333
47,"M",4.3,185.683333333333
42,"M",4.31,185.7
27,"F",4.35166666666667,185.7
27,"M",4.30388888888889,185.7
33,"F",4.31611111111111,185.716666666667
41,"M",4.30333333333333,185.733333333333
35,"F",4.33888888888889,185.733333333333
40,"M",4.39722222222222,185.733333333333
38,"M",4.37222222222222,185.733333333333
48,"M",4.41444444444444,185.733333333333
37,"M",4.37944444444444,185.733333333333
23,"F",4.21333333333333,185.733333333333
47,"M",4.29388888888889,185.733333333333
26,"M",4.29722222222222,185.75
34,"M",4.21444444444444,185.75
36,"M",4.37555555555556,185.766666666667
29,"F",4.31055555555556,185.766666666667
35,"M",4.07277777777778,185.783333333333
44,"M",4.29,185.783333333333
40,"M",4.34611111111111,185.783333333333
43,"M",4.28055555555556,185.8
43,"M",4.36611111111111,185.8
42,"M",4.30777777777778,185.8
49,"M",4.33888888888889,185.8
35,"M",4.40833333333333,185.816666666667
43,"M",4.34333333333333,185.816666666667
38,"M",4.33555555555556,185.833333333333
43,"M",4.37444444444444,185.833333333333
40,"M",4.39055555555556,185.833333333333
35,"F",4.305,185.833333333333
32,"F",4.23111111111111,185.833333333333
52,"M",4.38777777777778,185.85
33,"M",4.41166666666667,185.85
37,"F",4.40944444444444,185.85
30,"F",4.41555555555556,185.85
36,"M",4.40888888888889,185.85
43,"M",4.40333333333333,185.866666666667
43,"M",4.33444444444444,185.866666666667
26,"M",4.29777777777778,185.866666666667
22,"M",4.30444444444444,185.866666666667
47,"M",4.35388888888889,185.883333333333
42,"M",4.32888888888889,185.883333333333
24,"M",4.42388888888889,185.883333333333
40,"M",4.26611111111111,185.883333333333
32,"F",4.36,185.9
39,"M",4.42944444444444,185.916666666667
27,"M",4.36944444444444,185.916666666667
49,"M",4.365,185.916666666667
44,"M",4.41166666666667,185.933333333333
39,"M",4.33777777777778,185.933333333333
39,"M",4.37166666666667,185.933333333333
34,"M",4.33611111111111,185.933333333333
35,"M",4.36944444444444,185.95
35,"M",4.19,185.966666666667
55,"M",4.25166666666667,185.966666666667
45,"M",4.28611111111111,185.983333333333
38,"M",4.28944444444444,185.983333333333
41,"M",4.39055555555556,185.983333333333
55,"M",4.40611111111111,185.983333333333
24,"M",4.27,186
42,"M",4.30666666666667,186
60,"M",4.31277777777778,186
38,"M",4.34,186
46,"M",4.38333333333333,186.016666666667
41,"M",4.28777777777778,186.016666666667
45,"M",4.36555555555556,186.016666666667
38,"M",4.315,186.016666666667
32,"M",4.32,186.033333333333
38,"M",4.335,186.033333333333
36,"M",4.33166666666667,186.05
41,"M",4.21555555555556,186.05
56,"M",4.305,186.05
39,"M",4.41722222222222,186.066666666667
40,"M",4.36944444444444,186.066666666667
27,"M",3.99333333333333,186.066666666667
44,"M",4.27333333333333,186.083333333333
41,"F",4.38166666666667,186.083333333333
42,"M",4.37555555555556,186.083333333333
29,"M",4.34388888888889,186.1
48,"M",4.21055555555556,186.116666666667
27,"M",4.445,186.116666666667
24,"F",4.39333333333333,186.116666666667
37,"F",4.39388888888889,186.116666666667
43,"M",4.4,186.133333333333
25,"F",4.3,186.133333333333
40,"M",4.37555555555556,186.133333333333
44,"M",4.38,186.15
37,"M",4.39944444444444,186.15
27,"M",4.20666666666667,186.166666666667
47,"M",4.34277777777778,186.166666666667
32,"M",4.425,186.166666666667
37,"M",4.435,186.166666666667
43,"M",4.30388888888889,186.183333333333
27,"F",4.36555555555556,186.183333333333
44,"M",4.35833333333333,186.183333333333
44,"M",4.36055555555556,186.183333333333
52,"M",4.26611111111111,186.183333333333
41,"M",4.28555555555556,186.183333333333
42,"M",4.40277777777778,186.183333333333
31,"F",4.39888888888889,186.2
39,"M",4.41555555555556,186.2
28,"M",4.385,186.216666666667
34,"M",4.29944444444444,186.216666666667
27,"F",4.165,186.216666666667
40,"M",4.35111111111111,186.233333333333
33,"F",4.27388888888889,186.266666666667
46,"M",4.33055555555555,186.266666666667
43,"M",4.365,186.266666666667
46,"M",4.28444444444444,186.283333333333
34,"M",4.4,186.283333333333
36,"M",4.06611111111111,186.3
35,"M",4.19166666666667,186.3
42,"M",4.19,186.3
19,"F",4.45944444444444,186.3
45,"M",4.31722222222222,186.316666666667
27,"M",4.16277777777778,186.316666666667
29,"M",4.37277777777778,186.333333333333
39,"M",4.27555555555556,186.333333333333
43,"M",4.29166666666667,186.333333333333
34,"F",4.20611111111111,186.35
42,"M",4.32111111111111,186.35
40,"M",4.255,186.35
39,"M",4.32388888888889,186.35
47,"F",4.29888888888889,186.35
18,"M",4.40444444444444,186.366666666667
39,"M",4.31944444444444,186.366666666667
33,"M",4.26777777777778,186.366666666667
53,"M",4.32722222222222,186.383333333333
31,"M",3.94611111111111,186.383333333333
41,"M",4.36444444444444,186.383333333333
45,"M",4.29111111111111,186.383333333333
40,"M",4.3,186.383333333333
49,"M",4.37833333333333,186.4
47,"M",4.21888888888889,186.4
35,"M",4.30944444444444,186.416666666667
45,"M",4.21055555555556,186.416666666667
48,"M",4.32888888888889,186.416666666667
48,"M",4.37277777777778,186.416666666667
26,"F",4.39222222222222,186.433333333333
47,"M",4.38722222222222,186.433333333333
41,"M",4.23944444444444,186.433333333333
35,"M",4.46444444444444,186.433333333333
36,"M",4.39111111111111,186.45
41,"M",4.41888888888889,186.45
31,"M",4.30722222222222,186.45
32,"M",4.40166666666667,186.45
39,"M",4.37555555555556,186.45
45,"M",4.38944444444444,186.466666666667
42,"M",4.39166666666667,186.466666666667
36,"M",4.40666666666667,186.483333333333
45,"M",4.27666666666667,186.5
18,"M",4.31722222222222,186.5
49,"M",4.37611111111111,186.5
47,"M",4.37055555555556,186.5
36,"M",4.27666666666667,186.5
42,"F",4.36166666666667,186.5
42,"M",4.25444444444444,186.516666666667
36,"M",4.305,186.516666666667
41,"M",4.34833333333333,186.516666666667
39,"M",4.28666666666667,186.516666666667
40,"M",4.35111111111111,186.533333333333
37,"M",4.36277777777778,186.533333333333
48,"M",4.22055555555556,186.533333333333
42,"M",4.35111111111111,186.533333333333
42,"M",4.29722222222222,186.533333333333
45,"M",4.30666666666667,186.55
40,"F",4.38555555555556,186.55
51,"M",4.39944444444444,186.55
40,"M",4.26333333333333,186.55
36,"M",4.34722222222222,186.55
41,"M",4.42722222222222,186.55
39,"M",4.35555555555556,186.55
31,"M",4.32111111111111,186.566666666667
41,"M",4.28166666666667,186.566666666667
22,"M",4.46111111111111,186.566666666667
24,"M",4.20333333333333,186.566666666667
46,"M",4.42666666666667,186.566666666667
41,"M",4.32777777777778,186.566666666667
31,"M",4.35777777777778,186.583333333333
31,"M",4.35833333333333,186.583333333333
35,"M",4.28888888888889,186.583333333333
38,"M",4.52388888888889,186.583333333333
38,"M",4.47833333333333,186.583333333333
42,"M",4.35833333333333,186.6
53,"M",4.46444444444444,186.6
43,"M",4.33888888888889,186.6
35,"M",4.36222222222222,186.616666666667
48,"M",4.40055555555556,186.616666666667
41,"M",4.45833333333333,186.616666666667
48,"M",4.195,186.616666666667
41,"M",4.29722222222222,186.633333333333
40,"F",4.40111111111111,186.633333333333
54,"M",4.33166666666667,186.633333333333
37,"M",4.37222222222222,186.65
32,"F",4.40111111111111,186.65
40,"F",4.36388888888889,186.65
21,"M",4.05722222222222,186.65
41,"M",4.33944444444444,186.666666666667
33,"F",4.40444444444444,186.666666666667
48,"M",4.38166666666667,186.666666666667
53,"M",4.26833333333333,186.666666666667
29,"M",4.37111111111111,186.683333333333
28,"M",4.29277777777778,186.683333333333
34,"M",4.16444444444444,186.7
28,"F",4.38,186.7
34,"F",4.38166666666667,186.7
39,"M",4.23722222222222,186.716666666667
30,"F",4.38555555555556,186.716666666667
29,"M",4.35888888888889,186.716666666667
45,"M",4.30444444444444,186.716666666667
43,"M",4.37333333333333,186.733333333333
43,"M",4.29,186.733333333333
34,"M",4.27055555555556,186.75
33,"F",4.32333333333333,186.75
35,"M",4.37,186.75
30,"M",4.27055555555556,186.75
31,"M",4.34444444444444,186.75
50,"M",4.30666666666667,186.75
29,"M",4.33944444444444,186.75
31,"F",4.38055555555556,186.75
41,"M",4.35111111111111,186.75
36,"M",4.37333333333333,186.766666666667
39,"M",4.305,186.766666666667
48,"M",4.41,186.783333333333
35,"M",4.315,186.8
37,"M",4.14555555555556,186.8
37,"M",4.38055555555556,186.8
19,"M",4.12777777777778,186.8
28,"M",4.27444444444444,186.8
50,"M",4.34666666666667,186.816666666667
37,"M",4.38055555555556,186.816666666667
40,"M",4.41166666666667,186.816666666667
42,"M",4.42222222222222,186.833333333333
35,"M",4.35722222222222,186.833333333333
45,"M",4.31555555555556,186.833333333333
35,"M",4.13777777777778,186.833333333333
39,"M",4.36666666666667,186.85
46,"M",4.38833333333333,186.85
39,"M",4.22833333333333,186.85
26,"M",4.395,186.866666666667
29,"M",4.30166666666667,186.883333333333
28,"M",4.37611111111111,186.883333333333
52,"M",4.38166666666667,186.9
39,"F",4.30777777777778,186.9
40,"M",4.01055555555556,186.916666666667
44,"M",4.33111111111111,186.916666666667
53,"M",4.39388888888889,186.916666666667
53,"M",4.32055555555556,186.916666666667
61,"M",4.37388888888889,186.916666666667
34,"M",4.13111111111111,186.916666666667
51,"M",4.41222222222222,186.933333333333
46,"M",4.29444444444445,186.933333333333
51,"M",4.29,186.933333333333
42,"M",4.3,186.95
50,"M",4.38666666666667,186.95
43,"M",4.28111111111111,186.95
45,"M",4.34833333333333,186.966666666667
28,"F",4.37055555555556,186.966666666667
44,"M",4.41222222222222,186.966666666667
31,"F",4.41055555555556,186.983333333333
38,"M",4.48833333333333,186.983333333333
39,"M",4.31444444444444,186.983333333333
32,"F",4.34444444444444,186.983333333333
48,"M",4.30055555555556,187
43,"M",4.33888888888889,187
35,"M",4.46,187.016666666667
54,"M",4.31944444444444,187.016666666667
37,"M",4.26111111111111,187.033333333333
34,"M",4.40388888888889,187.066666666667
38,"M",4.40888888888889,187.066666666667
43,"M",4.39666666666667,187.066666666667
29,"M",4.22944444444444,187.066666666667
40,"M",4.465,187.083333333333
42,"M",4.24277777777778,187.083333333333
54,"M",4.27166666666667,187.083333333333
33,"M",4.39111111111111,187.1
53,"M",4.38666666666667,187.1
42,"F",4.37222222222222,187.1
45,"M",4.35055555555556,187.1
30,"F",4.39055555555556,187.116666666667
27,"F",4.40666666666667,187.116666666667
33,"M",4.365,187.116666666667
52,"M",4.41222222222222,187.133333333333
28,"F",4.26388888888889,187.133333333333
25,"F",4.31444444444444,187.133333333333
33,"M",4.03111111111111,187.133333333333
39,"M",4.40444444444444,187.133333333333
45,"M",4.39,187.133333333333
39,"M",4.33555555555556,187.133333333333
33,"F",4.41111111111111,187.133333333333
30,"M",4.25611111111111,187.15
42,"M",4.36277777777778,187.166666666667
30,"M",4.27111111111111,187.2
52,"M",4.31777777777778,187.2
24,"F",4.39833333333333,187.2
46,"M",4.31277777777778,187.216666666667
36,"M",4.33,187.216666666667
40,"M",4.28,187.216666666667
27,"M",4.23277777777778,187.233333333333
46,"M",4.38277777777778,187.233333333333
39,"M",4.31,187.233333333333
29,"M",4.345,187.233333333333
25,"F",4.32888888888889,187.233333333333
29,"M",4.36,187.233333333333
34,"F",4.36777777777778,187.25
46,"M",4.31888888888889,187.25
45,"M",4.34833333333333,187.25
30,"M",4.36277777777778,187.25
38,"M",4.34555555555556,187.266666666667
32,"M",4.34111111111111,187.266666666667
38,"M",4.35111111111111,187.266666666667
43,"M",4.31611111111111,187.266666666667
24,"M",4.24833333333333,187.283333333333
47,"M",4.32944444444444,187.3
56,"M",4.31888888888889,187.3
52,"M",4.37611111111111,187.3
25,"F",4.29611111111111,187.316666666667
41,"M",4.27833333333333,187.316666666667
42,"M",4.32055555555556,187.316666666667
47,"M",4.39611111111111,187.316666666667
49,"M",4.39166666666667,187.316666666667
33,"F",4.29555555555556,187.316666666667
51,"M",4.31166666666667,187.316666666667
57,"M",4.34888888888889,187.333333333333
30,"M",4.21444444444444,187.333333333333
53,"M",4.39833333333333,187.333333333333
37,"M",4.33222222222222,187.333333333333
39,"M",4.31555555555556,187.333333333333
34,"M",4.41722222222222,187.333333333333
31,"F",4.33888888888889,187.366666666667
55,"M",4.31277777777778,187.366666666667
44,"M",4.28444444444444,187.366666666667
46,"M",4.22944444444444,187.366666666667
33,"F",4.36277777777778,187.366666666667
41,"M",4.38722222222222,187.366666666667
51,"M",4.42666666666667,187.366666666667
39,"M",4.34277777777778,187.383333333333
39,"M",4.26666666666667,187.383333333333
37,"M",4.36666666666667,187.383333333333
26,"F",4.36333333333333,187.383333333333
28,"M",4.26111111111111,187.383333333333
33,"F",4.43,187.4
54,"F",4.40666666666667,187.4
37,"M",4.32388888888889,187.416666666667
49,"M",4.24777777777778,187.416666666667
38,"M",4.42833333333333,187.416666666667
35,"M",4.32944444444444,187.433333333333
30,"F",4.40833333333333,187.433333333333
29,"M",4.17388888888889,187.433333333333
51,"M",4.39888888888889,187.433333333333
52,"M",4.37888888888889,187.433333333333
46,"M",4.14611111111111,187.433333333333
51,"M",4.32666666666667,187.433333333333
38,"M",4.32666666666667,187.45
36,"M",4.14,187.45
24,"F",4.35888888888889,187.45
48,"M",4.41,187.45
40,"M",4.36666666666667,187.45
37,"M",4.31388888888889,187.45
36,"M",4.24166666666667,187.466666666667
37,"M",4.38666666666667,187.466666666667
57,"M",4.41222222222222,187.466666666667
34,"M",4.27388888888889,187.483333333333
46,"M",4.38666666666667,187.483333333333
37,"M",4.39944444444444,187.5
39,"M",4.28055555555556,187.5
26,"F",4.31611111111111,187.5
34,"M",4.37555555555556,187.516666666667
25,"M",4.43777777777778,187.516666666667
48,"M",4.38388888888889,187.516666666667
35,"M",4.32333333333333,187.533333333333
40,"M",4.40555555555556,187.533333333333
25,"F",4.42555555555556,187.533333333333
37,"M",4.40388888888889,187.533333333333
42,"M",4.28666666666667,187.533333333333
41,"M",4.35833333333333,187.55
49,"M",4.38444444444444,187.55
40,"M",4.43111111111111,187.55
53,"M",4.38722222222222,187.55
30,"F",4.41888888888889,187.55
36,"M",4.35666666666667,187.566666666667
35,"M",4.30666666666667,187.566666666667
51,"M",4.43277777777778,187.566666666667
36,"M",4.46055555555556,187.583333333333
37,"M",4.34833333333333,187.583333333333
32,"M",4.36055555555556,187.6
32,"M",4.37166666666667,187.616666666667
38,"M",4.30111111111111,187.616666666667
32,"F",4.265,187.616666666667
50,"M",4.43944444444444,187.616666666667
38,"F",4.41611111111111,187.616666666667
53,"M",4.35666666666667,187.633333333333
28,"M",4.42444444444444,187.633333333333
47,"M",4.40444444444444,187.633333333333
26,"M",4.40055555555556,187.633333333333
27,"M",4.28666666666667,187.65
29,"M",4.14555555555556,187.65
47,"M",4.32166666666667,187.666666666667
46,"M",4.28555555555556,187.666666666667
51,"M",4.37944444444444,187.683333333333
43,"M",4.08444444444444,187.683333333333
26,"M",4.40944444444444,187.683333333333
39,"M",4.46222222222222,187.7
27,"F",4.44722222222222,187.7
43,"M",4.36222222222222,187.7
48,"M",4.31277777777778,187.716666666667
35,"M",4.37944444444444,187.716666666667
34,"M",4.26611111111111,187.733333333333
53,"M",4.38388888888889,187.733333333333
51,"M",4.32166666666667,187.75
30,"M",4.235,187.75
41,"M",4.18444444444444,187.75
26,"F",4.41944444444445,187.75
39,"M",4.36388888888889,187.75
26,"F",4.33722222222222,187.766666666667
34,"F",4.39666666666667,187.766666666667
38,"M",4.46055555555556,187.766666666667
37,"M",4.34666666666667,187.766666666667
29,"M",4.31444444444444,187.783333333333
40,"M",4.32111111111111,187.783333333333
46,"M",4.34944444444444,187.783333333333
52,"M",4.295,187.783333333333
43,"M",4.36944444444444,187.783333333333
47,"M",4.25666666666667,187.8
37,"M",4.35333333333333,187.8
30,"F",4.44166666666667,187.816666666667
24,"M",4.43111111111111,187.816666666667
32,"M",4.44333333333333,187.816666666667
24,"M",4.21333333333333,187.816666666667
44,"M",4.34722222222222,187.833333333333
25,"F",4.25888888888889,187.833333333333
36,"M",4.41666666666667,187.85
40,"M",4.42666666666667,187.866666666667
33,"F",4.37111111111111,187.866666666667
28,"M",4.38,187.866666666667
55,"M",4.38722222222222,187.866666666667
35,"M",4.40833333333333,187.883333333333
53,"M",4.31888888888889,187.883333333333
30,"F",4.31444444444444,187.883333333333
24,"M",4.16833333333333,187.9
40,"M",4.24055555555556,187.9
34,"F",4.52944444444444,187.9
33,"F",4.37055555555556,187.916666666667
24,"F",4.23666666666667,187.916666666667
50,"M",4.30055555555556,187.916666666667
59,"M",4.38833333333333,187.916666666667
39,"M",4.37666666666667,187.916666666667
40,"M",4.37,187.916666666667
44,"M",4.30666666666667,187.916666666667
37,"F",4.425,187.933333333333
23,"F",4.36222222222222,187.933333333333
35,"M",4.42166666666667,187.933333333333
25,"F",4.44611111111111,187.933333333333
54,"M",4.415,187.933333333333
35,"M",4.46,187.933333333333
39,"M",4.34,187.95
27,"F",4.35611111111111,187.95
41,"M",4.39388888888889,187.966666666667
42,"M",4.39444444444444,187.966666666667
37,"M",4.36944444444444,187.966666666667
28,"M",4.05611111111111,187.966666666667
20,"F",4.57444444444444,187.966666666667
49,"M",4.41388888888889,187.983333333333
31,"F",4.44888888888889,187.983333333333
35,"M",4.33111111111111,187.983333333333
54,"M",4.29722222222222,187.983333333333
42,"M",4.34888888888889,188
46,"M",4.38111111111111,188
46,"M",4.37666666666667,188
39,"M",4.44166666666667,188
26,"F",4.33166666666667,188
40,"M",4.20111111111111,188.016666666667
33,"M",4.27777777777778,188.016666666667
30,"M",4.26722222222222,188.033333333333
38,"M",4.345,188.033333333333
39,"M",4.44277777777778,188.033333333333
51,"M",4.455,188.05
43,"M",4.41055555555556,188.05
45,"M",4.47944444444444,188.05
41,"M",4.44166666666667,188.05
36,"M",4.42722222222222,188.066666666667
37,"M",4.2,188.066666666667
51,"M",4.30722222222222,188.083333333333
32,"M",4.20055555555556,188.083333333333
21,"M",4.19833333333333,188.083333333333
33,"M",4.325,188.083333333333
38,"M",4.41555555555556,188.083333333333
33,"F",4.35888888888889,188.1
42,"M",4.45888888888889,188.1
36,"M",4.27222222222222,188.1
52,"M",4.45944444444444,188.1
25,"F",4.44777777777778,188.116666666667
38,"M",4.44,188.116666666667
41,"M",4.36333333333333,188.116666666667
43,"M",4.40944444444444,188.133333333333
30,"M",4.40722222222222,188.133333333333
42,"M",4.38388888888889,188.133333333333
36,"M",4.38166666666667,188.133333333333
52,"M",4.41277777777778,188.15
37,"M",4.435,188.15
40,"F",4.47833333333333,188.15
49,"M",4.40555555555556,188.15
47,"M",4.26222222222222,188.15
52,"M",4.44388888888889,188.166666666667
31,"M",4.12888888888889,188.166666666667
34,"M",4.41055555555556,188.183333333333
46,"M",4.43888888888889,188.183333333333
36,"F",4.37944444444444,188.183333333333
35,"M",4.28055555555556,188.2
34,"F",4.46777777777778,188.2
22,"F",4.39777777777778,188.2
45,"M",4.305,188.2
42,"M",4.38222222222222,188.216666666667
35,"M",4.29,188.216666666667
45,"M",4.43611111111111,188.216666666667
36,"M",4.36944444444444,188.216666666667
46,"M",4.43444444444444,188.233333333333
45,"M",4.33,188.233333333333
41,"M",4.42611111111111,188.233333333333
21,"M",4.28055555555556,188.233333333333
44,"M",4.41722222222222,188.233333333333
53,"M",4.34333333333333,188.233333333333
46,"M",4.425,188.25
45,"M",4.30888888888889,188.25
40,"M",4.20833333333333,188.266666666667
31,"F",4.39277777777778,188.266666666667
39,"F",4.39333333333333,188.266666666667
47,"M",4.44166666666667,188.283333333333
26,"F",4.31166666666667,188.283333333333
35,"F",4.36111111111111,188.283333333333
36,"M",4.35055555555556,188.283333333333
46,"M",4.40277777777778,188.283333333333
51,"M",4.40277777777778,188.283333333333
42,"M",4.40277777777778,188.3
45,"M",4.28611111111111,188.3
35,"M",4.41166666666667,188.3
44,"M",4.35222222222222,188.3
49,"M",4.35166666666667,188.316666666667
40,"M",4.37222222222222,188.316666666667
24,"F",4.34333333333333,188.316666666667
23,"F",4.19666666666667,188.316666666667
45,"M",4.25555555555556,188.333333333333
47,"M",4.33777777777778,188.35
38,"M",4.455,188.35
48,"M",4.47166666666667,188.366666666667
36,"M",4.27055555555556,188.366666666667
41,"M",4.41277777777778,188.366666666667
40,"M",4.315,188.366666666667
36,"F",4.37555555555556,188.366666666667
25,"M",4.51888888888889,188.383333333333
40,"M",4.40666666666667,188.383333333333
51,"M",4.17888888888889,188.383333333333
26,"M",4.47277777777778,188.4
47,"M",4.42,188.4
34,"M",4.26611111111111,188.4
27,"F",4.43444444444444,188.416666666667
39,"M",4.33055555555555,188.416666666667
47,"M",4.295,188.416666666667
55,"M",4.33888888888889,188.416666666667
29,"M",3.95388888888889,188.416666666667
30,"F",4.33055555555555,188.416666666667
38,"M",4.38777777777778,188.416666666667
51,"F",4.29666666666667,188.433333333333
31,"F",4.28666666666667,188.433333333333
24,"M",4.33833333333333,188.45
49,"M",4.44888888888889,188.45
42,"M",4.40944444444444,188.45
44,"M",4.45,188.466666666667
35,"M",4.36111111111111,188.466666666667
40,"M",4.32611111111111,188.466666666667
50,"M",4.385,188.466666666667
48,"M",4.38611111111111,188.466666666667
43,"M",4.31666666666667,188.483333333333
21,"M",4.25388888888889,188.483333333333
39,"F",4.42722222222222,188.5
36,"F",4.45333333333333,188.5
26,"M",4.24277777777778,188.5
31,"M",4.39111111111111,188.5
22,"F",4.36388888888889,188.516666666667
47,"M",4.38222222222222,188.516666666667
45,"M",4.31555555555556,188.516666666667
44,"M",4.39277777777778,188.516666666667
43,"M",4.44388888888889,188.516666666667
50,"M",4.29666666666667,188.516666666667
25,"F",4.44888888888889,188.533333333333
36,"F",4.37388888888889,188.533333333333
41,"M",4.425,188.55
46,"M",4.39722222222222,188.55
43,"F",4.45944444444444,188.566666666667
44,"M",4.46833333333333,188.566666666667
40,"M",4.31444444444444,188.566666666667
41,"M",4.47777777777778,188.566666666667
31,"F",4.45666666666667,188.566666666667
35,"F",4.31611111111111,188.566666666667
43,"M",4.49444444444444,188.566666666667
46,"M",4.31055555555556,188.583333333333
40,"M",4.40166666666667,188.583333333333
47,"M",4.25222222222222,188.583333333333
37,"M",4.46277777777778,188.583333333333
25,"M",4.38722222222222,188.583333333333
38,"M",4.44555555555556,188.6
29,"M",4.29611111111111,188.6
26,"F",4.51666666666667,188.6
35,"M",4.35777777777778,188.616666666667
31,"F",4.49111111111111,188.616666666667
57,"M",4.38055555555556,188.616666666667
40,"M",4.42777777777778,188.616666666667
39,"F",4.34,188.633333333333
50,"M",4.42166666666667,188.633333333333
45,"M",4.43055555555556,188.633333333333
35,"M",4.25555555555556,188.633333333333
33,"M",4.45111111111111,188.65
48,"M",4.42722222222222,188.65
33,"M",4.42388888888889,188.65
42,"M",4.39777777777778,188.65
31,"M",4.42222222222222,188.666666666667
33,"M",4.37888888888889,188.666666666667
43,"M",4.36222222222222,188.683333333333
45,"M",4.19666666666667,188.683333333333
45,"M",4.27777777777778,188.683333333333
28,"F",4.42055555555556,188.716666666667
31,"M",4.35611111111111,188.716666666667
35,"M",4.43333333333333,188.716666666667
48,"M",4.36055555555556,188.716666666667
38,"F",4.45277777777778,188.716666666667
44,"M",4.40055555555556,188.733333333333
50,"M",4.37944444444444,188.75
35,"M",4.32,188.75
48,"M",4.42555555555556,188.75
34,"M",4.43388888888889,188.75
26,"M",4.19055555555556,188.75
35,"M",4.405,188.75
38,"M",4.41222222222222,188.75
51,"M",4.41055555555556,188.766666666667
47,"M",4.325,188.766666666667
41,"M",4.43222222222222,188.766666666667
33,"M",4.30111111111111,188.766666666667
48,"M",4.29,188.766666666667
20,"F",4.50111111111111,188.783333333333
35,"M",4.44444444444444,188.783333333333
27,"F",4.44722222222222,188.783333333333
50,"M",4.32166666666667,188.8
34,"M",4.34166666666667,188.8
41,"M",4.51555555555556,188.8
40,"M",4.445,188.816666666667
42,"M",4.465,188.816666666667
35,"M",4.37833333333333,188.816666666667
39,"M",4.46111111111111,188.833333333333
34,"F",4.48611111111111,188.833333333333
40,"M",4.39388888888889,188.833333333333
49,"M",4.35555555555556,188.833333333333
38,"M",4.43388888888889,188.833333333333
34,"M",4.38055555555556,188.833333333333
35,"M",4.45277777777778,188.85
46,"M",4.38722222222222,188.85
47,"M",4.43666666666667,188.85
46,"M",4.20944444444444,188.866666666667
37,"M",4.43444444444444,188.866666666667
36,"M",4.28444444444444,188.866666666667
49,"M",4.45277777777778,188.866666666667
40,"M",4.415,188.866666666667
36,"M",4.43333333333333,188.866666666667
34,"F",4.36,188.866666666667
45,"M",4.28333333333333,188.883333333333
35,"M",4.37444444444444,188.9
36,"F",4.46111111111111,188.916666666667
45,"M",4.36222222222222,188.916666666667
35,"F",4.47444444444444,188.916666666667
40,"M",4.48833333333333,188.916666666667
26,"M",4.345,188.916666666667
46,"M",4.47722222222222,188.933333333333
32,"M",4.38722222222222,188.933333333333
40,"M",4.38,188.933333333333
57,"M",4.36611111111111,188.95
36,"M",4.30444444444444,188.95
46,"M",4.41444444444444,188.95
45,"M",4.40944444444444,188.95
53,"M",4.40833333333333,188.966666666667
36,"M",4.30277777777778,188.966666666667
41,"M",4.41166666666667,188.983333333333
30,"F",4.49222222222222,188.983333333333
35,"M",4.43333333333333,188.983333333333
41,"M",4.46888888888889,188.983333333333
35,"M",4.49222222222222,188.983333333333
20,"M",4.18944444444444,188.983333333333
37,"M",4.39888888888889,189
35,"M",4.25777777777778,189
28,"M",4.30888888888889,189
44,"M",4.30444444444444,189
36,"F",4.44722222222222,189.016666666667
41,"M",4.435,189.016666666667
47,"M",4.37444444444444,189.033333333333
30,"M",4.34833333333333,189.033333333333
31,"M",4.27722222222222,189.033333333333
47,"M",4.40944444444444,189.033333333333
47,"M",4.49833333333333,189.066666666667
51,"M",4.30388888888889,189.083333333333
46,"M",4.39222222222222,189.083333333333
57,"M",4.35722222222222,189.083333333333
35,"M",4.44333333333333,189.1
29,"F",4.46444444444444,189.1
41,"M",4.44,189.1
32,"M",4.40611111111111,189.1
53,"M",4.38277777777778,189.1
37,"F",4.445,189.116666666667
39,"F",4.48111111111111,189.116666666667
26,"M",4.36444444444444,189.116666666667
51,"M",4.42666666666667,189.133333333333
45,"M",4.41777777777778,189.133333333333
21,"M",4.42722222222222,189.133333333333
48,"M",4.38666666666667,189.15
54,"M",4.40666666666667,189.15
49,"M",4.44666666666667,189.15
46,"M",4.44666666666667,189.15
27,"F",4.35611111111111,189.15
41,"F",4.48833333333333,189.15
38,"M",4.375,189.166666666667
42,"M",4.41555555555556,189.166666666667
41,"M",4.47666666666667,189.166666666667
35,"F",4.38555555555556,189.166666666667
42,"M",4.40666666666667,189.166666666667
43,"F",4.47666666666667,189.166666666667
20,"M",4.35222222222222,189.183333333333
38,"M",4.46222222222222,189.2
40,"M",4.36722222222222,189.2
25,"F",4.295,189.2
56,"M",4.43388888888889,189.2
48,"M",4.315,189.2
44,"M",4.44444444444444,189.2
47,"M",4.35888888888889,189.216666666667
31,"M",4.38722222222222,189.216666666667
22,"F",4.47333333333333,189.216666666667
44,"M",4.40888888888889,189.216666666667
39,"M",4.51944444444444,189.216666666667
45,"M",4.41722222222222,189.233333333333
24,"M",3.80444444444444,189.233333333333
39,"M",4.36277777777778,189.233333333333
44,"M",4.52333333333333,189.25
51,"M",4.46111111111111,189.25
23,"M",4.25277777777778,189.25
46,"M",4.43222222222222,189.25
36,"M",4.21555555555556,189.25
35,"M",4.41166666666667,189.25
34,"M",4.41166666666667,189.266666666667
50,"M",4.395,189.266666666667
39,"M",4.43611111111111,189.266666666667
26,"M",4.27666666666667,189.266666666667
29,"M",4.46277777777778,189.283333333333
47,"M",4.40055555555556,189.3
44,"M",4.315,189.3
48,"M",4.45111111111111,189.3
37,"F",4.42333333333333,189.316666666667
43,"M",4.40888888888889,189.316666666667
41,"M",4.30111111111111,189.316666666667
40,"M",4.46555555555556,189.316666666667
31,"M",4.35611111111111,189.316666666667
49,"M",4.25166666666667,189.333333333333
35,"M",4.33388888888889,189.333333333333
42,"M",4.45444444444444,189.333333333333
51,"M",4.48833333333333,189.333333333333
51,"M",4.43888888888889,189.333333333333
21,"M",4.45722222222222,189.333333333333
37,"M",4.33277777777778,189.333333333333
38,"M",4.29388888888889,189.35
24,"M",4.21833333333333,189.35
46,"M",4.355,189.35
34,"M",4.40277777777778,189.35
28,"M",4.45444444444444,189.35
51,"M",4.37277777777778,189.366666666667
23,"F",4.29166666666667,189.383333333333
43,"M",4.32111111111111,189.383333333333
46,"M",4.20444444444444,189.383333333333
40,"M",4.4,189.383333333333
49,"M",4.43666666666667,189.4
24,"M",4.47555555555556,189.4
50,"M",4.205,189.4
36,"M",4.25111111111111,189.4
51,"M",4.43611111111111,189.416666666667
29,"F",4.40055555555556,189.416666666667
35,"M",4.36166666666667,189.416666666667
44,"M",4.45555555555555,189.416666666667
44,"M",4.47111111111111,189.416666666667
46,"M",4.36833333333333,189.416666666667
46,"M",4.35111111111111,189.416666666667
45,"M",4.325,189.433333333333
41,"M",4.20111111111111,189.433333333333
41,"M",4.265,189.433333333333
23,"M",4.41944444444445,189.433333333333
36,"M",4.34944444444444,189.433333333333
46,"M",4.37055555555556,189.45
50,"M",4.465,189.45
49,"M",4.27444444444444,189.45
42,"M",4.40444444444444,189.466666666667
49,"M",4.43277777777778,189.466666666667
42,"M",4.42611111111111,189.466666666667
55,"M",4.21333333333333,189.466666666667
37,"M",4.23777777777778,189.466666666667
35,"M",4.19333333333333,189.466666666667
42,"M",4.35,189.5
38,"M",4.29888888888889,189.5
47,"M",4.46944444444444,189.5
43,"M",4.32611111111111,189.516666666667
38,"M",4.43777777777778,189.516666666667
24,"M",4.32833333333333,189.516666666667
35,"F",4.42833333333333,189.516666666667
47,"M",4.37388888888889,189.516666666667
32,"M",4.63888888888889,189.533333333333
38,"M",4.35111111111111,189.533333333333
51,"M",4.40111111111111,189.533333333333
56,"M",4.39055555555556,189.55
48,"M",4.33777777777778,189.55
45,"M",4.42333333333333,189.55
33,"M",4.36833333333333,189.566666666667
37,"M",4.48777777777778,189.566666666667
36,"M",4.42277777777778,189.566666666667
42,"M",4.37388888888889,189.583333333333
22,"F",4.35444444444444,189.583333333333
50,"M",4.43611111111111,189.583333333333
28,"M",4.41388888888889,189.6
47,"M",4.41555555555556,189.6
57,"M",4.40833333333333,189.6
30,"M",4.55333333333333,189.6
46,"M",4.36277777777778,189.6
57,"M",4.47833333333333,189.616666666667
36,"M",4.36444444444444,189.616666666667
42,"M",4.32888888888889,189.616666666667
29,"M",4.35277777777778,189.633333333333
35,"M",4.42,189.65
44,"M",4.44722222222222,189.65
37,"M",4.38611111111111,189.65
47,"M",4.39277777777778,189.65
55,"M",4.35222222222222,189.65
42,"M",4.44611111111111,189.666666666667
46,"M",4.50944444444444,189.666666666667
29,"M",4.55277777777778,189.666666666667
43,"M",4.48111111111111,189.666666666667
44,"M",4.47555555555556,189.666666666667
35,"M",4.36722222222222,189.683333333333
33,"M",4.46111111111111,189.683333333333
45,"M",4.44555555555556,189.683333333333
45,"M",4.39555555555556,189.683333333333
47,"M",4.46888888888889,189.683333333333
28,"M",4.15277777777778,189.7
41,"M",4.42055555555556,189.7
38,"F",4.45611111111111,189.7
34,"M",4.32388888888889,189.7
39,"M",4.35111111111111,189.716666666667
43,"M",4.41388888888889,189.716666666667
37,"F",4.47833333333333,189.716666666667
40,"M",4.39833333333333,189.716666666667
34,"F",4.48944444444444,189.716666666667
26,"M",4.14777777777778,189.716666666667
41,"M",4.50722222222222,189.716666666667
44,"M",4.37888888888889,189.733333333333
42,"M",4.50722222222222,189.733333333333
49,"M",4.50055555555556,189.733333333333
28,"F",4.43388888888889,189.733333333333
43,"M",4.49833333333333,189.733333333333
37,"M",4.43555555555556,189.733333333333
35,"M",4.38444444444444,189.733333333333
29,"F",4.44722222222222,189.75
42,"M",4.37444444444444,189.766666666667
54,"M",4.26833333333333,189.766666666667
31,"M",4.42111111111111,189.766666666667
29,"F",4.52666666666667,189.766666666667
43,"M",4.49611111111111,189.783333333333
31,"M",4.26333333333333,189.783333333333
59,"M",4.18888888888889,189.8
47,"M",4.38,189.8
47,"M",4.48222222222222,189.8
36,"F",4.31611111111111,189.8
39,"M",4.29,189.816666666667
44,"M",4.40444444444444,189.816666666667
27,"M",4.27,189.816666666667
40,"M",4.44222222222222,189.816666666667
22,"M",4.31777777777778,189.833333333333
43,"M",4.44444444444444,189.833333333333
43,"F",4.37611111111111,189.833333333333
47,"M",4.47444444444444,189.833333333333
44,"F",4.45777777777778,189.833333333333
48,"M",4.45277777777778,189.85
42,"M",4.50833333333333,189.85
30,"M",4.41833333333333,189.85
28,"M",4.41444444444444,189.85
40,"F",4.45,189.85
32,"F",4.45277777777778,189.866666666667
29,"M",4.495,189.866666666667
43,"M",4.44444444444444,189.883333333333
45,"M",4.36888888888889,189.883333333333
47,"M",4.54666666666667,189.883333333333
45,"M",4.40888888888889,189.9
32,"M",4.435,189.9
51,"M",4.35777777777778,189.9
42,"M",4.44611111111111,189.9
29,"F",4.45777777777778,189.9
32,"M",4.28833333333333,189.9
47,"M",4.31666666666667,189.916666666667
34,"F",4.35222222222222,189.916666666667
40,"M",4.43888888888889,189.916666666667
55,"M",4.46277777777778,189.933333333333
44,"M",4.45166666666667,189.933333333333
25,"F",4.38333333333333,189.933333333333
38,"F",4.485,189.933333333333
44,"M",4.37222222222222,189.933333333333
45,"M",4.41722222222222,189.933333333333
38,"M",4.50777777777778,189.95
46,"M",4.46,189.95
47,"M",4.48388888888889,189.95
50,"M",4.41166666666667,189.95
46,"M",4.40555555555556,189.95
25,"F",4.48777777777778,189.95
52,"M",4.43666666666667,189.966666666667
34,"M",4.38333333333333,189.966666666667
45,"M",4.46833333333333,189.966666666667
52,"M",4.36944444444444,189.983333333333
42,"M",4.42611111111111,189.983333333333
50,"M",4.43111111111111,189.983333333333
31,"F",4.54111111111111,189.983333333333
47,"M",4.42555555555556,189.983333333333
30,"F",4.47555555555556,190
43,"M",4.24666666666667,190
28,"M",4.35333333333333,190.016666666667
54,"M",4.44611111111111,190.016666666667
40,"M",4.38555555555556,190.016666666667
31,"M",4.41222222222222,190.016666666667
27,"M",4.04388888888889,190.033333333333
48,"M",4.45277777777778,190.05
59,"M",4.39944444444444,190.05
38,"M",4.40944444444444,190.05
28,"M",4.39666666666667,190.05
33,"F",4.39277777777778,190.066666666667
32,"M",4.34277777777778,190.066666666667
35,"M",4.315,190.1
49,"M",4.33555555555556,190.1
40,"M",4.49777777777778,190.116666666667
34,"M",4.12722222222222,190.116666666667
49,"M",4.41722222222222,190.133333333333
46,"M",4.31055555555556,190.133333333333
39,"M",4.41444444444444,190.133333333333
45,"M",4.48388888888889,190.133333333333
44,"M",4.31888888888889,190.15
23,"F",4.42555555555556,190.166666666667
38,"M",4.275,190.166666666667
50,"M",4.32222222222222,190.183333333333
38,"M",4.56722222222222,190.183333333333
39,"M",4.59055555555556,190.183333333333
41,"M",4.51722222222222,190.183333333333
27,"M",4.255,190.183333333333
42,"M",4.38277777777778,190.2
22,"F",4.41888888888889,190.216666666667
25,"F",4.33888888888889,190.216666666667
26,"M",4.47333333333333,190.216666666667
40,"F",4.54166666666667,190.233333333333
46,"M",4.295,190.233333333333
22,"F",4.44388888888889,190.25
27,"F",4.49,190.25
42,"M",4.43388888888889,190.25
46,"M",4.45666666666667,190.25
49,"M",4.52222222222222,190.25
41,"M",4.50166666666667,190.25
41,"M",4.49,190.25
27,"F",4.43166666666667,190.25
43,"F",4.46166666666667,190.266666666667
46,"M",4.53833333333333,190.266666666667
40,"M",4.30666666666667,190.266666666667
36,"M",4.28666666666667,190.266666666667
33,"M",4.38833333333333,190.283333333333
45,"M",4.29555555555556,190.283333333333
31,"F",4.43722222222222,190.283333333333
42,"M",4.52666666666667,190.283333333333
35,"M",4.47277777777778,190.3
41,"M",4.46777777777778,190.3
27,"F",4.40166666666667,190.3
46,"M",4.48722222222222,190.316666666667
50,"M",4.44611111111111,190.316666666667
25,"M",4.37388888888889,190.316666666667
37,"M",4.46722222222222,190.316666666667
28,"M",4.33333333333333,190.333333333333
49,"M",4.45944444444444,190.333333333333
42,"M",4.44888888888889,190.333333333333
50,"M",4.23166666666667,190.35
26,"M",4.25222222222222,190.35
31,"M",4.30166666666667,190.366666666667
24,"F",4.49666666666667,190.366666666667
48,"M",4.51166666666667,190.383333333333
51,"M",4.46666666666667,190.383333333333
43,"M",4.40666666666667,190.383333333333
33,"M",4.35,190.383333333333
46,"M",4.40555555555556,190.383333333333
24,"F",4.42666666666667,190.383333333333
48,"M",4.48444444444444,190.383333333333
50,"F",4.42111111111111,190.383333333333
31,"F",4.44444444444444,190.4
24,"F",4.43388888888889,190.4
37,"M",4.41722222222222,190.4
33,"M",4.41888888888889,190.4
49,"M",4.45888888888889,190.4
25,"F",4.55111111111111,190.433333333333
33,"F",4.36111111111111,190.433333333333
38,"M",4.44111111111111,190.45
29,"F",4.47111111111111,190.45
26,"F",4.47,190.466666666667
41,"M",4.49166666666667,190.466666666667
41,"M",4.44777777777778,190.466666666667
34,"F",4.53277777777778,190.466666666667
46,"M",4.48944444444444,190.466666666667
48,"M",4.47888888888889,190.483333333333
40,"M",4.42555555555556,190.483333333333
35,"M",4.36722222222222,190.483333333333
35,"M",4.38777777777778,190.483333333333
45,"M",4.33111111111111,190.483333333333
24,"M",4.41833333333333,190.483333333333
41,"M",4.40722222222222,190.483333333333
44,"M",4.42444444444444,190.483333333333
29,"F",4.5,190.5
39,"M",4.40388888888889,190.5
36,"F",4.38333333333333,190.5
49,"M",4.47111111111111,190.5
33,"F",4.37222222222222,190.516666666667
40,"M",4.42166666666667,190.516666666667
44,"M",4.40166666666667,190.516666666667
34,"M",4.24666666666667,190.516666666667
42,"M",4.36055555555556,190.533333333333
22,"F",4.465,190.533333333333
48,"M",4.52333333333333,190.533333333333
43,"M",4.41722222222222,190.55
41,"M",4.30166666666667,190.55
34,"F",4.445,190.55
45,"M",4.41388888888889,190.55
30,"F",4.54222222222222,190.566666666667
41,"M",4.54166666666667,190.566666666667
38,"M",4.40166666666667,190.566666666667
44,"M",4.38333333333333,190.566666666667
48,"M",4.42944444444444,190.566666666667
39,"M",4.38888888888889,190.566666666667
44,"M",4.40166666666667,190.583333333333
30,"M",4.24,190.583333333333
25,"M",4.50555555555556,190.583333333333
31,"M",4.30888888888889,190.583333333333
43,"M",4.49888888888889,190.583333333333
44,"M",4.41944444444445,190.583333333333
38,"M",4.28055555555556,190.583333333333
43,"M",4.52277777777778,190.6
47,"M",4.49277777777778,190.6
46,"M",4.38611111111111,190.616666666667
37,"M",4.27111111111111,190.616666666667
32,"M",4.40777777777778,190.616666666667
25,"F",4.55277777777778,190.616666666667
32,"F",4.40944444444444,190.633333333333
54,"M",4.39277777777778,190.633333333333
37,"F",4.44,190.633333333333
29,"F",4.39611111111111,190.633333333333
44,"M",4.425,190.633333333333
45,"M",4.35555555555556,190.65
49,"M",4.33166666666667,190.65
27,"F",4.45388888888889,190.65
43,"M",4.43222222222222,190.65
46,"M",4.42388888888889,190.65
41,"M",4.44777777777778,190.666666666667
33,"M",4.34611111111111,190.666666666667
50,"M",4.42444444444444,190.666666666667
33,"F",4.53444444444444,190.666666666667
39,"M",4.39555555555556,190.666666666667
31,"F",4.415,190.683333333333
21,"M",4.08944444444444,190.683333333333
43,"M",4.51333333333333,190.683333333333
46,"F",4.51944444444444,190.683333333333
46,"M",4.53222222222222,190.716666666667
33,"M",4.24888888888889,190.716666666667
19,"F",4.43833333333333,190.716666666667
24,"F",4.41111111111111,190.733333333333
32,"F",4.41,190.733333333333
46,"M",4.49555555555556,190.733333333333
57,"M",4.47222222222222,190.733333333333
43,"M",4.41055555555556,190.733333333333
51,"M",4.53388888888889,190.75
29,"F",4.51944444444444,190.75
49,"M",4.43388888888889,190.75
41,"M",4.40388888888889,190.75
28,"F",4.44666666666667,190.75
46,"M",4.36,190.766666666667
41,"M",4.53666666666667,190.766666666667
31,"M",4.28888888888889,190.783333333333
33,"M",4.46277777777778,190.783333333333
42,"M",4.45611111111111,190.783333333333
46,"M",4.53166666666667,190.783333333333
36,"M",4.33222222222222,190.783333333333
40,"M",4.29111111111111,190.8
49,"M",4.375,190.816666666667
51,"M",4.32666666666667,190.816666666667
54,"M",4.48833333333333,190.833333333333
38,"F",4.35722222222222,190.833333333333
47,"M",4.38222222222222,190.833333333333
36,"M",4.13611111111111,190.833333333333
60,"M",4.55666666666667,190.833333333333
44,"F",4.41722222222222,190.85
35,"M",4.30388888888889,190.85
32,"M",4.37888888888889,190.85
41,"M",4.43944444444444,190.866666666667
41,"F",4.47277777777778,190.866666666667
22,"F",4.39222222222222,190.866666666667
35,"M",4.40444444444444,190.866666666667
23,"F",4.51777777777778,190.866666666667
42,"M",4.39222222222222,190.883333333333
41,"M",4.30777777777778,190.883333333333
22,"M",4.44833333333333,190.883333333333
45,"M",4.48666666666667,190.9
43,"M",4.45777777777778,190.9
51,"M",4.56833333333333,190.9
42,"F",4.49222222222222,190.9
52,"M",4.45833333333333,190.916666666667
43,"M",4.44222222222222,190.916666666667
31,"F",4.47333333333333,190.916666666667
34,"M",4.445,190.916666666667
41,"M",4.54444444444445,190.916666666667
38,"M",4.49777777777778,190.933333333333
38,"F",4.51055555555556,190.933333333333
40,"M",4.41944444444445,190.933333333333
26,"F",4.43555555555556,190.95
45,"M",4.375,190.95
45,"M",4.48444444444444,190.966666666667
27,"F",4.41555555555556,190.966666666667
46,"M",4.52388888888889,190.983333333333
40,"M",4.47111111111111,190.983333333333
47,"M",4.37833333333333,190.983333333333
46,"M",4.53888888888889,190.983333333333
49,"M",4.55444444444444,191
44,"M",4.49666666666667,191
43,"M",4.40833333333333,191.016666666667
39,"M",4.56444444444444,191.016666666667
55,"M",4.44444444444444,191.016666666667
27,"M",4.36666666666667,191.016666666667
52,"M",4.44722222222222,191.016666666667
42,"M",4.46055555555556,191.016666666667
39,"M",4.53444444444444,191.016666666667
61,"M",4.41222222222222,191.05
42,"M",4.49777777777778,191.05
45,"M",4.51055555555556,191.066666666667
42,"M",4.43277777777778,191.066666666667
47,"M",4.48333333333333,191.066666666667
37,"M",4.35555555555556,191.066666666667
43,"M",4.34833333333333,191.083333333333
53,"M",4.50777777777778,191.083333333333
22,"F",4.54611111111111,191.1
37,"M",4.30444444444444,191.1
55,"M",4.49555555555556,191.1
29,"F",4.57888888888889,191.1
40,"M",4.46611111111111,191.116666666667
45,"M",4.53944444444444,191.116666666667
45,"M",4.44888888888889,191.116666666667
40,"M",4.35944444444444,191.133333333333
36,"M",4.53444444444444,191.133333333333
45,"M",4.30055555555556,191.15
35,"M",4.37277777777778,191.15
46,"M",4.42,191.15
31,"M",4.31055555555556,191.15
42,"M",4.53555555555556,191.166666666667
40,"M",4.49444444444444,191.166666666667
31,"F",4.55777777777778,191.166666666667
52,"M",4.33722222222222,191.166666666667
43,"M",4.04666666666667,191.183333333333
42,"M",4.39944444444444,191.183333333333
48,"M",4.41,191.2
44,"M",4.40666666666667,191.2
40,"M",4.49666666666667,191.216666666667
45,"M",4.45388888888889,191.216666666667
42,"M",4.33555555555556,191.233333333333
43,"M",4.47388888888889,191.233333333333
38,"M",4.54888888888889,191.233333333333
48,"M",4.51666666666667,191.233333333333
44,"M",4.44444444444444,191.233333333333
34,"M",4.34388888888889,191.25
48,"M",4.47444444444444,191.25
26,"M",4.22833333333333,191.25
34,"F",4.51277777777778,191.283333333333
51,"M",4.42722222222222,191.283333333333
43,"M",4.49111111111111,191.3
46,"M",4.43611111111111,191.3
39,"M",4.22944444444444,191.3
33,"M",4.44611111111111,191.316666666667
42,"M",4.40722222222222,191.316666666667
42,"M",4.42388888888889,191.316666666667
48,"M",4.52722222222222,191.316666666667
40,"M",4.49444444444444,191.333333333333
26,"M",4.32,191.333333333333
42,"M",4.53777777777778,191.333333333333
25,"F",4.40111111111111,191.35
24,"F",4.38277777777778,191.35
28,"M",4.39055555555556,191.35
23,"M",4.38666666666667,191.366666666667
38,"F",4.59055555555556,191.383333333333
36,"M",4.47666666666667,191.383333333333
40,"M",4.51388888888889,191.383333333333
31,"M",4.39444444444444,191.4
48,"M",4.50666666666667,191.4
36,"M",4.39666666666667,191.4
41,"M",4.35777777777778,191.4
36,"M",4.28222222222222,191.416666666667
44,"M",4.53,191.416666666667
31,"M",4.32055555555556,191.416666666667
51,"M",4.47222222222222,191.416666666667
48,"M",4.57888888888889,191.416666666667
38,"F",4.51111111111111,191.416666666667
40,"M",4.29,191.433333333333
46,"M",4.47444444444444,191.433333333333
40,"F",4.44666666666667,191.433333333333
28,"F",4.40833333333333,191.45
42,"M",4.51777777777778,191.45
43,"M",4.55111111111111,191.45
49,"M",4.39722222222222,191.45
35,"F",4.53222222222222,191.466666666667
31,"F",4.42722222222222,191.466666666667
42,"M",4.56277777777778,191.466666666667
52,"M",4.44611111111111,191.466666666667
38,"M",4.52,191.466666666667
49,"M",4.42777777777778,191.466666666667
31,"F",4.53,191.483333333333
51,"M",4.43388888888889,191.483333333333
44,"M",4.45555555555555,191.483333333333
38,"M",4.37611111111111,191.5
26,"F",4.32,191.5
40,"M",4.40333333333333,191.5
40,"M",4.51055555555556,191.516666666667
42,"M",4.58055555555555,191.516666666667
38,"F",4.49222222222222,191.516666666667
53,"M",4.51111111111111,191.533333333333
30,"F",4.56388888888889,191.533333333333
45,"M",4.51666666666667,191.533333333333
37,"F",4.52333333333333,191.533333333333
41,"M",4.52944444444444,191.533333333333
44,"M",4.39944444444444,191.55
28,"M",4.33666666666667,191.55
42,"M",4.47444444444444,191.55
41,"M",4.39777777777778,191.55
37,"M",4.52222222222222,191.566666666667
33,"F",4.53666666666667,191.583333333333
43,"M",4.43222222222222,191.583333333333
22,"M",4.09888888888889,191.6
32,"M",4.39611111111111,191.6
34,"M",4.50888888888889,191.6
23,"F",4.41388888888889,191.6
43,"M",4.49944444444444,191.6
35,"M",4.42388888888889,191.6
42,"M",4.39833333333333,191.6
28,"F",4.55888888888889,191.616666666667
31,"M",4.45333333333333,191.616666666667
26,"F",4.40555555555556,191.616666666667
35,"M",4.47444444444444,191.616666666667
43,"M",4.35611111111111,191.616666666667
46,"M",4.51333333333333,191.616666666667
43,"M",4.43888888888889,191.633333333333
37,"M",4.41777777777778,191.633333333333
42,"M",4.57222222222222,191.633333333333
47,"M",4.49944444444444,191.65
40,"M",4.37111111111111,191.65
51,"M",4.47222222222222,191.65
47,"M",4.45111111111111,191.65
40,"M",4.555,191.666666666667
55,"M",4.54444444444445,191.683333333333
49,"M",4.50888888888889,191.683333333333
53,"M",4.40888888888889,191.7
42,"M",4.51611111111111,191.7
27,"M",4.52944444444444,191.716666666667
51,"M",4.36,191.716666666667
43,"M",4.51833333333333,191.716666666667
25,"M",4.52944444444444,191.716666666667
24,"F",4.37833333333333,191.716666666667
46,"M",4.33166666666667,191.716666666667
42,"F",4.425,191.733333333333
36,"M",4.41333333333333,191.733333333333
39,"M",4.475,191.733333333333
40,"M",4.50277777777778,191.733333333333
23,"F",4.22388888888889,191.733333333333
56,"M",4.41777777777778,191.733333333333
26,"M",4.27611111111111,191.75
46,"M",4.49888888888889,191.75
56,"M",4.46055555555556,191.75
50,"M",4.50722222222222,191.75
49,"F",4.525,191.75
45,"M",4.5,191.766666666667
41,"M",4.45555555555555,191.766666666667
40,"M",4.50222222222222,191.783333333333
38,"M",4.04722222222222,191.783333333333
31,"F",4.53,191.8
35,"M",4.34222222222222,191.8
39,"M",4.41777777777778,191.8
37,"F",4.55833333333333,191.816666666667
41,"M",4.49833333333333,191.816666666667
27,"F",4.49111111111111,191.816666666667
41,"M",4.39111111111111,191.816666666667
45,"M",4.32222222222222,191.833333333333
26,"F",4.57388888888889,191.833333333333
54,"M",4.45055555555556,191.833333333333
42,"M",4.47833333333333,191.833333333333
37,"M",4.39611111111111,191.833333333333
31,"F",4.58555555555556,191.833333333333
44,"M",4.52777777777778,191.85
38,"F",4.50944444444444,191.866666666667
40,"M",4.51444444444444,191.866666666667
44,"M",4.47777777777778,191.866666666667
42,"M",4.28333333333333,191.866666666667
45,"M",4.37222222222222,191.866666666667
35,"M",4.36722222222222,191.883333333333
51,"M",4.58166666666667,191.883333333333
42,"M",4.52,191.9
51,"M",4.56388888888889,191.9
38,"M",4.25222222222222,191.9
36,"M",4.34833333333333,191.9
60,"M",4.44222222222222,191.9
43,"M",4.49833333333333,191.9
26,"M",4.52,191.916666666667
41,"M",4.55333333333333,191.916666666667
52,"M",4.40833333333333,191.916666666667
22,"M",4.39888888888889,191.916666666667
44,"M",4.47055555555556,191.916666666667
56,"M",4.47277777777778,191.916666666667
50,"F",4.52333333333333,191.916666666667
23,"M",4.39166666666667,191.933333333333
26,"F",4.59055555555556,191.933333333333
34,"M",4.45388888888889,191.933333333333
36,"M",4.44166666666667,191.933333333333
42,"M",4.43,191.95
53,"M",4.49333333333333,191.95
41,"M",4.56166666666667,191.95
45,"M",4.52833333333333,191.95
48,"M",4.47611111111111,191.95
41,"M",4.49277777777778,191.95
43,"F",4.47166666666667,191.966666666667
42,"M",4.43,191.966666666667
48,"M",4.52944444444444,191.966666666667
45,"M",4.55277777777778,191.966666666667
49,"M",4.46277777777778,191.983333333333
26,"F",4.52611111111111,191.983333333333
49,"F",4.35388888888889,191.983333333333
41,"M",4.53055555555556,192
30,"M",4.38277777777778,192
31,"M",4.08888888888889,192.016666666667
38,"M",4.48222222222222,192.016666666667
43,"F",4.55666666666667,192.033333333333
39,"M",4.56166666666667,192.033333333333
33,"F",4.51777777777778,192.05
38,"M",4.42166666666667,192.05
29,"F",4.56388888888889,192.05
42,"M",4.58388888888889,192.066666666667
43,"M",4.41277777777778,192.066666666667
25,"F",4.47444444444444,192.066666666667
50,"M",4.48722222222222,192.083333333333
43,"M",4.50888888888889,192.083333333333
25,"M",4.64166666666667,192.083333333333
40,"M",4.55333333333333,192.1
43,"F",4.48777777777778,192.1
48,"M",4.45555555555555,192.1
49,"M",4.53611111111111,192.116666666667
26,"M",4.20722222222222,192.116666666667
53,"M",4.41166666666667,192.116666666667
29,"F",4.51277777777778,192.116666666667
25,"F",4.56833333333333,192.116666666667
41,"M",4.42666666666667,192.116666666667
43,"M",4.46722222222222,192.133333333333
53,"M",4.54222222222222,192.133333333333
50,"M",4.37388888888889,192.133333333333
31,"M",4.49222222222222,192.133333333333
25,"F",4.45888888888889,192.133333333333
29,"M",4.35833333333333,192.133333333333
46,"M",4.36444444444444,192.15
37,"F",4.53888888888889,192.15
24,"F",4.51722222222222,192.15
40,"M",4.46166666666667,192.166666666667
29,"M",4.38555555555556,192.166666666667
46,"M",4.52277777777778,192.166666666667
34,"F",4.50444444444444,192.166666666667
41,"M",4.52388888888889,192.183333333333
31,"M",4.37166666666667,192.183333333333
51,"M",4.31111111111111,192.2
32,"M",4.33555555555556,192.2
42,"M",4.49666666666667,192.2
41,"M",4.37277777777778,192.216666666667
40,"M",4.55055555555556,192.216666666667
47,"M",4.44388888888889,192.233333333333
42,"F",4.44388888888889,192.233333333333
24,"M",4.385,192.233333333333
45,"M",4.45166666666667,192.233333333333
47,"M",4.22777777777778,192.233333333333
32,"M",4.38444444444444,192.25
43,"M",4.55277777777778,192.25
41,"M",4.55777777777778,192.25
48,"M",4.51555555555556,192.25
37,"F",4.52111111111111,192.266666666667
55,"M",4.51222222222222,192.266666666667
51,"M",4.45833333333333,192.266666666667
53,"M",4.48777777777778,192.266666666667
46,"M",4.43555555555556,192.283333333333
32,"M",4.37388888888889,192.283333333333
31,"M",4.34611111111111,192.283333333333
47,"M",4.53277777777778,192.283333333333
26,"F",4.45222222222222,192.283333333333
44,"M",4.42388888888889,192.3
28,"F",4.38444444444444,192.316666666667
31,"F",4.45055555555556,192.316666666667
23,"F",4.44111111111111,192.316666666667
43,"M",4.44944444444444,192.316666666667
36,"F",4.46277777777778,192.333333333333
39,"M",4.42777777777778,192.333333333333
25,"F",4.56222222222222,192.333333333333
32,"M",4.06666666666667,192.35
24,"F",4.54166666666667,192.35
25,"F",4.57333333333333,192.35
40,"M",4.61111111111111,192.35
42,"M",4.50111111111111,192.366666666667
28,"F",4.52333333333333,192.366666666667
47,"M",4.36777777777778,192.366666666667
42,"M",4.515,192.366666666667
30,"M",4.43777777777778,192.366666666667
34,"F",4.26555555555556,192.366666666667
40,"M",4.37888888888889,192.366666666667
47,"M",4.44222222222222,192.383333333333
56,"M",4.36944444444444,192.383333333333
24,"F",4.56611111111111,192.383333333333
45,"M",4.42388888888889,192.4
53,"M",4.51,192.4
36,"M",4.46166666666667,192.4
39,"F",4.48333333333333,192.416666666667
47,"M",4.40888888888889,192.416666666667
30,"M",4.51888888888889,192.416666666667
52,"M",4.44722222222222,192.416666666667
30,"M",4.57388888888889,192.433333333333
28,"F",4.59722222222222,192.433333333333
41,"M",4.50611111111111,192.433333333333
57,"M",4.425,192.433333333333
39,"M",4.47944444444444,192.45
30,"M",4.41444444444444,192.466666666667
37,"M",4.41777777777778,192.466666666667
33,"F",4.43833333333333,192.466666666667
30,"F",4.49055555555556,192.466666666667
44,"M",4.55388888888889,192.483333333333
26,"M",4.38166666666667,192.483333333333
39,"M",4.43111111111111,192.483333333333
42,"M",4.46722222222222,192.483333333333
43,"M",4.56055555555556,192.5
42,"M",4.35666666666667,192.516666666667
28,"M",4.24111111111111,192.516666666667
56,"M",4.49444444444444,192.516666666667
40,"M",4.45277777777778,192.516666666667
29,"F",4.33611111111111,192.533333333333
49,"F",4.49055555555556,192.533333333333
32,"M",4.53722222222222,192.533333333333
43,"M",4.38388888888889,192.55
44,"M",4.45666666666667,192.55
32,"F",4.40222222222222,192.55
51,"M",4.55722222222222,192.566666666667
31,"F",4.44166666666667,192.566666666667
36,"M",4.27,192.566666666667
44,"M",4.56166666666667,192.566666666667
41,"M",4.53166666666667,192.566666666667
35,"M",4.45777777777778,192.566666666667
43,"M",4.54333333333333,192.583333333333
44,"M",4.54333333333333,192.583333333333
50,"M",4.48666666666667,192.583333333333
28,"F",4.505,192.6
47,"M",4.58388888888889,192.616666666667
50,"M",4.44944444444444,192.633333333333
26,"M",4.50388888888889,192.633333333333
59,"M",4.50333333333333,192.633333333333
41,"M",4.45777777777778,192.633333333333
29,"M",4.40611111111111,192.633333333333
22,"M",4.27611111111111,192.633333333333
20,"M",4.47444444444444,192.633333333333
30,"M",4.59055555555556,192.633333333333
33,"F",4.51055555555556,192.65
34,"M",4.48555555555556,192.65
36,"F",4.49388888888889,192.65
52,"M",4.54333333333333,192.666666666667
54,"M",4.50944444444444,192.666666666667
38,"M",4.58222222222222,192.666666666667
40,"F",4.52611111111111,192.666666666667
28,"F",4.44277777777778,192.683333333333
39,"F",4.49222222222222,192.683333333333
34,"F",4.53888888888889,192.7
47,"M",4.60166666666667,192.7
35,"M",4.46777777777778,192.7
43,"M",4.53277777777778,192.716666666667
56,"M",4.53166666666667,192.716666666667
38,"M",4.43555555555556,192.716666666667
33,"M",4.53666666666667,192.716666666667
41,"M",4.42166666666667,192.733333333333
34,"F",4.50777777777778,192.733333333333
39,"M",4.51888888888889,192.733333333333
36,"F",4.46722222222222,192.733333333333
42,"M",4.40444444444444,192.733333333333
49,"M",4.48777777777778,192.75
26,"F",4.54944444444444,192.75
27,"F",4.35333333333333,192.75
39,"M",4.535,192.75
50,"M",4.34722222222222,192.766666666667
38,"M",4.53611111111111,192.766666666667
55,"M",4.33777777777778,192.783333333333
48,"M",4.515,192.783333333333
46,"M",4.23166666666667,192.783333333333
42,"M",4.30833333333333,192.783333333333
35,"M",4.525,192.8
32,"F",4.49444444444444,192.8
62,"M",4.48444444444444,192.8
44,"M",4.52,192.8
41,"F",4.58611111111111,192.816666666667
36,"F",4.53944444444444,192.816666666667
45,"M",4.31833333333333,192.816666666667
43,"M",4.52277777777778,192.816666666667
48,"M",4.42333333333333,192.816666666667
43,"M",4.51944444444444,192.816666666667
22,"F",4.61,192.833333333333
36,"M",4.55555555555556,192.833333333333
30,"M",4.59722222222222,192.833333333333
33,"M",4.40444444444444,192.833333333333
41,"M",4.34055555555556,192.833333333333
25,"F",4.26555555555556,192.85
42,"M",4.54611111111111,192.85
46,"M",4.45277777777778,192.85
40,"M",4.495,192.85
42,"M",4.40055555555556,192.85
60,"F",4.45388888888889,192.85
49,"M",4.44555555555556,192.85
47,"M",4.36222222222222,192.85
22,"M",4.50777777777778,192.866666666667
42,"M",4.38888888888889,192.866666666667
41,"M",4.42666666666667,192.866666666667
46,"M",4.48,192.866666666667
32,"M",4.50166666666667,192.866666666667
47,"M",4.525,192.866666666667
45,"F",4.47333333333333,192.883333333333
45,"M",4.58222222222222,192.883333333333
28,"M",4.07333333333333,192.883333333333
38,"M",4.43444444444444,192.883333333333
34,"F",4.52388888888889,192.883333333333
42,"M",4.55111111111111,192.883333333333
47,"M",4.40833333333333,192.9
42,"F",4.54,192.9
43,"M",4.54277777777778,192.9
33,"F",4.49555555555556,192.9
53,"M",4.55166666666667,192.9
35,"M",4.38444444444444,192.9
31,"F",4.53166666666667,192.916666666667
40,"M",4.29444444444445,192.916666666667
28,"M",4.38055555555556,192.916666666667
53,"M",4.55444444444444,192.933333333333
35,"F",4.505,192.933333333333
27,"M",4.30944444444444,192.933333333333
46,"M",4.48777777777778,192.933333333333
26,"F",4.59333333333333,192.933333333333
53,"M",4.48722222222222,192.933333333333
56,"M",4.43722222222222,192.95
35,"M",4.38333333333333,192.95
51,"M",4.445,192.95
30,"F",4.58944444444444,192.95
47,"M",4.6,192.95
32,"F",4.65666666666667,192.95
42,"M",4.50388888888889,192.95
41,"M",4.51666666666667,192.95
42,"M",4.46555555555556,192.95
53,"M",4.37222222222222,192.966666666667
28,"M",4.40277777777778,192.966666666667
43,"M",4.19444444444444,192.966666666667
40,"M",4.53444444444444,192.966666666667
41,"F",4.54888888888889,192.966666666667
35,"F",4.33444444444444,192.983333333333
27,"F",4.39666666666667,192.983333333333
46,"M",4.51222222222222,192.983333333333
30,"F",4.55222222222222,192.983333333333
32,"F",4.54333333333333,193
53,"M",4.52666666666667,193
43,"M",4.41666666666667,193
43,"M",4.52833333333333,193
47,"M",4.47555555555556,193
25,"F",4.47333333333333,193
46,"M",4.56555555555556,193.016666666667
40,"F",4.34055555555556,193.016666666667
27,"F",4.30166666666667,193.016666666667
30,"F",4.57222222222222,193.033333333333
38,"M",4.56277777777778,193.05
50,"M",4.40055555555556,193.05
38,"M",4.42277777777778,193.05
54,"M",4.48444444444444,193.066666666667
41,"M",4.37888888888889,193.066666666667
46,"M",4.42666666666667,193.066666666667
41,"M",4.53444444444444,193.066666666667
47,"M",4.63166666666667,193.083333333333
31,"M",4.48388888888889,193.083333333333
32,"M",4.22777777777778,193.083333333333
55,"M",4.42611111111111,193.083333333333
41,"M",4.53388888888889,193.1
41,"F",4.48,193.1
46,"M",4.51111111111111,193.1
37,"M",4.60944444444444,193.1
27,"F",4.60555555555556,193.116666666667
43,"M",4.335,193.116666666667
45,"M",4.42555555555556,193.116666666667
58,"M",4.40333333333333,193.116666666667
41,"M",4.38944444444444,193.116666666667
22,"M",4.46277777777778,193.116666666667
34,"M",4.37222222222222,193.133333333333
37,"M",4.61722222222222,193.133333333333
25,"F",4.54111111111111,193.133333333333
31,"F",4.49722222222222,193.133333333333
42,"M",4.48722222222222,193.133333333333
29,"M",4.55111111111111,193.133333333333
46,"M",4.57444444444444,193.15
42,"M",4.45777777777778,193.15
46,"M",4.33555555555556,193.15
26,"M",4.49166666666667,193.15
49,"M",4.56055555555556,193.15
35,"M",4.40388888888889,193.15
27,"M",4.49166666666667,193.15
43,"M",4.46777777777778,193.15
35,"M",4.36611111111111,193.166666666667
27,"M",4.40277777777778,193.166666666667
30,"M",4.43111111111111,193.166666666667
25,"M",4.47888888888889,193.166666666667
42,"M",4.55388888888889,193.183333333333
40,"M",4.57222222222222,193.183333333333
47,"M",4.45888888888889,193.2
45,"M",4.52666666666667,193.2
51,"M",4.25111111111111,193.2
24,"F",4.45222222222222,193.2
47,"M",4.50111111111111,193.2
51,"M",4.48055555555556,193.216666666667
42,"F",4.49,193.216666666667
50,"M",4.495,193.216666666667
40,"F",4.52444444444444,193.233333333333
30,"F",4.49388888888889,193.233333333333
29,"M",4.32555555555556,193.233333333333
34,"F",4.43833333333333,193.233333333333
47,"M",4.51166666666667,193.233333333333
56,"M",4.54277777777778,193.25
31,"M",4.33777777777778,193.25
29,"M",4.28,193.25
23,"F",4.47166666666667,193.266666666667
44,"M",4.58166666666667,193.266666666667
42,"M",4.415,193.283333333333
29,"M",4.38777777777778,193.283333333333
31,"M",4.25555555555556,193.3
23,"F",4.58277777777778,193.3
59,"M",4.46888888888889,193.3
45,"M",4.37,193.3
40,"M",4.42277777777778,193.316666666667
40,"M",4.54333333333333,193.316666666667
34,"M",4.53166666666667,193.316666666667
38,"M",4.51944444444444,193.316666666667
33,"M",4.11111111111111,193.333333333333
41,"F",4.51722222222222,193.333333333333
46,"M",4.49166666666667,193.333333333333
24,"M",4.27666666666667,193.333333333333
53,"M",4.47333333333333,193.333333333333
32,"M",4.52888888888889,193.35
24,"F",4.47777777777778,193.35
27,"M",4.29611111111111,193.35
27,"M",4.47444444444444,193.35
27,"M",4.47444444444444,193.35
30,"F",4.51,193.35
24,"M",4.23388888888889,193.35
35,"F",4.47388888888889,193.35
36,"F",4.54388888888889,193.35
34,"M",4.49222222222222,193.35
47,"F",4.55055555555556,193.35
31,"M",4.54722222222222,193.35
41,"M",4.47111111111111,193.366666666667
36,"M",4.36666666666667,193.366666666667
29,"F",4.53444444444444,193.366666666667
41,"M",4.51944444444444,193.366666666667
41,"M",4.44222222222222,193.383333333333
45,"M",4.555,193.383333333333
38,"M",4.53722222222222,193.4
38,"F",4.56944444444444,193.4
32,"F",4.485,193.4
48,"M",4.53722222222222,193.4
46,"M",4.54611111111111,193.4
28,"M",4.03444444444444,193.4
45,"M",4.37555555555556,193.4
43,"M",4.49111111111111,193.416666666667
33,"M",4.38611111111111,193.416666666667
37,"F",4.42277777777778,193.416666666667
26,"F",4.55111111111111,193.416666666667
32,"M",4.34555555555556,193.416666666667
57,"M",4.49333333333333,193.416666666667
50,"M",4.5,193.433333333333
39,"M",4.40777777777778,193.433333333333
43,"M",4.48055555555556,193.433333333333
26,"F",4.57777777777778,193.45
30,"F",4.56,193.45
51,"M",4.49611111111111,193.466666666667
26,"F",4.57777777777778,193.466666666667
47,"M",4.50055555555556,193.466666666667
43,"M",4.48555555555556,193.483333333333
45,"M",4.58833333333333,193.483333333333
41,"M",4.53444444444444,193.483333333333
53,"M",4.53611111111111,193.5
31,"F",4.58222222222222,193.516666666667
37,"M",4.48111111111111,193.516666666667
35,"F",4.47833333333333,193.516666666667
42,"M",4.44166666666667,193.516666666667
44,"M",4.47555555555556,193.533333333333
40,"F",4.58166666666667,193.533333333333
28,"F",4.56611111111111,193.533333333333
43,"M",4.41722222222222,193.533333333333
31,"M",4.30777777777778,193.533333333333
31,"M",4.44055555555556,193.533333333333
30,"F",4.50166666666667,193.55
28,"M",4.37166666666667,193.55
40,"M",4.45166666666667,193.566666666667
28,"F",4.06277777777778,193.566666666667
48,"M",4.59222222222222,193.566666666667
26,"M",4.56166666666667,193.566666666667
36,"M",4.06777777777778,193.566666666667
44,"M",4.50333333333333,193.583333333333
48,"M",4.54944444444444,193.583333333333
24,"F",4.52666666666667,193.583333333333
44,"F",4.52722222222222,193.583333333333
26,"M",4.47944444444444,193.583333333333
35,"F",4.57388888888889,193.583333333333
37,"F",4.61111111111111,193.583333333333
32,"F",4.48,193.6
44,"M",4.54444444444445,193.6
44,"M",4.51222222222222,193.6
49,"M",4.54666666666667,193.6
25,"F",4.35666666666667,193.616666666667
34,"M",4.36166666666667,193.616666666667
29,"F",4.64944444444444,193.633333333333
37,"M",4.47944444444444,193.633333333333
49,"M",4.48055555555556,193.633333333333
53,"M",4.48666666666667,193.633333333333
33,"F",4.47611111111111,193.633333333333
43,"M",4.42611111111111,193.65
24,"F",4.57555555555556,193.65
33,"M",4.37611111111111,193.65
38,"M",4.50333333333333,193.65
38,"M",4.44611111111111,193.666666666667
40,"M",4.43444444444444,193.666666666667
46,"M",4.33222222222222,193.666666666667
55,"M",4.59444444444444,193.683333333333
35,"F",4.47111111111111,193.683333333333
39,"M",4.37333333333333,193.7
49,"M",4.52055555555556,193.7
46,"M",4.53166666666667,193.716666666667
26,"M",4.52722222222222,193.716666666667
34,"F",4.63611111111111,193.716666666667
44,"M",4.55222222222222,193.716666666667
55,"M",4.55388888888889,193.716666666667
23,"M",4.55111111111111,193.716666666667
42,"M",4.53222222222222,193.716666666667
44,"M",4.50944444444444,193.733333333333
39,"M",4.54277777777778,193.733333333333
26,"F",4.55777777777778,193.75
30,"F",4.59388888888889,193.75
48,"M",4.47555555555556,193.75
45,"M",4.51666666666667,193.75
49,"M",4.28388888888889,193.766666666667
55,"M",4.47888888888889,193.766666666667
43,"M",4.38,193.766666666667
28,"F",4.58833333333333,193.766666666667
42,"M",4.49722222222222,193.766666666667
43,"M",4.56722222222222,193.766666666667
48,"M",4.57611111111111,193.766666666667
52,"M",4.58777777777778,193.766666666667
52,"M",4.62055555555556,193.783333333333
26,"F",4.54555555555556,193.783333333333
27,"F",4.29333333333333,193.783333333333
38,"M",4.39055555555556,193.783333333333
47,"M",4.54777777777778,193.8
34,"F",4.47,193.8
44,"M",4.23388888888889,193.8
35,"F",4.53277777777778,193.8
46,"M",4.52888888888889,193.816666666667
49,"M",4.39888888888889,193.816666666667
35,"M",4.61277777777778,193.816666666667
37,"M",4.45222222222222,193.816666666667
39,"M",4.48833333333333,193.816666666667
29,"M",4.57,193.833333333333
57,"M",4.63888888888889,193.833333333333
26,"F",4.61055555555556,193.85
44,"M",4.53777777777778,193.85
33,"F",4.35722222222222,193.85
48,"M",4.62111111111111,193.866666666667
28,"F",4.50388888888889,193.866666666667
29,"M",4.65944444444444,193.883333333333
47,"M",4.32611111111111,193.883333333333
41,"M",4.60055555555556,193.883333333333
32,"M",4.41,193.883333333333
30,"F",4.50611111111111,193.9
37,"F",4.54388888888889,193.916666666667
42,"M",4.48055555555556,193.916666666667
27,"M",4.40166666666667,193.916666666667
43,"M",4.48888888888889,193.916666666667
53,"F",4.54833333333333,193.933333333333
46,"M",4.52222222222222,193.933333333333
51,"M",4.59111111111111,193.933333333333
33,"F",4.58777777777778,193.933333333333
41,"M",4.575,193.933333333333
49,"M",4.68555555555556,193.933333333333
52,"M",4.54333333333333,193.95
35,"F",4.47944444444444,193.95
25,"F",4.40666666666667,193.95
45,"M",4.51777777777778,193.95
24,"M",4.635,193.95
26,"F",4.54611111111111,193.966666666667
51,"F",4.50833333333333,193.966666666667
49,"F",4.55222222222222,193.966666666667
42,"M",4.56833333333333,193.966666666667
39,"M",4.50055555555556,193.966666666667
43,"M",4.47333333333333,193.966666666667
40,"M",4.47722222222222,193.983333333333
56,"M",4.44611111111111,193.983333333333
46,"M",4.50277777777778,193.983333333333
46,"M",4.44722222222222,193.983333333333
31,"F",4.58,194
33,"F",4.48722222222222,194
40,"M",4.59111111111111,194
23,"F",4.34888888888889,194
39,"M",4.38666666666667,194.016666666667
33,"M",4.58444444444444,194.016666666667
20,"M",4.40277777777778,194.016666666667
48,"M",4.56277777777778,194.033333333333
40,"M",4.45833333333333,194.033333333333
32,"M",4.32833333333333,194.033333333333
41,"M",4.56944444444444,194.033333333333
40,"M",4.55777777777778,194.033333333333
45,"M",4.49111111111111,194.033333333333
36,"M",4.57333333333333,194.05
40,"M",4.46388888888889,194.05
35,"F",4.61388888888889,194.05
47,"M",4.53722222222222,194.066666666667
50,"M",4.47111111111111,194.066666666667
37,"M",4.37055555555556,194.083333333333
51,"M",4.49722222222222,194.083333333333
55,"M",4.41666666666667,194.083333333333
35,"M",4.33444444444444,194.083333333333
47,"F",4.665,194.1
42,"M",4.43333333333333,194.1
49,"M",4.545,194.1
41,"M",4.61222222222222,194.1
22,"M",4.36722222222222,194.116666666667
33,"M",4.45611111111111,194.116666666667
44,"M",4.55277777777778,194.116666666667
45,"M",4.56222222222222,194.116666666667
40,"M",4.54555555555556,194.116666666667
22,"F",4.48222222222222,194.133333333333
43,"M",4.49888888888889,194.133333333333
49,"M",4.51,194.133333333333
42,"M",4.60277777777778,194.15
46,"M",4.57222222222222,194.15
45,"M",4.60611111111111,194.15
43,"M",4.385,194.15
50,"M",4.41444444444444,194.15
48,"M",4.55333333333333,194.15
36,"F",4.57166666666667,194.15
37,"M",4.49777777777778,194.166666666667
43,"M",4.51166666666667,194.166666666667
27,"F",4.53333333333333,194.166666666667
28,"F",4.60111111111111,194.166666666667
49,"M",4.51222222222222,194.166666666667
42,"M",4.45722222222222,194.183333333333
32,"M",4.52,194.183333333333
35,"M",4.30666666666667,194.183333333333
43,"F",4.51388888888889,194.183333333333
37,"M",4.46555555555556,194.183333333333
59,"M",4.48777777777778,194.2
37,"F",4.55722222222222,194.2
52,"M",4.67111111111111,194.2
49,"M",4.51888888888889,194.2
23,"M",4.54555555555556,194.2
49,"M",4.565,194.2
40,"F",4.56111111111111,194.2
32,"F",4.53833333333333,194.216666666667
38,"F",4.52777777777778,194.216666666667
42,"M",4.40055555555556,194.216666666667
42,"M",4.425,194.216666666667
42,"M",4.47055555555556,194.216666666667
36,"M",4.58777777777778,194.216666666667
34,"F",4.51888888888889,194.216666666667
40,"M",4.85444444444444,194.216666666667
48,"M",4.535,194.233333333333
34,"M",4.39555555555556,194.233333333333
41,"M",4.50444444444444,194.233333333333
27,"F",4.37833333333333,194.233333333333
46,"M",4.44555555555556,194.233333333333
20,"F",4.55,194.25
43,"M",4.47222222222222,194.25
36,"M",4.46055555555556,194.25
39,"M",4.26277777777778,194.25
41,"M",4.45333333333333,194.266666666667
50,"M",4.48111111111111,194.266666666667
36,"M",4.36333333333333,194.283333333333
24,"F",4.49444444444444,194.283333333333
43,"M",4.49444444444444,194.283333333333
45,"M",4.49833333333333,194.283333333333
28,"M",4.46333333333333,194.283333333333
31,"M",4.49111111111111,194.283333333333
36,"F",4.59722222222222,194.3
53,"M",4.40777777777778,194.3
40,"M",4.32777777777778,194.3
54,"M",4.515,194.316666666667
47,"M",4.55777777777778,194.316666666667
43,"M",4.39611111111111,194.316666666667
22,"M",4.49277777777778,194.316666666667
30,"M",4.64166666666667,194.316666666667
29,"F",4.45166666666667,194.333333333333
47,"M",4.54111111111111,194.333333333333
40,"M",4.43944444444444,194.333333333333
27,"F",4.57444444444444,194.333333333333
34,"M",4.66388888888889,194.333333333333
45,"M",4.62333333333333,194.35
26,"F",4.63333333333333,194.35
32,"F",4.65944444444444,194.35
37,"F",4.68166666666667,194.366666666667
25,"F",4.44,194.366666666667
48,"M",4.46777777777778,194.366666666667
31,"F",4.625,194.383333333333
26,"F",4.63722222222222,194.383333333333
34,"M",4.50444444444444,194.383333333333
54,"M",4.58444444444444,194.383333333333
45,"M",4.63722222222222,194.4
55,"M",4.54111111111111,194.4
47,"M",4.49944444444444,194.4
53,"M",4.55555555555556,194.416666666667
43,"M",4.42333333333333,194.416666666667
28,"M",4.33555555555556,194.416666666667
51,"M",4.40444444444444,194.433333333333
49,"M",4.51055555555556,194.433333333333
52,"M",4.57111111111111,194.433333333333
47,"F",4.51555555555556,194.433333333333
28,"F",4.35555555555556,194.433333333333
38,"M",4.31444444444444,194.45
40,"M",4.56833333333333,194.45
35,"M",4.49166666666667,194.45
50,"M",4.60277777777778,194.466666666667
41,"M",4.35777777777778,194.466666666667
47,"M",4.61777777777778,194.466666666667
27,"F",4.36388888888889,194.466666666667
27,"F",4.63333333333333,194.466666666667
43,"M",4.47888888888889,194.483333333333
54,"M",4.46722222222222,194.483333333333
48,"M",4.57444444444444,194.483333333333
24,"F",4.615,194.483333333333
41,"M",4.54555555555556,194.483333333333
33,"F",4.59722222222222,194.483333333333
43,"M",4.49555555555556,194.5
35,"M",4.43055555555556,194.5
50,"M",4.43722222222222,194.5
46,"M",4.56833333333333,194.5
39,"M",4.59444444444444,194.5
47,"M",4.52333333333333,194.5
45,"M",4.59444444444444,194.5
39,"M",4.55,194.5
38,"F",4.58333333333333,194.5
37,"F",4.53722222222222,194.516666666667
46,"M",4.52277777777778,194.516666666667
47,"M",4.51166666666667,194.516666666667
46,"M",4.53722222222222,194.533333333333
47,"M",4.60388888888889,194.533333333333
28,"M",4.37666666666667,194.533333333333
53,"M",4.58222222222222,194.533333333333
48,"F",4.51166666666667,194.533333333333
42,"M",4.58555555555556,194.55
26,"F",4.56888888888889,194.55
29,"M",4.22777777777778,194.55
28,"M",4.38944444444444,194.55
48,"M",4.40888888888889,194.55
48,"M",4.57833333333333,194.55
46,"F",4.51944444444444,194.566666666667
45,"M",4.54111111111111,194.566666666667
46,"M",4.57666666666667,194.583333333333
34,"F",4.56777777777778,194.583333333333
31,"M",4.32722222222222,194.583333333333
45,"M",4.62833333333333,194.6
57,"M",4.56,194.6
47,"M",4.56833333333333,194.6
45,"M",4.50055555555556,194.6
43,"F",4.41333333333333,194.6
57,"M",4.56777777777778,194.6
28,"F",4.58166666666667,194.616666666667
48,"F",4.53055555555556,194.616666666667
35,"F",4.49,194.616666666667
48,"M",4.52388888888889,194.616666666667
42,"M",4.49222222222222,194.616666666667
53,"M",4.46388888888889,194.616666666667
38,"F",4.57111111111111,194.633333333333
51,"M",4.53444444444444,194.633333333333
37,"M",4.4,194.633333333333
30,"F",4.67388888888889,194.633333333333
29,"F",4.41777777777778,194.633333333333
39,"M",4.475,194.65
35,"F",4.56055555555556,194.65
53,"M",4.55222222222222,194.65
28,"F",4.58555555555556,194.65
46,"M",4.55111111111111,194.666666666667
62,"M",4.57,194.666666666667
55,"F",4.5,194.666666666667
48,"M",4.41,194.666666666667
25,"F",4.62333333333333,194.666666666667
25,"F",4.48777777777778,194.666666666667
26,"F",4.53611111111111,194.683333333333
35,"M",4.49333333333333,194.683333333333
44,"M",4.49944444444444,194.7
42,"F",4.55888888888889,194.716666666667
54,"M",4.52166666666667,194.716666666667
46,"M",4.54166666666667,194.716666666667
40,"M",4.58944444444444,194.716666666667
55,"M",4.47666666666667,194.716666666667
27,"M",4.52111111111111,194.716666666667
40,"M",4.31166666666667,194.733333333333
40,"M",4.43722222222222,194.733333333333
25,"M",4.26,194.733333333333
47,"M",4.54666666666667,194.733333333333
33,"F",4.42888888888889,194.733333333333
35,"F",4.51222222222222,194.75
45,"M",4.39611111111111,194.75
40,"F",4.50888888888889,194.75
48,"M",4.63888888888889,194.75
49,"M",4.54833333333333,194.75
43,"M",4.43722222222222,194.766666666667
51,"M",4.41,194.766666666667
22,"F",4.59444444444444,194.766666666667
45,"M",4.62944444444444,194.766666666667
38,"M",4.49277777777778,194.783333333333
50,"M",4.62444444444444,194.783333333333
47,"M",4.62833333333333,194.783333333333
43,"M",4.46055555555556,194.783333333333
33,"F",4.48333333333333,194.783333333333
29,"M",4.46444444444444,194.783333333333
38,"M",4.44388888888889,194.783333333333
49,"M",4.57777777777778,194.8
47,"M",4.53777777777778,194.8
49,"M",4.58166666666667,194.8
48,"M",4.59444444444444,194.816666666667
44,"M",4.50166666666667,194.833333333333
48,"M",4.50777777777778,194.833333333333
47,"M",4.59444444444444,194.833333333333
48,"M",4.56,194.833333333333
23,"F",4.52944444444444,194.833333333333
46,"M",4.60222222222222,194.85
47,"M",4.46611111111111,194.85
46,"M",4.53666666666667,194.85
28,"M",4.51888888888889,194.85
29,"M",4.51944444444444,194.866666666667
48,"M",4.52222222222222,194.866666666667
42,"F",4.73333333333333,194.866666666667
50,"M",4.54722222222222,194.866666666667
41,"M",4.61888888888889,194.883333333333
44,"M",4.58,194.9
44,"M",4.5,194.9
55,"M",4.57611111111111,194.916666666667
49,"M",4.45722222222222,194.916666666667
42,"M",4.57722222222222,194.916666666667
39,"M",4.45777777777778,194.916666666667
32,"F",4.55944444444444,194.95
37,"F",4.64,194.95
35,"F",4.59055555555556,194.95
45,"F",4.56055555555556,194.95
43,"M",4.60055555555556,194.95
23,"F",4.57277777777778,194.966666666667
30,"F",4.57388888888889,194.966666666667
29,"F",4.60444444444444,194.966666666667
42,"M",4.575,194.966666666667
39,"M",4.52388888888889,194.966666666667
49,"M",4.65666666666667,194.966666666667
25,"M",4.45444444444444,194.983333333333
35,"M",4.43888888888889,194.983333333333
44,"M",4.545,195
42,"M",4.59611111111111,195
25,"F",4.56388888888889,195
52,"M",4.60611111111111,195
40,"F",4.59611111111111,195.016666666667
36,"F",4.51944444444444,195.033333333333
27,"F",4.66388888888889,195.033333333333
38,"M",4.42833333333333,195.033333333333
37,"M",4.40888888888889,195.033333333333
50,"M",4.55777777777778,195.033333333333
50,"M",4.515,195.033333333333
32,"F",4.545,195.033333333333
49,"M",4.53222222222222,195.033333333333
50,"M",4.54222222222222,195.05
32,"F",4.50444444444444,195.066666666667
45,"M",4.57166666666667,195.066666666667
30,"F",4.55722222222222,195.066666666667
50,"M",4.57222222222222,195.066666666667
30,"F",4.59277777777778,195.066666666667
49,"M",4.63444444444444,195.066666666667
42,"M",4.39111111111111,195.066666666667
33,"M",4.42333333333333,195.066666666667
31,"F",4.58722222222222,195.083333333333
46,"M",4.53611111111111,195.083333333333
43,"M",4.56666666666667,195.083333333333
48,"M",4.49277777777778,195.083333333333
21,"M",4.26555555555556,195.083333333333
46,"M",4.42833333333333,195.1
49,"M",4.56611111111111,195.1
26,"M",4.26444444444444,195.1
27,"M",4.50277777777778,195.1
50,"M",4.53666666666667,195.116666666667
27,"F",4.51444444444444,195.116666666667
38,"M",4.50388888888889,195.116666666667
41,"M",4.61444444444444,195.133333333333
47,"F",4.52111111111111,195.133333333333
27,"F",4.60666666666667,195.133333333333
45,"M",4.48444444444444,195.15
50,"M",4.53888888888889,195.166666666667
49,"M",4.71611111111111,195.166666666667
39,"F",4.53944444444444,195.166666666667
29,"F",4.50666666666667,195.166666666667
47,"M",4.64277777777778,195.183333333333
32,"M",3.95388888888889,195.183333333333
48,"M",4.59111111111111,195.183333333333
43,"M",4.60277777777778,195.183333333333
33,"F",4.57611111111111,195.2
49,"M",4.56944444444444,195.216666666667
51,"M",4.47166666666667,195.216666666667
50,"M",4.51722222222222,195.216666666667
43,"F",4.56444444444444,195.233333333333
49,"M",4.48277777777778,195.233333333333
35,"F",4.55777777777778,195.233333333333
44,"M",4.33,195.233333333333
45,"M",4.64944444444444,195.25
23,"M",4.52888888888889,195.25
42,"M",4.50555555555556,195.25
33,"F",4.57833333333333,195.25
50,"M",4.48277777777778,195.25
40,"M",4.34166666666667,195.25
32,"M",4.35611111111111,195.266666666667
25,"F",4.57388888888889,195.266666666667
47,"M",4.62722222222222,195.266666666667
41,"M",4.44444444444444,195.283333333333
56,"M",4.53722222222222,195.283333333333
55,"M",4.57,195.283333333333
42,"M",4.54166666666667,195.3
35,"F",4.655,195.3
52,"M",4.57333333333333,195.316666666667
48,"F",4.34888888888889,195.316666666667
35,"M",4.51888888888889,195.333333333333
49,"M",4.60055555555556,195.333333333333
42,"M",4.52222222222222,195.333333333333
37,"M",4.55611111111111,195.333333333333
60,"M",4.45944444444444,195.333333333333
41,"M",4.50944444444444,195.333333333333
30,"F",4.59666666666667,195.35
23,"M",4.20666666666667,195.35
33,"M",4.36055555555556,195.35
35,"F",4.58166666666667,195.366666666667
25,"F",4.65,195.366666666667
33,"F",4.37611111111111,195.366666666667
49,"M",4.55944444444444,195.366666666667
26,"F",4.52888888888889,195.383333333333
45,"M",4.54222222222222,195.383333333333
37,"M",4.46777777777778,195.383333333333
47,"M",4.60833333333333,195.383333333333
40,"M",4.515,195.383333333333
25,"F",4.65388888888889,195.383333333333
52,"M",4.53,195.383333333333
47,"M",4.60222222222222,195.383333333333
36,"M",4.40833333333333,195.383333333333
28,"F",4.70111111111111,195.383333333333
45,"M",4.3,195.4
46,"M",4.53388888888889,195.416666666667
47,"M",4.53388888888889,195.416666666667
48,"M",4.58166666666667,195.433333333333
46,"M",4.56166666666667,195.433333333333
32,"F",4.66388888888889,195.45
43,"F",4.56166666666667,195.45
56,"M",4.60888888888889,195.466666666667
49,"M",4.60722222222222,195.466666666667
51,"M",4.42444444444444,195.466666666667
46,"M",4.53611111111111,195.466666666667
39,"M",4.53555555555556,195.483333333333
41,"M",4.58,195.483333333333
23,"F",4.615,195.483333333333
41,"M",4.37944444444444,195.483333333333
40,"M",4.62666666666667,195.483333333333
40,"M",4.61444444444444,195.5
41,"M",4.59833333333333,195.5
35,"F",4.56666666666667,195.5
44,"M",4.48222222222222,195.533333333333
45,"M",4.49388888888889,195.533333333333
28,"F",4.62,195.55
38,"M",4.59277777777778,195.566666666667
46,"M",4.56888888888889,195.566666666667
31,"M",4.51888888888889,195.566666666667
38,"F",4.57666666666667,195.583333333333
43,"F",4.57666666666667,195.583333333333
42,"M",4.58777777777778,195.583333333333
26,"F",4.68722222222222,195.583333333333
43,"M",4.44944444444444,195.583333333333
39,"M",4.59555555555556,195.6
46,"M",4.515,195.6
35,"F",4.51055555555556,195.6
46,"M",4.49166666666667,195.6
52,"M",4.475,195.616666666667
26,"F",4.62111111111111,195.616666666667
36,"M",4.32777777777778,195.633333333333
45,"M",4.64944444444444,195.65
44,"M",4.40944444444444,195.65
45,"M",4.58944444444444,195.65
33,"M",4.50777777777778,195.666666666667
35,"M",4.50777777777778,195.666666666667
45,"M",4.665,195.666666666667
48,"M",4.31555555555556,195.683333333333
27,"M",4.50055555555556,195.7
46,"M",4.52,195.7
25,"F",4.53555555555556,195.7
39,"M",4.70666666666667,195.7
46,"M",4.57166666666667,195.716666666667
21,"F",4.64055555555556,195.716666666667
35,"M",4.42944444444444,195.716666666667
53,"M",4.525,195.733333333333
47,"M",4.54833333333333,195.733333333333
48,"M",4.44666666666667,195.733333333333
53,"M",4.56611111111111,195.75
27,"M",4.455,195.75
41,"M",4.605,195.75
38,"M",4.605,195.75
50,"M",4.44722222222222,195.766666666667
28,"F",4.62055555555556,195.766666666667
38,"M",4.40166666666667,195.783333333333
43,"F",4.54611111111111,195.783333333333
29,"F",4.71833333333333,195.783333333333
51,"M",4.55388888888889,195.783333333333
28,"F",4.56833333333333,195.783333333333
35,"F",4.65055555555556,195.783333333333
51,"M",4.55833333333333,195.783333333333
50,"M",4.53333333333333,195.8
25,"F",4.73222222222222,195.8
37,"F",4.635,195.8
24,"F",4.59722222222222,195.8
34,"F",4.55444444444444,195.8
19,"M",4.27611111111111,195.8
31,"F",4.66777777777778,195.816666666667
47,"M",4.49777777777778,195.816666666667
47,"M",4.51222222222222,195.816666666667
27,"F",4.53333333333333,195.816666666667
41,"M",4.54333333333333,195.816666666667
23,"F",4.50555555555556,195.816666666667
19,"F",4.66777777777778,195.816666666667
47,"M",4.30888888888889,195.816666666667
32,"F",4.64611111111111,195.833333333333
47,"M",4.56277777777778,195.833333333333
47,"M",4.605,195.85
28,"F",4.70277777777778,195.85
41,"M",4.52111111111111,195.85
51,"M",4.53166666666667,195.85
46,"M",4.43111111111111,195.85
37,"F",4.46166666666667,195.85
52,"M",4.66944444444445,195.85
43,"M",4.57777777777778,195.866666666667
41,"M",4.62555555555556,195.866666666667
45,"M",4.43055555555556,195.866666666667
47,"M",4.54611111111111,195.883333333333
46,"M",4.52222222222222,195.883333333333
28,"F",4.60222222222222,195.9
45,"M",4.63722222222222,195.9
50,"M",4.48333333333333,195.9
38,"F",4.64722222222222,195.9
47,"M",4.68666666666667,195.916666666667
47,"M",4.36666666666667,195.916666666667
42,"M",4.34222222222222,195.933333333333
24,"F",4.58166666666667,195.933333333333
45,"M",4.54444444444445,195.933333333333
40,"M",4.60888888888889,195.933333333333
50,"M",4.57444444444444,195.95
47,"M",4.40555555555556,195.95
46,"M",4.62444444444444,195.95
45,"M",4.51166666666667,195.95
30,"F",4.64222222222222,195.966666666667
48,"M",4.57444444444444,195.983333333333
24,"F",4.57277777777778,196
37,"M",4.26611111111111,196
48,"M",4.53944444444444,196
35,"M",4.23166666666667,196
47,"M",4.42222222222222,196
50,"M",4.63944444444444,196
33,"M",4.39277777777778,196
36,"F",4.595,196
39,"M",4.545,196.016666666667
25,"M",4.23166666666667,196.016666666667
26,"F",4.66166666666667,196.016666666667
56,"M",4.49611111111111,196.033333333333
32,"F",4.54222222222222,196.033333333333
46,"M",4.57666666666667,196.033333333333
51,"M",4.55944444444444,196.033333333333
46,"M",4.58111111111111,196.05
52,"M",4.60166666666667,196.05
33,"M",4.56388888888889,196.05
24,"M",4.36722222222222,196.05
46,"M",4.37555555555556,196.05
22,"F",4.695,196.066666666667
44,"M",4.48222222222222,196.066666666667
44,"M",4.54611111111111,196.066666666667
44,"M",4.65388888888889,196.066666666667
50,"M",4.39833333333333,196.083333333333
45,"M",4.31166666666667,196.083333333333
21,"F",4.66333333333333,196.083333333333
51,"M",4.46833333333333,196.083333333333
50,"M",4.63777777777778,196.083333333333
47,"M",4.625,196.1
32,"F",4.62333333333333,196.1
26,"M",4.34833333333333,196.1
37,"F",4.62777777777778,196.116666666667
26,"F",4.50111111111111,196.116666666667
31,"F",4.67166666666667,196.133333333333
35,"M",4.47222222222222,196.133333333333
33,"M",4.32888888888889,196.133333333333
54,"M",4.57055555555556,196.133333333333
27,"F",4.64666666666667,196.15
27,"M",4.41777777777778,196.15
44,"M",4.53611111111111,196.15
35,"M",4.55611111111111,196.15
54,"M",4.69722222222222,196.166666666667
41,"F",4.68555555555556,196.166666666667
34,"M",4.45777777777778,196.166666666667
43,"F",4.53722222222222,196.166666666667
38,"F",4.63611111111111,196.183333333333
21,"M",4.28333333333333,196.183333333333
52,"M",4.55,196.183333333333
35,"F",4.40277777777778,196.183333333333
36,"M",4.40277777777778,196.183333333333
45,"M",4.50388888888889,196.183333333333
53,"M",4.58444444444444,196.2
50,"M",4.49722222222222,196.216666666667
30,"F",4.59,196.233333333333
29,"M",4.31888888888889,196.233333333333
43,"M",4.68611111111111,196.233333333333
28,"F",4.57277777777778,196.233333333333
45,"M",4.56277777777778,196.25
41,"M",4.57833333333333,196.25
48,"M",4.72944444444444,196.25
23,"M",4.48,196.266666666667
29,"F",4.58555555555556,196.266666666667
25,"F",4.55388888888889,196.266666666667
54,"M",4.49666666666667,196.283333333333
47,"M",4.665,196.283333333333
28,"F",4.62666666666667,196.283333333333
46,"M",4.395,196.3
23,"F",4.64888888888889,196.3
49,"M",4.58388888888889,196.3
49,"M",4.66222222222222,196.316666666667
34,"M",4.57222222222222,196.316666666667
60,"F",4.59722222222222,196.316666666667
30,"M",4.35333333333333,196.316666666667
60,"M",4.58444444444444,196.316666666667
37,"M",4.58722222222222,196.333333333333
49,"M",4.255,196.333333333333
31,"F",4.57611111111111,196.35
46,"M",4.50444444444444,196.35
26,"M",4.34388888888889,196.35
44,"M",4.58722222222222,196.35
23,"F",4.60944444444444,196.35
48,"M",4.68277777777778,196.35
37,"F",4.58,196.366666666667
49,"M",4.58277777777778,196.366666666667
46,"M",4.37222222222222,196.366666666667
46,"M",4.55555555555556,196.383333333333
40,"M",4.49722222222222,196.383333333333
40,"M",4.58444444444444,196.383333333333
35,"M",4.525,196.383333333333
25,"F",4.60888888888889,196.383333333333
49,"M",4.54222222222222,196.4
24,"F",4.44166666666667,196.4
35,"M",4.45444444444444,196.4
37,"M",4.55555555555556,196.4
44,"F",4.60277777777778,196.416666666667
32,"M",4.41888888888889,196.416666666667
51,"M",4.57222222222222,196.416666666667
37,"F",4.71444444444444,196.416666666667
26,"F",4.43611111111111,196.416666666667
44,"M",4.61888888888889,196.433333333333
49,"M",4.59166666666667,196.433333333333
29,"F",4.59277777777778,196.433333333333
32,"M",4.56166666666667,196.45
40,"M",4.58333333333333,196.45
45,"M",4.61611111111111,196.45
35,"M",4.56666666666667,196.45
45,"M",4.61666666666667,196.466666666667
45,"M",4.51944444444444,196.466666666667
25,"F",4.61777777777778,196.466666666667
38,"M",4.54333333333333,196.466666666667
47,"M",4.42666666666667,196.466666666667
25,"F",4.69222222222222,196.466666666667
46,"M",4.585,196.483333333333
30,"M",4.41944444444445,196.483333333333
44,"M",4.43333333333333,196.483333333333
36,"M",4.475,196.483333333333
37,"M",4.53555555555556,196.483333333333
28,"F",4.56166666666667,196.483333333333
49,"M",4.62444444444444,196.5
48,"M",4.34555555555556,196.5
28,"M",4.40555555555556,196.5
37,"M",4.31944444444444,196.516666666667
45,"M",4.55055555555556,196.516666666667
41,"M",4.52111111111111,196.516666666667
53,"M",4.53666666666667,196.55
26,"F",4.58611111111111,196.55
51,"M",4.56166666666667,196.55
60,"M",4.55666666666667,196.55
42,"M",4.64555555555556,196.566666666667
44,"F",4.66833333333333,196.566666666667
46,"M",4.61277777777778,196.566666666667
42,"M",4.53611111111111,196.566666666667
37,"M",4.39388888888889,196.583333333333
46,"M",4.61166666666667,196.583333333333
50,"M",4.69833333333333,196.583333333333
26,"F",4.58388888888889,196.583333333333
39,"F",4.67111111111111,196.583333333333
39,"M",4.53777777777778,196.583333333333
37,"M",4.58555555555556,196.6
40,"M",4.36333333333333,196.6
40,"M",4.54888888888889,196.616666666667
30,"F",4.59444444444444,196.616666666667
53,"M",4.49055555555556,196.616666666667
48,"M",4.59333333333333,196.633333333333
47,"M",4.38611111111111,196.65
43,"M",4.52277777777778,196.65
25,"F",4.685,196.65
21,"M",4.32333333333333,196.65
38,"M",4.58944444444444,196.65
31,"F",4.62222222222222,196.65
57,"M",4.60888888888889,196.666666666667
40,"M",4.66222222222222,196.666666666667
37,"F",4.63555555555556,196.666666666667
21,"F",4.64666666666667,196.666666666667
42,"M",4.67722222222222,196.683333333333
35,"M",4.53777777777778,196.683333333333
46,"M",4.35555555555556,196.7
47,"M",4.62055555555556,196.7
22,"F",4.61611111111111,196.7
29,"F",4.60166666666667,196.7
27,"F",4.62,196.7
40,"F",4.57222222222222,196.716666666667
52,"M",4.35722222222222,196.733333333333
28,"F",4.53833333333333,196.733333333333
36,"M",4.455,196.733333333333
35,"M",4.57277777777778,196.75
52,"M",4.53666666666667,196.766666666667
55,"M",4.45944444444444,196.766666666667
62,"M",4.55111111111111,196.766666666667
28,"F",4.62222222222222,196.766666666667
35,"M",4.69555555555556,196.766666666667
60,"M",4.64722222222222,196.766666666667
41,"M",4.70055555555556,196.783333333333
40,"M",4.59277777777778,196.783333333333
44,"M",4.61888888888889,196.783333333333
47,"M",4.55611111111111,196.783333333333
38,"M",4.55333333333333,196.8
36,"F",4.53333333333333,196.8
55,"M",4.69777777777778,196.8
51,"M",4.61722222222222,196.8
49,"M",4.62666666666667,196.8
45,"M",4.61666666666667,196.8
52,"M",4.535,196.8
35,"F",4.48166666666667,196.816666666667
39,"F",4.61333333333333,196.816666666667
45,"F",4.56,196.816666666667
46,"M",4.53666666666667,196.816666666667
40,"F",4.57444444444444,196.816666666667
38,"M",4.48666666666667,196.833333333333
45,"M",4.62277777777778,196.833333333333
32,"M",4.63444444444444,196.833333333333
27,"M",4.41333333333333,196.833333333333
45,"M",4.41555555555556,196.833333333333
48,"M",4.58222222222222,196.833333333333
47,"M",4.56944444444444,196.85
54,"M",4.61166666666667,196.85
53,"M",4.53777777777778,196.866666666667
42,"M",4.66722222222222,196.866666666667
50,"M",4.63166666666667,196.866666666667
28,"F",4.53777777777778,196.866666666667
25,"F",4.42444444444444,196.883333333333
28,"M",4.35055555555556,196.883333333333
38,"M",4.565,196.9
24,"F",4.54444444444445,196.9
28,"F",4.44777777777778,196.9
25,"F",4.71388888888889,196.9
29,"M",4.585,196.9
26,"F",4.53777777777778,196.9
33,"F",4.47944444444444,196.9
40,"M",4.63555555555556,196.9
42,"M",4.53055555555556,196.9
54,"M",4.685,196.9
26,"F",4.685,196.916666666667
45,"M",4.62611111111111,196.916666666667
45,"M",4.62666666666667,196.916666666667
47,"M",4.63666666666667,196.933333333333
22,"F",4.52,196.933333333333
45,"M",4.63666666666667,196.933333333333
35,"M",4.51666666666667,196.933333333333
68,"M",4.44333333333333,196.933333333333
40,"M",4.50333333333333,196.95
60,"M",4.55388888888889,196.95
41,"M",4.60055555555556,196.966666666667
47,"M",4.54444444444445,196.966666666667
28,"F",4.61611111111111,196.966666666667
29,"M",4.62333333333333,196.983333333333
42,"M",4.52333333333333,196.983333333333
46,"M",4.585,196.983333333333
45,"M",4.69888888888889,196.983333333333
30,"M",4.59,197
31,"M",4.27611111111111,197
32,"F",4.42055555555556,197.016666666667
50,"M",4.52444444444444,197.016666666667
40,"M",4.71555555555556,197.016666666667
30,"F",4.54555555555556,197.016666666667
48,"M",4.57444444444444,197.016666666667
27,"F",4.63444444444444,197.016666666667
26,"M",4.60833333333333,197.033333333333
35,"M",4.56166666666667,197.033333333333
45,"M",4.66666666666667,197.033333333333
44,"M",4.55,197.05
26,"M",4.48611111111111,197.05
43,"M",4.51388888888889,197.05
41,"M",4.415,197.066666666667
45,"M",4.39055555555556,197.066666666667
55,"M",4.65,197.083333333333
34,"F",4.63555555555556,197.083333333333
43,"M",4.67888888888889,197.083333333333
39,"M",4.47722222222222,197.083333333333
45,"F",4.62666666666667,197.083333333333
39,"M",4.57,197.1
37,"M",4.54055555555556,197.1
30,"F",4.63222222222222,197.1
47,"M",4.61611111111111,197.1
33,"F",4.56611111111111,197.116666666667
45,"M",4.44944444444444,197.116666666667
41,"M",4.50944444444444,197.116666666667
21,"M",4.28166666666667,197.116666666667
33,"F",4.59444444444444,197.116666666667
27,"M",4.45111111111111,197.116666666667
52,"M",4.52277777777778,197.116666666667
51,"M",4.61555555555556,197.133333333333
35,"M",4.56388888888889,197.133333333333
32,"F",4.67777777777778,197.133333333333
54,"M",4.52166666666667,197.133333333333
40,"F",4.53388888888889,197.15
34,"F",4.62277777777778,197.15
31,"F",4.58333333333333,197.15
28,"F",4.64333333333333,197.166666666667
53,"M",4.51388888888889,197.166666666667
43,"M",4.53111111111111,197.166666666667
41,"M",4.65055555555556,197.166666666667
31,"F",4.54055555555556,197.166666666667
37,"M",4.3,197.183333333333
51,"M",4.52833333333333,197.183333333333
45,"M",4.61222222222222,197.183333333333
29,"F",4.64,197.183333333333
42,"M",4.39611111111111,197.2
40,"F",4.58833333333333,197.2
40,"M",4.64888888888889,197.2
48,"M",4.60888888888889,197.216666666667
46,"M",4.63055555555556,197.216666666667
53,"M",4.64277777777778,197.216666666667
54,"M",4.45166666666667,197.216666666667
50,"M",4.59111111111111,197.233333333333
46,"M",4.56833333333333,197.233333333333
25,"M",4.62666666666667,197.233333333333
40,"F",4.63888888888889,197.233333333333
42,"M",4.61277777777778,197.233333333333
25,"M",4.445,197.233333333333
40,"M",4.65333333333333,197.25
38,"M",4.55777777777778,197.25
36,"M",4.33055555555555,197.266666666667
41,"F",4.67388888888889,197.266666666667
34,"F",4.61833333333333,197.266666666667
35,"M",4.49777777777778,197.266666666667
47,"M",4.54277777777778,197.266666666667
40,"M",4.555,197.266666666667
45,"M",4.64444444444444,197.266666666667
36,"F",4.65944444444444,197.266666666667
45,"M",4.54055555555556,197.266666666667
39,"F",4.60944444444444,197.266666666667
28,"F",4.75944444444444,197.266666666667
46,"M",4.64888888888889,197.283333333333
24,"M",4.39333333333333,197.283333333333
33,"M",4.44,197.283333333333
27,"F",4.71388888888889,197.283333333333
32,"M",4.31944444444444,197.283333333333
48,"M",4.48166666666667,197.283333333333
50,"M",4.39277777777778,197.283333333333
25,"M",4.46666666666667,197.3
48,"M",4.60944444444444,197.3
45,"M",4.55055555555556,197.316666666667
43,"M",4.45555555555555,197.316666666667
53,"M",4.64055555555556,197.316666666667
45,"M",4.54277777777778,197.316666666667
49,"M",4.63055555555556,197.333333333333
46,"M",4.67833333333333,197.333333333333
54,"M",4.64166666666667,197.35
30,"F",4.51,197.35
46,"M",4.46611111111111,197.35
41,"M",4.47833333333333,197.35
31,"M",4.61333333333333,197.35
39,"F",4.705,197.35
33,"F",4.60555555555556,197.366666666667
26,"M",4.03166666666667,197.366666666667
46,"M",4.50222222222222,197.366666666667
37,"M",4.47,197.383333333333
48,"M",4.70166666666667,197.383333333333
27,"F",4.63555555555556,197.383333333333
33,"F",4.70444444444444,197.4
45,"M",4.64166666666667,197.4
33,"M",4.58333333333333,197.4
31,"F",4.69166666666667,197.4
46,"M",4.43666666666667,197.4
33,"F",4.57222222222222,197.416666666667
36,"F",4.45222222222222,197.416666666667
41,"M",4.58222222222222,197.416666666667
54,"M",4.66666666666667,197.416666666667
31,"F",4.71444444444444,197.416666666667
47,"F",4.55555555555556,197.433333333333
46,"M",4.335,197.433333333333
51,"M",4.66333333333333,197.433333333333
26,"M",4.48722222222222,197.433333333333
38,"M",4.65333333333333,197.433333333333
26,"F",4.64833333333333,197.45
51,"M",4.67388888888889,197.45
38,"M",4.59666666666667,197.45
30,"F",4.62277777777778,197.466666666667
32,"M",4.62277777777778,197.466666666667
47,"M",4.56277777777778,197.466666666667
23,"M",4.22,197.466666666667
55,"M",4.65555555555556,197.483333333333
32,"F",4.60333333333333,197.483333333333
27,"F",4.68166666666667,197.5
46,"M",4.57888888888889,197.5
43,"M",4.70833333333333,197.516666666667
25,"F",4.705,197.516666666667
45,"M",4.58166666666667,197.516666666667
41,"M",4.74,197.516666666667
41,"F",4.57111111111111,197.516666666667
44,"M",4.61277777777778,197.516666666667
47,"M",4.61166666666667,197.533333333333
18,"M",4.51611111111111,197.533333333333
35,"F",4.61166666666667,197.533333333333
50,"M",4.61888888888889,197.533333333333
45,"M",4.70555555555555,197.533333333333
25,"F",4.65833333333333,197.533333333333
32,"F",4.60777777777778,197.55
51,"M",4.55666666666667,197.566666666667
26,"F",4.60722222222222,197.583333333333
42,"M",4.61388888888889,197.583333333333
39,"M",4.36222222222222,197.583333333333
45,"M",4.71388888888889,197.583333333333
29,"F",4.64944444444444,197.583333333333
52,"F",4.64722222222222,197.583333333333
42,"M",4.56277777777778,197.583333333333
52,"M",4.50777777777778,197.583333333333
51,"M",4.65722222222222,197.583333333333
35,"M",4.52388888888889,197.6
26,"F",4.71777777777778,197.6
59,"M",4.62333333333333,197.616666666667
45,"M",4.54111111111111,197.616666666667
40,"M",4.65055555555556,197.633333333333
48,"M",4.55944444444444,197.633333333333
36,"M",4.63555555555556,197.633333333333
44,"M",4.51388888888889,197.633333333333
55,"M",4.55444444444444,197.65
35,"F",4.66277777777778,197.65
37,"F",4.625,197.666666666667
37,"M",4.54277777777778,197.666666666667
50,"M",4.67888888888889,197.666666666667
46,"M",4.59611111111111,197.7
45,"M",4.40888888888889,197.7
52,"M",4.65944444444444,197.7
45,"M",4.62555555555556,197.7
25,"F",4.645,197.733333333333
27,"F",4.63444444444444,197.733333333333
50,"M",4.63388888888889,197.733333333333
26,"F",4.61111111111111,197.733333333333
46,"M",4.72666666666667,197.733333333333
29,"F",4.56777777777778,197.75
29,"F",4.50611111111111,197.75
43,"M",4.30722222222222,197.75
51,"M",4.61222222222222,197.75
49,"M",4.60388888888889,197.766666666667
38,"M",4.66166666666667,197.766666666667
25,"F",4.60666666666667,197.766666666667
36,"M",4.44555555555556,197.766666666667
32,"M",4.63888888888889,197.783333333333
44,"M",4.54777777777778,197.783333333333
49,"F",4.65944444444444,197.8
40,"F",4.66666666666667,197.8
30,"M",4.53555555555556,197.8
38,"M",4.57888888888889,197.8
41,"M",4.56555555555556,197.816666666667
34,"F",4.485,197.816666666667
49,"M",4.64277777777778,197.816666666667
30,"F",4.55055555555556,197.833333333333
37,"M",4.18555555555556,197.833333333333
39,"M",4.34333333333333,197.833333333333
33,"F",4.68166666666667,197.85
46,"M",4.49055555555556,197.85
30,"M",4.30555555555556,197.85
49,"M",4.63,197.866666666667
45,"F",4.60611111111111,197.866666666667
40,"F",4.67944444444444,197.866666666667
31,"F",4.68944444444444,197.866666666667
47,"M",4.56888888888889,197.866666666667
48,"M",4.51555555555556,197.866666666667
36,"F",4.60722222222222,197.883333333333
54,"M",4.55555555555556,197.883333333333
38,"F",4.62,197.9
35,"F",4.51222222222222,197.9
34,"F",4.585,197.9
48,"M",4.77611111111111,197.9
42,"M",4.58888888888889,197.9
48,"F",4.61888888888889,197.9
33,"F",4.63944444444444,197.9
52,"M",4.59888888888889,197.9
50,"M",4.565,197.9
45,"F",4.56055555555556,197.916666666667
54,"M",4.63666666666667,197.916666666667
36,"F",4.59944444444444,197.933333333333
36,"F",4.67388888888889,197.933333333333
44,"M",4.64722222222222,197.933333333333
47,"M",4.56555555555556,197.933333333333
30,"M",4.30888888888889,197.933333333333
37,"F",4.65222222222222,197.933333333333
44,"M",4.61444444444444,197.933333333333
46,"M",4.71944444444444,197.933333333333
43,"F",4.66833333333333,197.95
24,"F",4.61166666666667,197.95
49,"M",4.64055555555556,197.95
40,"M",4.57944444444444,197.95
40,"M",4.655,197.95
44,"M",4.59833333333333,197.95
25,"F",4.64055555555556,197.95
26,"M",4.32722222222222,197.95
31,"F",4.62555555555556,197.966666666667
24,"M",4.71055555555556,197.966666666667
60,"M",4.62388888888889,197.966666666667
33,"M",4.50166666666667,197.966666666667
31,"F",4.66055555555556,197.983333333333
40,"F",4.55277777777778,198
51,"M",4.60833333333333,198
48,"M",4.61777777777778,198.016666666667
45,"M",4.64,198.016666666667
41,"M",4.60944444444444,198.016666666667
63,"M",4.54888888888889,198.033333333333
52,"F",4.65055555555556,198.033333333333
32,"F",4.67,198.033333333333
59,"M",4.69222222222222,198.033333333333
30,"M",4.66166666666667,198.033333333333
46,"F",4.59722222222222,198.033333333333
32,"F",4.76555555555556,198.05
39,"F",4.76555555555556,198.05
58,"M",4.68555555555556,198.05
42,"M",4.57666666666667,198.05
40,"M",4.52888888888889,198.05
33,"M",4.43722222222222,198.05
40,"M",4.58944444444444,198.05
40,"M",4.63444444444444,198.05
49,"M",4.60388888888889,198.066666666667
34,"F",4.53444444444444,198.066666666667
51,"M",4.47388888888889,198.083333333333
41,"M",4.68166666666667,198.083333333333
47,"M",4.74666666666667,198.083333333333
51,"M",4.59277777777778,198.083333333333
49,"M",4.64166666666667,198.1
45,"M",4.52888888888889,198.1
55,"M",4.52111111111111,198.1
34,"M",4.44611111111111,198.1
48,"F",4.53444444444444,198.1
26,"F",4.70333333333333,198.116666666667
51,"M",4.63388888888889,198.116666666667
31,"F",4.68944444444444,198.116666666667
48,"M",4.67833333333333,198.116666666667
52,"M",4.38555555555556,198.116666666667
36,"M",4.44833333333333,198.116666666667
57,"M",4.49166666666667,198.133333333333
34,"F",4.64222222222222,198.133333333333
38,"F",4.705,198.133333333333
46,"M",4.23333333333333,198.133333333333
45,"M",4.53111111111111,198.133333333333
50,"M",4.62444444444444,198.133333333333
25,"F",4.59,198.133333333333
42,"M",4.59777777777778,198.15
53,"M",4.62833333333333,198.15
40,"M",4.38777777777778,198.166666666667
48,"M",4.61555555555556,198.166666666667
48,"M",4.64944444444444,198.166666666667
39,"F",4.65833333333333,198.166666666667
47,"M",4.63611111111111,198.166666666667
37,"M",4.54666666666667,198.183333333333
31,"M",4.58555555555556,198.183333333333
46,"M",4.65333333333333,198.183333333333
51,"M",4.715,198.183333333333
28,"F",4.65277777777778,198.2
48,"M",4.62833333333333,198.2
28,"M",4.20333333333333,198.2
47,"M",4.59111111111111,198.2
57,"M",4.69222222222222,198.2
51,"M",4.60111111111111,198.2
36,"M",4.65722222222222,198.216666666667
29,"F",4.64222222222222,198.216666666667
30,"F",4.66166666666667,198.216666666667
58,"M",4.65611111111111,198.233333333333
44,"M",4.55277777777778,198.233333333333
30,"M",4.58166666666667,198.233333333333
27,"F",4.69888888888889,198.233333333333
41,"M",4.40944444444444,198.233333333333
24,"M",4.59055555555556,198.233333333333
22,"F",4.525,198.25
45,"M",4.61166666666667,198.25
21,"F",4.73,198.25
45,"M",4.67611111111111,198.25
29,"F",4.76888888888889,198.25
50,"M",4.62666666666667,198.25
45,"M",4.60444444444444,198.266666666667
44,"F",4.67888888888889,198.266666666667
42,"M",4.51,198.266666666667
47,"M",4.64722222222222,198.283333333333
44,"M",4.58444444444444,198.283333333333
39,"M",4.60333333333333,198.283333333333
33,"F",4.78777777777778,198.283333333333
41,"M",4.45555555555555,198.283333333333
30,"F",4.68666666666667,198.3
30,"F",4.62166666666667,198.3
24,"F",4.56611111111111,198.3
23,"F",4.76111111111111,198.3
27,"F",4.64944444444444,198.3
50,"F",4.645,198.316666666667
36,"M",4.52722222222222,198.316666666667
48,"M",4.48555555555556,198.316666666667
35,"M",4.12833333333333,198.316666666667
41,"M",4.57666666666667,198.333333333333
23,"F",4.58388888888889,198.333333333333
60,"M",4.71888888888889,198.333333333333
26,"F",4.70277777777778,198.333333333333
56,"M",4.44611111111111,198.333333333333
47,"F",4.65666666666667,198.333333333333
45,"M",4.43166666666667,198.333333333333
45,"M",4.63,198.333333333333
50,"M",4.675,198.333333333333
24,"F",4.53444444444444,198.333333333333
44,"F",4.62944444444444,198.333333333333
48,"M",4.68166666666667,198.35
26,"M",4.39444444444444,198.35
41,"M",4.61222222222222,198.366666666667
25,"F",4.70111111111111,198.366666666667
53,"M",4.63555555555556,198.383333333333
47,"M",4.56555555555556,198.383333333333
44,"M",4.40611111111111,198.4
46,"M",4.61,198.4
40,"M",4.63722222222222,198.4
47,"M",4.63777777777778,198.4
51,"M",4.63611111111111,198.4
49,"M",4.62277777777778,198.4
47,"M",4.70388888888889,198.416666666667
51,"M",4.61722222222222,198.416666666667
56,"M",4.54611111111111,198.433333333333
35,"M",4.315,198.433333333333
41,"F",4.61888888888889,198.433333333333
46,"M",4.49055555555556,198.433333333333
52,"M",4.66666666666667,198.433333333333
54,"M",4.73,198.433333333333
49,"M",4.68611111111111,198.433333333333
46,"M",4.70666666666667,198.45
46,"M",4.62555555555556,198.45
31,"F",4.75,198.45
44,"F",4.64222222222222,198.45
43,"M",4.61333333333333,198.45
33,"M",4.55777777777778,198.45
46,"M",4.54166666666667,198.45
50,"M",4.64333333333333,198.466666666667
32,"F",4.69833333333333,198.466666666667
25,"M",4.19777777777778,198.466666666667
45,"M",4.70611111111111,198.466666666667
35,"F",4.62055555555556,198.483333333333
25,"M",4.45722222222222,198.483333333333
51,"M",4.655,198.483333333333
39,"M",4.53166666666667,198.5
55,"M",4.70888888888889,198.5
28,"F",4.62944444444444,198.5
33,"F",4.59944444444444,198.5
26,"M",4.32388888888889,198.5
48,"M",4.57888888888889,198.516666666667
56,"M",4.48,198.516666666667
48,"M",4.37,198.516666666667
29,"M",4.37777777777778,198.533333333333
32,"M",4.31166666666667,198.533333333333
32,"F",4.71444444444444,198.533333333333
59,"M",4.51277777777778,198.533333333333
28,"F",4.74833333333333,198.533333333333
42,"F",4.68666666666667,198.533333333333
34,"F",4.55722222222222,198.533333333333
27,"M",4.46166666666667,198.55
39,"M",4.57333333333333,198.55
30,"F",4.69777777777778,198.55
26,"M",4.43555555555556,198.566666666667
50,"F",4.75277777777778,198.566666666667
40,"F",4.78666666666667,198.566666666667
45,"M",4.59333333333333,198.566666666667
44,"M",4.61722222222222,198.566666666667
31,"F",4.71222222222222,198.566666666667
32,"F",4.70722222222222,198.583333333333
44,"M",4.63833333333333,198.583333333333
52,"M",4.66333333333333,198.583333333333
38,"M",4.49277777777778,198.583333333333
34,"M",4.49444444444444,198.583333333333
54,"M",4.64722222222222,198.6
49,"M",4.63222222222222,198.6
53,"F",4.58,198.6
25,"F",4.54111111111111,198.6
55,"M",4.68722222222222,198.6
43,"M",4.47166666666667,198.616666666667
30,"F",4.62777777777778,198.616666666667
33,"F",4.65388888888889,198.616666666667
22,"F",4.80222222222222,198.616666666667
45,"M",4.59611111111111,198.616666666667
44,"M",4.70555555555555,198.633333333333
56,"M",4.62222222222222,198.633333333333
45,"M",4.58833333333333,198.633333333333
53,"M",4.61333333333333,198.633333333333
34,"F",4.68222222222222,198.633333333333
48,"M",4.16888888888889,198.633333333333
28,"F",4.51277777777778,198.65
49,"F",4.59388888888889,198.65
46,"M",4.66111111111111,198.666666666667
50,"M",4.65166666666667,198.683333333333
45,"M",4.66777777777778,198.683333333333
52,"M",4.44944444444444,198.683333333333
45,"M",4.705,198.683333333333
21,"F",4.59333333333333,198.7
60,"M",4.56277777777778,198.7
44,"F",4.57277777777778,198.7
36,"M",4.40611111111111,198.7
44,"M",4.55055555555556,198.7
40,"M",4.64388888888889,198.7
47,"M",4.64388888888889,198.7
32,"F",4.83166666666667,198.7
32,"F",4.73833333333333,198.716666666667
50,"M",4.58111111111111,198.716666666667
47,"M",4.60222222222222,198.716666666667
42,"M",4.52833333333333,198.733333333333
51,"M",4.62722222222222,198.733333333333
46,"M",4.63388888888889,198.733333333333
39,"M",4.43,198.75
33,"M",4.50388888888889,198.75
50,"M",4.65555555555556,198.75
45,"M",4.62055555555556,198.75
30,"F",4.65888888888889,198.766666666667
49,"M",4.58611111111111,198.766666666667
23,"F",4.69111111111111,198.766666666667
42,"M",4.48944444444444,198.766666666667
49,"M",4.67833333333333,198.766666666667
55,"M",4.65555555555556,198.766666666667
54,"M",4.37444444444444,198.766666666667
37,"F",4.53166666666667,198.783333333333
28,"F",4.63777777777778,198.783333333333
51,"M",4.61277777777778,198.783333333333
50,"M",4.63,198.8
48,"M",4.70444444444444,198.8
53,"M",4.625,198.8
50,"F",4.65222222222222,198.816666666667
38,"M",4.35166666666667,198.816666666667
48,"M",4.66833333333333,198.816666666667
50,"M",4.59333333333333,198.816666666667
40,"M",4.51555555555556,198.816666666667
50,"M",4.59388888888889,198.833333333333
45,"M",4.74,198.833333333333
23,"F",4.47888888888889,198.833333333333
38,"M",4.60611111111111,198.833333333333
46,"M",4.59444444444444,198.833333333333
55,"M",4.68666666666667,198.833333333333
46,"M",4.46333333333333,198.833333333333
44,"M",4.58777777777778,198.85
33,"F",4.71055555555556,198.85
36,"M",4.45166666666667,198.866666666667
32,"F",4.71333333333333,198.866666666667
48,"M",4.64,198.866666666667
45,"M",4.64388888888889,198.866666666667
37,"M",4.24888888888889,198.883333333333
47,"M",4.58722222222222,198.883333333333
30,"F",4.46888888888889,198.883333333333
42,"F",4.62944444444444,198.883333333333
41,"F",4.655,198.883333333333
55,"M",4.55277777777778,198.9
49,"M",4.70388888888889,198.9
54,"M",4.66611111111111,198.9
45,"M",4.57555555555556,198.9
52,"M",4.63333333333333,198.916666666667
23,"F",4.73,198.916666666667
28,"F",4.58055555555555,198.916666666667
41,"M",4.56444444444444,198.916666666667
28,"M",4.605,198.916666666667
42,"M",4.36444444444444,198.916666666667
57,"M",4.58722222222222,198.933333333333
26,"F",4.70333333333333,198.933333333333
43,"M",4.60777777777778,198.933333333333
52,"M",4.67,198.933333333333
32,"F",4.59944444444444,198.933333333333
33,"F",4.65333333333333,198.933333333333
56,"M",4.60277777777778,198.933333333333
50,"M",4.705,198.95
36,"F",4.65388888888889,198.95
45,"M",4.60444444444444,198.95
37,"F",4.75111111111111,198.95
34,"M",4.65055555555556,198.95
38,"M",4.54222222222222,198.95
43,"M",4.56555555555556,198.95
47,"M",4.51111111111111,198.966666666667
43,"M",4.63666666666667,198.966666666667
34,"M",4.44277777777778,198.966666666667
42,"M",4.70944444444444,198.966666666667
53,"M",4.71833333333333,198.983333333333
43,"M",4.56944444444444,198.983333333333
59,"M",4.665,198.983333333333
48,"M",4.59388888888889,198.983333333333
41,"M",4.71111111111111,198.983333333333
35,"F",4.74722222222222,198.983333333333
45,"F",4.66388888888889,198.983333333333
39,"F",4.64888888888889,199
44,"M",4.59333333333333,199
50,"M",4.62444444444444,199
54,"M",4.57611111111111,199
51,"M",4.67333333333333,199.016666666667
29,"M",4.57111111111111,199.016666666667
28,"F",4.72777777777778,199.016666666667
55,"M",4.69277777777778,199.016666666667
47,"M",4.56055555555556,199.033333333333
30,"F",4.67888888888889,199.033333333333
41,"M",4.5,199.033333333333
34,"F",4.6,199.033333333333
35,"M",4.61888888888889,199.033333333333
45,"M",4.50666666666667,199.05
43,"M",4.53277777777778,199.05
33,"F",4.73222222222222,199.05
45,"M",4.64888888888889,199.05
53,"M",4.70111111111111,199.05
46,"M",4.66222222222222,199.05
45,"M",4.67555555555556,199.05
47,"M",4.55777777777778,199.05
46,"M",4.62666666666667,199.066666666667
19,"F",4.61222222222222,199.066666666667
44,"M",4.64,199.066666666667
47,"M",4.62555555555556,199.066666666667
32,"F",4.67277777777778,199.066666666667
53,"M",4.60777777777778,199.083333333333
34,"M",4.42666666666667,199.083333333333
37,"F",4.71,199.083333333333
36,"F",4.45888888888889,199.083333333333
51,"F",4.74611111111111,199.083333333333
45,"M",4.67222222222222,199.1
31,"F",4.73777777777778,199.1
50,"M",4.68666666666667,199.1
43,"M",3.99666666666667,199.116666666667
44,"M",4.62777777777778,199.116666666667
30,"M",4.51944444444444,199.116666666667
53,"F",4.69611111111111,199.133333333333
28,"F",4.57888888888889,199.133333333333
48,"M",4.63055555555556,199.133333333333
50,"M",4.66166666666667,199.15
38,"M",4.45111111111111,199.15
46,"M",4.77777777777778,199.15
50,"M",4.69666666666667,199.15
27,"F",4.67,199.166666666667
57,"M",4.57444444444444,199.166666666667
49,"M",4.645,199.183333333333
34,"F",4.59,199.183333333333
45,"M",4.63388888888889,199.183333333333
40,"M",4.65722222222222,199.2
51,"M",4.62055555555556,199.2
21,"F",4.725,199.2
48,"M",4.725,199.216666666667
27,"F",4.79888888888889,199.216666666667
47,"M",4.69166666666667,199.216666666667
31,"F",4.47611111111111,199.216666666667
44,"F",4.71333333333333,199.216666666667
35,"F",4.65388888888889,199.233333333333
30,"F",4.74333333333333,199.25
47,"M",4.59666666666667,199.25
37,"M",4.41111111111111,199.25
53,"M",4.57,199.266666666667
40,"M",4.64777777777778,199.266666666667
25,"M",4.64222222222222,199.266666666667
49,"F",4.63555555555556,199.266666666667
46,"M",4.58555555555556,199.266666666667
52,"M",4.64555555555556,199.266666666667
40,"M",4.59166666666667,199.266666666667
40,"F",4.58611111111111,199.266666666667
25,"F",4.75944444444444,199.266666666667
46,"M",4.33722222222222,199.283333333333
31,"F",4.70444444444444,199.283333333333
35,"F",4.67,199.283333333333
45,"M",4.65055555555556,199.3
26,"M",4.65111111111111,199.3
49,"M",4.71055555555556,199.3
46,"M",4.625,199.3
43,"M",4.51277777777778,199.3
57,"M",4.57277777777778,199.3
41,"F",4.66388888888889,199.3
30,"M",4.35666666666667,199.3
30,"F",4.64777777777778,199.316666666667
27,"F",4.67388888888889,199.316666666667
40,"M",4.60222222222222,199.333333333333
38,"M",4.68333333333333,199.333333333333
47,"M",4.55444444444444,199.35
32,"M",4.52388888888889,199.35
39,"F",4.63222222222222,199.35
44,"F",4.73833333333333,199.35
57,"M",4.60611111111111,199.35
46,"M",4.66444444444444,199.35
50,"M",4.65166666666667,199.35
47,"M",4.69722222222222,199.35
25,"F",4.68388888888889,199.366666666667
38,"M",4.50555555555556,199.366666666667
46,"F",4.67555555555556,199.383333333333
55,"M",4.69888888888889,199.383333333333
30,"F",4.60333333333333,199.383333333333
37,"F",4.70388888888889,199.383333333333
28,"M",4.45,199.4
49,"M",4.57388888888889,199.4
46,"M",4.64666666666667,199.4
51,"M",4.58611111111111,199.416666666667
57,"M",4.61166666666667,199.416666666667
37,"F",4.60722222222222,199.416666666667
52,"M",4.53222222222222,199.416666666667
55,"M",4.71555555555556,199.416666666667
40,"M",4.58777777777778,199.433333333333
47,"M",4.43777777777778,199.433333333333
51,"M",4.60666666666667,199.433333333333
47,"M",4.59388888888889,199.433333333333
55,"M",4.70333333333333,199.433333333333
50,"M",4.66611111111111,199.45
48,"M",4.73,199.45
61,"M",4.78,199.45
49,"M",4.67833333333333,199.45
35,"F",4.69444444444444,199.466666666667
21,"M",4.35555555555556,199.466666666667
46,"M",4.63833333333333,199.466666666667
24,"F",4.71666666666667,199.466666666667
38,"M",4.51444444444444,199.466666666667
56,"M",4.65777777777778,199.466666666667
40,"M",4.55555555555556,199.466666666667
46,"M",4.5,199.483333333333
34,"F",4.56444444444444,199.483333333333
58,"M",4.75277777777778,199.483333333333
48,"M",4.64111111111111,199.5
41,"M",4.56444444444444,199.5
55,"M",4.59277777777778,199.516666666667
46,"M",4.65777777777778,199.516666666667
53,"M",4.72888888888889,199.516666666667
46,"M",4.70055555555556,199.516666666667
41,"M",4.42277777777778,199.516666666667
29,"F",4.67444444444444,199.533333333333
56,"M",4.63722222222222,199.533333333333
41,"M",4.48166666666667,199.533333333333
52,"M",4.66777777777778,199.533333333333
45,"M",4.60277777777778,199.55
30,"F",4.76555555555556,199.55
36,"M",4.74611111111111,199.55
28,"F",4.64666666666667,199.55
33,"M",4.46444444444444,199.55
51,"M",4.61388888888889,199.55
36,"F",4.69888888888889,199.566666666667
37,"M",4.68166666666667,199.566666666667
47,"M",4.63333333333333,199.583333333333
30,"F",4.63055555555556,199.583333333333
47,"M",4.51777777777778,199.583333333333
51,"M",4.74388888888889,199.583333333333
36,"F",4.70444444444444,199.583333333333
41,"M",4.48722222222222,199.6
46,"M",4.72222222222222,199.6
27,"F",4.71222222222222,199.6
26,"F",4.64722222222222,199.6
45,"M",4.83722222222222,199.6
53,"M",4.52388888888889,199.6
33,"F",4.61333333333333,199.6
38,"F",4.73777777777778,199.6
35,"M",4.48777777777778,199.6
53,"M",4.62222222222222,199.6
51,"M",4.715,199.6
28,"F",4.74055555555556,199.616666666667
27,"F",4.77777777777778,199.616666666667
38,"M",4.73333333333333,199.616666666667
42,"F",4.42888888888889,199.616666666667
52,"M",4.65166666666667,199.616666666667
56,"M",4.64777777777778,199.616666666667
33,"F",4.77777777777778,199.616666666667
42,"M",4.68277777777778,199.633333333333
43,"M",4.59166666666667,199.633333333333
44,"M",4.44444444444444,199.633333333333
45,"M",4.63888888888889,199.65
46,"F",4.69166666666667,199.65
47,"M",4.67222222222222,199.65
46,"M",4.54666666666667,199.65
38,"F",4.64444444444444,199.65
49,"M",4.61777777777778,199.65
52,"M",4.62611111111111,199.666666666667
44,"M",4.63444444444444,199.666666666667
28,"F",4.63166666666667,199.666666666667
38,"F",4.62333333333333,199.683333333333
53,"M",4.57611111111111,199.683333333333
48,"M",4.68555555555556,199.683333333333
39,"F",4.60222222222222,199.7
32,"F",4.72777777777778,199.7
24,"F",4.61666666666667,199.7
40,"F",4.72111111111111,199.7
46,"F",4.68,199.716666666667
30,"F",4.75944444444444,199.716666666667
40,"M",4.67277777777778,199.733333333333
35,"F",4.64388888888889,199.733333333333
58,"M",4.62166666666667,199.75
26,"F",4.54,199.75
46,"M",4.67833333333333,199.75
45,"M",4.42944444444444,199.75
24,"M",4.6,199.75
34,"F",4.66166666666667,199.766666666667
38,"F",4.76055555555556,199.766666666667
41,"M",4.55333333333333,199.766666666667
46,"M",4.59666666666667,199.783333333333
38,"M",4.665,199.783333333333
35,"M",4.37944444444444,199.783333333333
24,"F",4.59444444444444,199.783333333333
31,"F",4.78277777777778,199.783333333333
33,"M",4.50777777777778,199.8
36,"F",4.69722222222222,199.8
30,"F",4.69777777777778,199.8
30,"F",4.75055555555556,199.8
46,"M",4.66444444444444,199.8
27,"F",4.65333333333333,199.8
46,"M",4.70555555555555,199.8
38,"F",4.72944444444444,199.8
28,"F",4.71611111111111,199.816666666667
46,"M",4.75055555555556,199.816666666667
37,"F",4.71055555555556,199.816666666667
24,"M",4.18777777777778,199.816666666667
48,"F",4.72,199.816666666667
51,"F",4.61722222222222,199.816666666667
42,"M",4.60555555555556,199.833333333333
51,"M",4.56444444444444,199.833333333333
40,"M",4.61722222222222,199.833333333333
25,"F",4.715,199.85
44,"F",4.35666666666667,199.85
36,"F",4.72611111111111,199.85
23,"M",4.68388888888889,199.85
27,"F",4.48777777777778,199.85
35,"M",4.67166666666667,199.85
44,"M",4.75277777777778,199.866666666667
22,"M",4.68388888888889,199.866666666667
47,"M",4.66777777777778,199.883333333333
32,"F",4.63333333333333,199.883333333333
43,"M",4.57055555555556,199.9
30,"F",4.65,199.9
48,"M",4.63444444444444,199.9
33,"F",4.535,199.916666666667
26,"F",4.65833333333333,199.916666666667
46,"M",4.82277777777778,199.916666666667
48,"M",4.67777777777778,199.933333333333
32,"M",4.33944444444444,199.933333333333
55,"M",4.68611111111111,199.933333333333
36,"F",4.73611111111111,199.933333333333
45,"M",4.70111111111111,199.933333333333
48,"M",4.59388888888889,199.933333333333
44,"M",4.55,199.95
37,"F",4.60444444444444,199.95
49,"M",4.73666666666667,199.95
38,"F",4.63,199.95
39,"M",4.59055555555556,199.966666666667
60,"M",4.65222222222222,199.966666666667
29,"F",4.44111111111111,199.966666666667
45,"M",4.37388888888889,200
47,"M",4.88222222222222,200
48,"M",4.67444444444444,200
46,"M",4.735,200
46,"M",4.69611111111111,200
40,"M",4.65,200
37,"F",4.61611111111111,200
28,"F",4.52722222222222,200.016666666667
43,"M",4.62222222222222,200.016666666667
35,"M",4.49944444444444,200.033333333333
32,"M",4.405,200.033333333333
28,"M",4.60388888888889,200.033333333333
43,"M",4.66277777777778,200.05
32,"M",4.58833333333333,200.05
58,"M",4.66888888888889,200.066666666667
51,"M",4.74555555555556,200.066666666667
56,"M",4.66666666666667,200.066666666667
40,"F",4.54055555555556,200.066666666667
58,"M",4.58833333333333,200.066666666667
45,"M",4.655,200.066666666667
53,"M",4.33722222222222,200.066666666667
50,"M",4.67888888888889,200.083333333333
27,"F",4.74833333333333,200.083333333333
52,"M",4.64611111111111,200.083333333333
51,"M",4.63166666666667,200.083333333333
50,"M",4.35944444444444,200.083333333333
38,"F",4.56166666666667,200.083333333333
48,"M",4.59944444444444,200.083333333333
47,"M",4.61333333333333,200.1
29,"M",4.62166666666667,200.1
58,"M",4.58722222222222,200.1
28,"M",4.59055555555556,200.1
43,"F",4.75944444444444,200.116666666667
55,"M",4.77944444444444,200.133333333333
33,"M",4.55777777777778,200.133333333333
48,"M",4.55666666666667,200.133333333333
30,"F",4.68666666666667,200.133333333333
31,"F",4.66444444444444,200.133333333333
46,"M",4.71888888888889,200.133333333333
41,"M",4.59777777777778,200.133333333333
47,"M",4.61166666666667,200.15
48,"M",4.72333333333333,200.15
48,"M",4.69055555555556,200.15
33,"F",4.78944444444444,200.15
46,"M",4.65166666666667,200.15
43,"M",4.55611111111111,200.166666666667
28,"F",4.7,200.166666666667
43,"F",4.63166666666667,200.166666666667
56,"M",4.68333333333333,200.166666666667
45,"F",4.76777777777778,200.166666666667
35,"F",4.67833333333333,200.166666666667
60,"M",4.68222222222222,200.166666666667
54,"M",4.66111111111111,200.166666666667
58,"M",4.67888888888889,200.166666666667
30,"F",4.72944444444444,200.183333333333
33,"F",4.69777777777778,200.183333333333
45,"F",4.70111111111111,200.2
35,"F",4.80444444444444,200.216666666667
52,"M",4.73055555555556,200.216666666667
28,"F",4.68,200.216666666667
25,"F",4.52666666666667,200.233333333333
54,"M",4.625,200.233333333333
46,"M",4.66944444444445,200.233333333333
58,"M",4.645,200.266666666667
45,"M",4.64,200.266666666667
34,"M",4.75055555555556,200.266666666667
55,"M",4.68055555555556,200.266666666667
45,"M",4.67388888888889,200.266666666667
47,"M",4.67111111111111,200.266666666667
39,"M",4.64722222222222,200.283333333333
53,"M",4.56666666666667,200.283333333333
42,"M",4.54944444444444,200.283333333333
41,"F",4.73333333333333,200.283333333333
28,"M",4.61111111111111,200.283333333333
40,"F",4.73722222222222,200.3
52,"M",4.54888888888889,200.3
23,"F",4.66888888888889,200.3
57,"M",4.66388888888889,200.3
48,"M",4.63611111111111,200.316666666667
35,"F",4.68111111111111,200.316666666667
31,"F",4.60777777777778,200.316666666667
41,"M",4.87944444444444,200.316666666667
55,"M",4.67833333333333,200.316666666667
22,"F",4.76222222222222,200.316666666667
26,"F",4.725,200.316666666667
27,"M",4.45444444444444,200.333333333333
45,"M",4.47111111111111,200.333333333333
61,"M",4.69222222222222,200.333333333333
44,"F",4.71222222222222,200.35
37,"F",4.77888888888889,200.35
45,"F",4.58277777777778,200.35
49,"M",4.65777777777778,200.35
46,"M",4.72944444444444,200.366666666667
54,"M",4.63111111111111,200.366666666667
57,"M",4.63166666666667,200.366666666667
46,"M",4.77777777777778,200.366666666667
43,"F",4.68944444444444,200.366666666667
31,"F",4.73666666666667,200.383333333333
31,"F",4.68277777777778,200.383333333333
52,"M",4.61611111111111,200.383333333333
25,"F",4.66111111111111,200.4
56,"M",4.67555555555556,200.4
53,"M",4.74722222222222,200.4
30,"F",4.61222222222222,200.4
35,"F",4.61055555555556,200.4
29,"F",4.725,200.4
51,"M",4.75111111111111,200.4
48,"M",4.645,200.4
46,"M",4.66222222222222,200.4
57,"M",4.67111111111111,200.4
33,"F",4.72666666666667,200.4
27,"F",4.78333333333333,200.4
51,"M",4.64888888888889,200.4
60,"M",4.66722222222222,200.416666666667
50,"F",4.65833333333333,200.416666666667
42,"M",4.55388888888889,200.416666666667
36,"F",4.715,200.416666666667
69,"M",4.715,200.416666666667
41,"M",4.555,200.416666666667
47,"M",4.65055555555556,200.433333333333
47,"M",4.73277777777778,200.433333333333
34,"F",4.72055555555556,200.45
31,"M",4.71222222222222,200.45
42,"M",4.64333333333333,200.466666666667
46,"F",4.73166666666667,200.466666666667
45,"M",4.715,200.466666666667
24,"F",4.67611111111111,200.483333333333
40,"M",4.59888888888889,200.483333333333
46,"M",4.75777777777778,200.483333333333
41,"F",4.73055555555556,200.483333333333
27,"F",4.73166666666667,200.5
46,"M",4.435,200.5
28,"M",4.60111111111111,200.5
44,"M",4.635,200.5
25,"F",4.69611111111111,200.5
22,"M",4.14888888888889,200.5
49,"F",4.65833333333333,200.5
22,"F",4.74222222222222,200.516666666667
49,"M",4.75388888888889,200.516666666667
27,"F",4.70777777777778,200.516666666667
39,"F",4.71777777777778,200.533333333333
47,"M",4.33388888888889,200.533333333333
41,"F",4.67611111111111,200.533333333333
27,"F",4.72555555555556,200.55
50,"F",4.62666666666667,200.55
32,"F",4.6,200.55
27,"F",4.78166666666667,200.55
54,"M",4.85222222222222,200.566666666667
37,"M",4.68444444444444,200.566666666667
29,"F",4.70833333333333,200.566666666667
43,"F",4.59111111111111,200.566666666667
50,"M",4.64944444444444,200.566666666667
43,"M",4.54944444444444,200.566666666667
54,"M",4.73722222222222,200.566666666667
53,"M",4.70833333333333,200.566666666667
33,"M",4.51,200.583333333333
43,"F",4.74333333333333,200.583333333333
32,"M",4.45333333333333,200.6
22,"F",4.71777777777778,200.6
44,"M",4.28055555555556,200.6
48,"M",4.59944444444444,200.6
34,"F",4.74944444444444,200.616666666667
54,"M",4.71,200.633333333333
50,"M",4.67333333333333,200.633333333333
45,"M",4.68833333333333,200.633333333333
40,"M",4.69666666666667,200.633333333333
50,"M",4.52277777777778,200.65
41,"M",4.6,200.65
34,"F",4.79833333333333,200.65
23,"F",4.67222222222222,200.65
57,"M",4.70944444444444,200.65
46,"M",4.58388888888889,200.65
29,"M",4.73277777777778,200.65
28,"F",4.70777777777778,200.65
29,"F",4.73333333333333,200.666666666667
44,"M",4.54722222222222,200.683333333333
26,"F",4.72888888888889,200.683333333333
54,"M",4.67833333333333,200.683333333333
54,"M",4.78333333333333,200.7
30,"F",4.65333333333333,200.7
57,"M",4.7,200.7
36,"M",4.43444444444444,200.7
56,"M",4.77555555555556,200.7
33,"F",4.63222222222222,200.716666666667
38,"M",4.77333333333333,200.716666666667
43,"M",4.39,200.716666666667
49,"M",4.64611111111111,200.716666666667
49,"M",4.695,200.716666666667
22,"F",4.65055555555556,200.733333333333
52,"M",4.67111111111111,200.733333333333
34,"M",4.55944444444444,200.733333333333
23,"F",4.60444444444444,200.733333333333
47,"F",4.79277777777778,200.75
48,"M",4.55611111111111,200.75
49,"M",4.67666666666667,200.75
37,"F",4.65611111111111,200.75
54,"F",4.64222222222222,200.75
30,"F",4.56722222222222,200.766666666667
44,"F",4.72555555555556,200.766666666667
28,"M",4.01166666666667,200.766666666667
45,"M",4.58666666666667,200.783333333333
45,"M",4.63055555555556,200.783333333333
35,"F",4.54722222222222,200.783333333333
33,"F",4.72444444444444,200.8
39,"M",4.41111111111111,200.8
40,"F",4.69111111111111,200.816666666667
46,"M",4.58888888888889,200.816666666667
42,"M",4.55944444444444,200.816666666667
50,"M",4.64611111111111,200.816666666667
54,"M",4.70166666666667,200.816666666667
46,"M",4.68666666666667,200.833333333333
29,"F",4.75444444444444,200.833333333333
38,"F",4.72777777777778,200.833333333333
26,"M",4.73444444444444,200.833333333333
39,"M",4.52444444444444,200.833333333333
51,"M",4.23388888888889,200.833333333333
37,"M",4.52444444444444,200.85
30,"F",4.74722222222222,200.85
56,"M",4.57666666666667,200.85
35,"F",4.55722222222222,200.85
57,"M",4.74388888888889,200.85
26,"M",4.51722222222222,200.866666666667
25,"F",4.71555555555556,200.866666666667
53,"F",4.70388888888889,200.866666666667
33,"F",4.80166666666667,200.883333333333
51,"M",4.68,200.9
57,"M",4.78944444444444,200.9
51,"M",4.72944444444444,200.916666666667
26,"F",4.78611111111111,200.916666666667
29,"F",4.75388888888889,200.916666666667
44,"F",4.73777777777778,200.916666666667
37,"M",4.65944444444444,200.933333333333
51,"M",4.68111111111111,200.933333333333
46,"M",4.71555555555556,200.933333333333
27,"F",4.30888888888889,200.933333333333
26,"F",4.65166666666667,200.95
46,"F",4.73777777777778,200.95
46,"M",4.77,200.95
54,"M",4.66777777777778,200.95
29,"F",4.75666666666667,200.95
36,"F",4.74611111111111,200.95
53,"M",4.65944444444444,200.95
49,"M",4.66388888888889,200.966666666667
41,"M",4.86,200.966666666667
51,"M",4.69888888888889,200.983333333333
38,"F",4.63,200.983333333333
50,"M",4.73333333333333,200.983333333333
48,"M",4.73666666666667,201
33,"F",4.61722222222222,201
27,"F",4.66222222222222,201
37,"M",4.26944444444444,201.016666666667
37,"M",4.28333333333333,201.016666666667
34,"F",4.72,201.016666666667
52,"M",4.745,201.033333333333
33,"M",4.59777777777778,201.033333333333
47,"M",4.56777777777778,201.033333333333
21,"F",4.71388888888889,201.033333333333
46,"M",4.51,201.033333333333
58,"M",4.685,201.033333333333
47,"M",4.60444444444444,201.05
23,"F",4.79777777777778,201.05
44,"M",4.72555555555556,201.05
30,"F",4.72611111111111,201.05
27,"F",4.72222222222222,201.066666666667
50,"M",4.47166666666667,201.066666666667
45,"M",4.61944444444444,201.066666666667
43,"M",4.60833333333333,201.066666666667
30,"M",4.33222222222222,201.066666666667
28,"F",4.60055555555556,201.066666666667
40,"M",4.70277777777778,201.083333333333
38,"M",4.74055555555556,201.083333333333
54,"M",4.71,201.083333333333
40,"M",4.60611111111111,201.083333333333
25,"F",4.675,201.083333333333
36,"F",4.76222222222222,201.083333333333
40,"M",4.645,201.1
52,"M",4.77888888888889,201.1
37,"F",4.67,201.1
36,"F",4.71777777777778,201.1
60,"M",4.74666666666667,201.1
36,"M",4.51722222222222,201.116666666667
47,"M",4.72444444444444,201.116666666667
51,"M",4.68333333333333,201.116666666667
33,"F",4.69166666666667,201.116666666667
30,"F",4.77,201.116666666667
22,"F",4.30111111111111,201.116666666667
29,"F",4.52277777777778,201.116666666667
31,"M",4.30055555555556,201.133333333333
44,"F",4.68333333333333,201.133333333333
47,"M",4.71055555555556,201.133333333333
37,"F",4.69166666666667,201.15
43,"M",4.56444444444444,201.15
46,"M",4.70666666666667,201.15
50,"M",4.60055555555556,201.166666666667
44,"M",4.80555555555556,201.166666666667
47,"M",4.78166666666667,201.166666666667
53,"M",4.59444444444444,201.183333333333
41,"M",4.58888888888889,201.183333333333
46,"M",4.75166666666667,201.183333333333
45,"M",4.66888888888889,201.183333333333
37,"F",4.74388888888889,201.2
48,"M",4.75333333333333,201.2
44,"M",4.75444444444444,201.2
25,"F",4.69055555555556,201.2
47,"M",4.67444444444444,201.2
39,"M",4.67444444444444,201.2
51,"M",4.70611111111111,201.216666666667
38,"M",4.47,201.216666666667
63,"M",4.68722222222222,201.216666666667
57,"M",4.63,201.216666666667
46,"F",4.72055555555556,201.216666666667
53,"F",4.64222222222222,201.216666666667
48,"F",4.74,201.216666666667
40,"M",4.65722222222222,201.233333333333
30,"F",4.795,201.25
44,"M",4.47722222222222,201.25
31,"F",4.76111111111111,201.266666666667
25,"F",4.76777777777778,201.266666666667
54,"M",4.72666666666667,201.266666666667
45,"F",4.73166666666667,201.266666666667
47,"M",4.75055555555556,201.266666666667
64,"M",4.64555555555556,201.283333333333
39,"M",4.51833333333333,201.283333333333
33,"F",4.70666666666667,201.283333333333
33,"F",4.61055555555556,201.283333333333
28,"M",4.74944444444444,201.283333333333
29,"F",4.72444444444444,201.283333333333
21,"F",4.73111111111111,201.283333333333
35,"F",4.795,201.283333333333
26,"M",4.48833333333333,201.3
47,"M",4.70222222222222,201.3
34,"M",4.51,201.3
46,"M",4.64222222222222,201.316666666667
25,"F",4.69055555555556,201.316666666667
35,"F",4.61111111111111,201.316666666667
53,"M",4.77277777777778,201.333333333333
50,"M",4.70611111111111,201.333333333333
48,"M",4.77,201.333333333333
45,"F",4.66166666666667,201.333333333333
58,"M",4.57,201.333333333333
53,"M",4.71833333333333,201.35
27,"F",4.70944444444444,201.35
46,"M",4.67777777777778,201.35
47,"M",4.74277777777778,201.35
45,"M",4.56,201.35
43,"M",4.75944444444444,201.35
49,"M",4.79666666666667,201.366666666667
44,"M",4.62222222222222,201.366666666667
40,"F",4.51777777777778,201.366666666667
48,"M",4.78277777777778,201.383333333333
35,"F",4.76722222222222,201.383333333333
45,"M",4.67944444444444,201.383333333333
36,"F",4.64444444444444,201.383333333333
23,"F",4.50055555555556,201.383333333333
40,"F",4.67166666666667,201.4
48,"M",4.78277777777778,201.4
36,"M",4.67,201.4
59,"F",4.63722222222222,201.4
56,"F",4.69222222222222,201.4
47,"M",4.68722222222222,201.4
46,"M",4.39888888888889,201.4
48,"M",4.57166666666667,201.416666666667
43,"M",4.59277777777778,201.416666666667
46,"M",4.76444444444444,201.416666666667
52,"M",4.79777777777778,201.416666666667
39,"M",4.71944444444444,201.416666666667
36,"M",4.36722222222222,201.416666666667
47,"M",4.77944444444444,201.433333333333
38,"M",4.28777777777778,201.433333333333
30,"F",4.77055555555556,201.433333333333
32,"M",4.74055555555556,201.433333333333
38,"M",4.35944444444444,201.433333333333
51,"M",4.69222222222222,201.433333333333
34,"M",4.60666666666667,201.45
36,"M",4.65166666666667,201.45
39,"F",4.56333333333333,201.466666666667
47,"M",4.73222222222222,201.466666666667
37,"F",4.79777777777778,201.466666666667
50,"M",4.60722222222222,201.466666666667
51,"M",4.59888888888889,201.466666666667
23,"F",4.65444444444444,201.466666666667
45,"M",4.65222222222222,201.483333333333
35,"F",4.73611111111111,201.483333333333
28,"F",4.69833333333333,201.5
35,"F",4.41888888888889,201.5
46,"M",4.69055555555556,201.5
60,"M",4.71388888888889,201.5
42,"M",4.69222222222222,201.5
33,"M",4.64388888888889,201.516666666667
43,"M",4.74444444444444,201.516666666667
55,"M",4.79722222222222,201.516666666667
56,"M",4.70944444444444,201.516666666667
49,"M",4.75944444444444,201.516666666667
45,"M",4.74333333333333,201.516666666667
47,"M",4.74611111111111,201.516666666667
55,"M",4.56611111111111,201.533333333333
22,"F",4.76055555555556,201.533333333333
53,"M",4.66222222222222,201.533333333333
36,"F",4.66944444444445,201.533333333333
47,"M",4.58944444444444,201.533333333333
23,"M",4.55333333333333,201.55
54,"M",4.75833333333333,201.55
29,"M",4.36444444444444,201.55
49,"M",4.66666666666667,201.55
27,"F",4.64111111111111,201.566666666667
40,"M",4.70611111111111,201.566666666667
44,"M",4.64611111111111,201.583333333333
46,"M",4.58055555555555,201.583333333333
43,"M",4.66166666666667,201.583333333333
55,"M",4.72,201.583333333333
31,"F",4.82055555555556,201.583333333333
30,"F",4.55444444444444,201.583333333333
27,"F",4.55444444444444,201.6
42,"M",4.51388888888889,201.6
24,"F",4.49277777777778,201.6
35,"F",4.71277777777778,201.6
34,"F",4.75555555555556,201.6
50,"M",4.73611111111111,201.6
32,"F",4.80833333333333,201.6
55,"M",4.64444444444444,201.6
45,"F",4.65722222222222,201.6
44,"F",4.69166666666667,201.6
31,"F",4.72277777777778,201.6
46,"M",4.54611111111111,201.6
47,"M",4.77277777777778,201.6
52,"M",4.69166666666667,201.6
23,"M",4.57055555555556,201.616666666667
24,"F",4.67888888888889,201.616666666667
40,"M",4.57777777777778,201.616666666667
34,"F",4.78722222222222,201.616666666667
36,"F",4.62722222222222,201.616666666667
35,"M",4.62888888888889,201.616666666667
51,"M",4.70111111111111,201.616666666667
41,"F",4.78277777777778,201.633333333333
28,"F",4.73111111111111,201.633333333333
26,"M",4.65666666666667,201.65
23,"F",4.59444444444444,201.65
37,"F",4.67222222222222,201.65
48,"M",4.75777777777778,201.65
38,"F",4.755,201.65
38,"F",4.71277777777778,201.65
52,"M",4.72,201.65
54,"M",4.64111111111111,201.65
50,"M",4.76833333333333,201.65
53,"M",4.33388888888889,201.666666666667
47,"M",4.61,201.666666666667
30,"F",4.85222222222222,201.666666666667
41,"F",4.80666666666667,201.666666666667
45,"M",4.70666666666667,201.683333333333
39,"F",4.65555555555556,201.683333333333
56,"M",4.67,201.683333333333
51,"M",4.75277777777778,201.7
45,"M",4.63111111111111,201.7
50,"M",4.695,201.7
49,"M",4.69722222222222,201.7
42,"M",4.71277777777778,201.7
28,"F",4.785,201.716666666667
25,"F",4.63444444444444,201.716666666667
44,"M",4.75388888888889,201.716666666667
50,"M",4.61333333333333,201.716666666667
41,"M",4.60388888888889,201.716666666667
48,"M",4.70388888888889,201.716666666667
56,"M",4.62666666666667,201.733333333333
47,"F",4.77555555555556,201.733333333333
49,"M",4.53944444444444,201.733333333333
51,"M",4.67777777777778,201.733333333333
40,"F",4.73777777777778,201.733333333333
47,"M",4.75444444444444,201.733333333333
51,"M",4.65611111111111,201.733333333333
35,"M",4.61944444444444,201.733333333333
48,"M",4.74944444444444,201.733333333333
46,"M",4.75111111111111,201.75
52,"M",4.68388888888889,201.75
45,"M",4.72777777777778,201.75
21,"F",4.82666666666667,201.75
39,"F",4.75055555555556,201.75
53,"F",4.78333333333333,201.766666666667
46,"M",4.73277777777778,201.766666666667
40,"M",4.26277777777778,201.766666666667
50,"M",4.74333333333333,201.766666666667
48,"M",4.72055555555556,201.766666666667
47,"M",4.68388888888889,201.783333333333
33,"M",4.38055555555556,201.783333333333
45,"M",4.77111111111111,201.783333333333
43,"M",4.51388888888889,201.8
45,"M",4.70944444444444,201.8
57,"M",4.81444444444444,201.8
45,"M",4.58777777777778,201.8
32,"F",4.70666666666667,201.8
29,"F",4.73277777777778,201.8
54,"M",4.71111111111111,201.816666666667
47,"M",4.69722222222222,201.833333333333
38,"F",4.755,201.833333333333
53,"M",4.68555555555556,201.833333333333
22,"M",4.69111111111111,201.833333333333
31,"F",4.78944444444444,201.833333333333
26,"F",4.74222222222222,201.833333333333
44,"F",4.67777777777778,201.833333333333
50,"M",4.63277777777778,201.85
34,"M",4.765,201.85
35,"F",4.67777777777778,201.85
44,"M",4.62222222222222,201.85
42,"F",4.73055555555556,201.866666666667
45,"M",4.59111111111111,201.866666666667
25,"F",4.80777777777778,201.866666666667
52,"F",4.75166666666667,201.866666666667
57,"M",4.75888888888889,201.883333333333
47,"M",4.57166666666667,201.883333333333
29,"F",4.82166666666667,201.916666666667
50,"M",4.76888888888889,201.916666666667
48,"M",4.7,201.916666666667
26,"F",4.78388888888889,201.916666666667
36,"F",4.60111111111111,201.933333333333
36,"F",4.63833333333333,201.933333333333
29,"F",4.69722222222222,201.933333333333
43,"M",4.61277777777778,201.933333333333
58,"M",4.715,201.933333333333
35,"F",4.64388888888889,201.933333333333
46,"M",4.61666666666667,201.933333333333
28,"M",4.59722222222222,201.933333333333
48,"M",4.63222222222222,201.95
50,"M",4.75333333333333,201.95
32,"F",4.79222222222222,201.966666666667
45,"M",4.83777777777778,201.966666666667
58,"M",4.62111111111111,201.966666666667
36,"M",4.57777777777778,201.983333333333
55,"M",4.77944444444444,201.983333333333
50,"M",4.70444444444444,201.983333333333
37,"F",4.69333333333333,201.983333333333
32,"F",4.77833333333333,201.983333333333
22,"F",4.70444444444444,201.983333333333
55,"M",4.49055555555556,202
52,"M",4.74722222222222,202
32,"F",4.75611111111111,202
57,"F",4.76666666666667,202
28,"F",4.66777777777778,202
49,"M",4.58777777777778,202.016666666667
50,"M",4.79222222222222,202.016666666667
54,"M",4.67166666666667,202.016666666667
54,"M",4.64777777777778,202.033333333333
55,"M",4.74944444444444,202.033333333333
57,"M",4.67611111111111,202.033333333333
51,"M",4.75111111111111,202.033333333333
46,"M",4.65944444444444,202.033333333333
47,"M",4.72833333333333,202.033333333333
28,"F",4.70833333333333,202.033333333333
52,"M",4.64333333333333,202.033333333333
25,"F",4.73944444444444,202.033333333333
49,"F",4.775,202.05
52,"M",4.62888888888889,202.05
28,"F",4.75055555555556,202.05
46,"M",4.75166666666667,202.066666666667
60,"M",4.66944444444445,202.066666666667
41,"F",4.77555555555556,202.083333333333
41,"F",4.75888888888889,202.083333333333
32,"F",4.75888888888889,202.083333333333
46,"M",4.75277777777778,202.083333333333
42,"M",4.66611111111111,202.083333333333
26,"M",4.42888888888889,202.1
35,"M",4.64388888888889,202.1
32,"F",4.79222222222222,202.1
31,"M",4.32166666666667,202.116666666667
31,"F",4.84388888888889,202.116666666667
35,"F",4.74055555555556,202.116666666667
33,"F",4.79333333333333,202.116666666667
46,"M",4.79277777777778,202.116666666667
60,"M",4.71388888888889,202.116666666667
42,"F",4.65611111111111,202.133333333333
55,"M",4.66166666666667,202.133333333333
45,"M",4.56611111111111,202.133333333333
40,"M",4.66222222222222,202.133333333333
50,"M",4.75277777777778,202.133333333333
60,"F",4.54166666666667,202.133333333333
48,"M",4.45944444444444,202.15
54,"M",4.745,202.15
45,"M",4.54555555555556,202.15
47,"M",4.70666666666667,202.166666666667
35,"F",4.66833333333333,202.166666666667
48,"M",4.89222222222222,202.183333333333
39,"M",4.57333333333333,202.183333333333
34,"F",4.63444444444444,202.183333333333
34,"F",4.52166666666667,202.183333333333
48,"M",4.73611111111111,202.183333333333
47,"M",4.76444444444444,202.183333333333
38,"F",4.66166666666667,202.183333333333
37,"F",4.75055555555556,202.2
48,"M",4.55277777777778,202.2
26,"F",4.70388888888889,202.2
52,"M",4.68555555555556,202.2
29,"F",4.70444444444444,202.2
48,"M",4.60944444444444,202.2
34,"F",4.68611111111111,202.216666666667
37,"F",4.68666666666667,202.216666666667
52,"M",4.58944444444444,202.216666666667
38,"F",4.58833333333333,202.216666666667
27,"F",4.70722222222222,202.216666666667
56,"M",4.80333333333333,202.216666666667
28,"F",4.61611111111111,202.233333333333
45,"M",4.76611111111111,202.233333333333
44,"M",4.54111111111111,202.25
47,"M",4.78111111111111,202.266666666667
51,"M",4.75611111111111,202.266666666667
49,"M",4.76833333333333,202.266666666667
57,"M",4.715,202.266666666667
28,"F",4.73333333333333,202.266666666667
53,"M",4.73722222222222,202.266666666667
41,"F",4.725,202.266666666667
45,"M",4.77277777777778,202.283333333333
42,"F",4.71,202.283333333333
48,"M",4.79277777777778,202.3
48,"M",4.71444444444444,202.3
39,"F",4.64333333333333,202.3
48,"F",4.77555555555556,202.3
26,"M",4.47444444444444,202.3
25,"F",4.77833333333333,202.3
31,"M",4.29444444444445,202.316666666667
29,"F",4.83388888888889,202.316666666667
49,"M",4.77166666666667,202.316666666667
28,"F",4.79166666666667,202.316666666667
28,"F",4.80166666666667,202.35
24,"F",4.73888888888889,202.35
56,"M",4.53555555555556,202.35
23,"M",4.74666666666667,202.35
64,"M",4.69555555555556,202.35
42,"M",4.53777777777778,202.35
42,"M",4.69222222222222,202.366666666667
49,"M",4.75055555555556,202.366666666667
44,"M",4.71555555555556,202.366666666667
35,"M",4.43833333333333,202.366666666667
49,"M",4.70666666666667,202.366666666667
52,"M",4.655,202.366666666667
51,"M",4.74055555555556,202.366666666667
46,"M",4.66444444444444,202.366666666667
33,"F",4.78944444444444,202.383333333333
32,"F",4.71111111111111,202.383333333333
50,"M",4.74611111111111,202.383333333333
41,"F",4.83777777777778,202.383333333333
52,"M",4.73111111111111,202.383333333333
36,"M",4.64833333333333,202.383333333333
52,"M",4.75444444444444,202.383333333333
50,"M",4.76666666666667,202.383333333333
51,"M",4.32888888888889,202.383333333333
28,"F",4.79333333333333,202.4
40,"F",4.58722222222222,202.4
39,"F",4.79555555555556,202.4
28,"F",4.73777777777778,202.416666666667
47,"M",4.55444444444444,202.416666666667
37,"F",4.79611111111111,202.416666666667
50,"M",4.72666666666667,202.416666666667
39,"M",4.495,202.416666666667
55,"M",4.57222222222222,202.416666666667
25,"F",4.70055555555556,202.433333333333
55,"M",4.82111111111111,202.433333333333
25,"F",4.70444444444444,202.433333333333
24,"M",4.74555555555556,202.433333333333
48,"M",4.80611111111111,202.433333333333
31,"F",4.75444444444444,202.433333333333
42,"F",4.75222222222222,202.45
44,"M",4.55777777777778,202.45
31,"F",4.71444444444444,202.45
30,"F",4.82444444444444,202.45
43,"M",4.74833333333333,202.466666666667
60,"M",4.66277777777778,202.466666666667
32,"M",4.50222222222222,202.466666666667
54,"M",4.76666666666667,202.466666666667
38,"M",4.62611111111111,202.483333333333
29,"F",4.66777777777778,202.483333333333
29,"F",4.67388888888889,202.483333333333
41,"M",4.68222222222222,202.483333333333
45,"M",4.51888888888889,202.483333333333
40,"M",4.70833333333333,202.5
51,"M",4.76388888888889,202.5
36,"F",4.81444444444444,202.5
54,"M",4.72111111111111,202.516666666667
33,"F",4.75277777777778,202.516666666667
45,"M",4.70666666666667,202.516666666667
54,"M",4.76944444444444,202.516666666667
19,"M",4.70277777777778,202.533333333333
47,"M",4.815,202.533333333333
37,"F",4.725,202.533333333333
39,"M",4.51444444444444,202.533333333333
43,"M",4.48611111111111,202.533333333333
47,"M",4.69055555555556,202.533333333333
52,"M",4.76833333333333,202.533333333333
47,"M",4.71222222222222,202.533333333333
52,"M",4.66,202.533333333333
33,"M",4.56944444444444,202.533333333333
42,"M",4.52666666666667,202.55
56,"M",4.75333333333333,202.55
24,"F",4.79944444444444,202.55
29,"F",4.57222222222222,202.566666666667
52,"M",4.66666666666667,202.566666666667
57,"M",4.76777777777778,202.566666666667
32,"F",4.68555555555556,202.566666666667
46,"M",4.74722222222222,202.566666666667
47,"M",4.75944444444444,202.566666666667
33,"M",4.53666666666667,202.566666666667
48,"M",4.70833333333333,202.566666666667
46,"M",4.72722222222222,202.583333333333
28,"F",4.655,202.583333333333
29,"M",4.61222222222222,202.6
54,"M",4.73333333333333,202.6
37,"F",4.74833333333333,202.6
36,"M",4.77833333333333,202.6
32,"F",4.74055555555556,202.6
29,"M",4.67555555555556,202.6
23,"M",4.62277777777778,202.6
49,"M",4.86944444444444,202.6
45,"M",4.73611111111111,202.6
33,"M",4.765,202.616666666667
54,"M",4.725,202.616666666667
27,"F",4.78111111111111,202.616666666667
28,"F",4.80055555555556,202.633333333333
57,"M",4.76944444444444,202.633333333333
46,"M",4.66666666666667,202.633333333333
50,"M",4.84444444444444,202.633333333333
54,"M",4.74666666666667,202.633333333333
46,"M",4.78333333333333,202.633333333333
41,"F",4.84444444444444,202.633333333333
61,"M",4.68277777777778,202.633333333333
47,"M",4.49944444444444,202.65
33,"F",4.64611111111111,202.65
28,"F",4.77888888888889,202.65
27,"F",4.785,202.65
40,"M",4.86444444444444,202.65
29,"F",4.72833333333333,202.65
24,"F",4.68166666666667,202.666666666667
44,"M",4.71611111111111,202.666666666667
34,"F",4.78777777777778,202.666666666667
53,"M",4.765,202.666666666667
29,"F",4.66611111111111,202.666666666667
39,"F",4.80944444444444,202.683333333333
26,"F",4.55444444444444,202.683333333333
40,"M",4.78722222222222,202.683333333333
43,"F",4.67722222222222,202.683333333333
37,"F",4.80888888888889,202.683333333333
46,"M",4.68388888888889,202.683333333333
47,"F",4.815,202.7
48,"M",4.80055555555556,202.7
51,"M",4.84,202.7
26,"F",4.66277777777778,202.7
50,"M",4.83222222222222,202.7
26,"F",4.76388888888889,202.7
45,"M",4.615,202.7
50,"M",4.71166666666667,202.716666666667
47,"M",4.725,202.716666666667
29,"M",4.36888888888889,202.716666666667
39,"F",4.71111111111111,202.716666666667
45,"M",4.72611111111111,202.716666666667
45,"M",4.77111111111111,202.716666666667
22,"M",4.70055555555556,202.733333333333
28,"F",4.69055555555556,202.733333333333
42,"M",4.84222222222222,202.733333333333
49,"M",4.78722222222222,202.75
53,"M",4.74,202.75
29,"M",4.79222222222222,202.75
48,"F",4.775,202.75
48,"M",4.59,202.75
34,"M",4.43166666666667,202.766666666667
27,"F",4.59777777777778,202.766666666667
28,"F",4.74611111111111,202.766666666667
49,"M",4.63055555555556,202.766666666667
44,"M",4.73888888888889,202.766666666667
46,"M",4.75333333333333,202.783333333333
38,"F",4.82388888888889,202.783333333333
64,"M",4.745,202.783333333333
50,"M",4.83833333333333,202.783333333333
39,"M",4.50833333333333,202.8
39,"F",4.82388888888889,202.8
31,"F",4.80944444444444,202.8
38,"M",4.81,202.8
30,"F",4.68666666666667,202.8
24,"F",4.83111111111111,202.8
41,"M",4.67944444444444,202.8
44,"M",4.54888888888889,202.816666666667
53,"F",4.73666666666667,202.816666666667
38,"M",4.61611111111111,202.816666666667
27,"F",4.85666666666667,202.816666666667
45,"M",4.46833333333333,202.816666666667
49,"M",4.71722222222222,202.816666666667
45,"M",4.70944444444444,202.816666666667
59,"M",4.66277777777778,202.816666666667
52,"M",4.77944444444444,202.833333333333
33,"F",4.73166666666667,202.833333333333
50,"M",4.80722222222222,202.833333333333
47,"F",4.63,202.833333333333
37,"M",4.75388888888889,202.833333333333
44,"M",4.68166666666667,202.833333333333
35,"F",4.69888888888889,202.833333333333
24,"F",4.76055555555556,202.85
46,"M",4.82055555555556,202.85
24,"F",4.67555555555556,202.85
27,"F",4.74166666666667,202.85
45,"M",4.67444444444444,202.85
36,"M",4.58166666666667,202.85
35,"M",4.48055555555556,202.85
35,"M",4.52,202.866666666667
28,"F",4.83055555555555,202.866666666667
29,"M",4.41055555555556,202.866666666667
48,"M",4.705,202.866666666667
35,"F",4.72222222222222,202.866666666667
36,"F",4.72777777777778,202.883333333333
55,"M",4.705,202.883333333333
25,"F",4.78,202.883333333333
54,"M",4.82833333333333,202.883333333333
27,"F",4.82833333333333,202.9
62,"M",4.32388888888889,202.9
49,"M",4.59666666666667,202.9
49,"F",4.76277777777778,202.916666666667
50,"M",4.505,202.933333333333
34,"F",4.72166666666667,202.933333333333
46,"M",4.39277777777778,202.933333333333
30,"F",4.70666666666667,202.933333333333
33,"M",4.56,202.933333333333
54,"F",4.77888888888889,202.933333333333
34,"M",4.27722222222222,202.933333333333
40,"M",4.63944444444444,202.933333333333
42,"M",4.53722222222222,202.95
27,"F",4.73111111111111,202.95
52,"M",4.56222222222222,202.95
42,"M",4.84388888888889,202.95
37,"F",4.86333333333333,202.95
30,"F",4.75333333333333,202.95
24,"F",4.70333333333333,202.966666666667
39,"F",4.76555555555556,202.966666666667
27,"F",4.82777777777778,202.966666666667
47,"M",4.51055555555556,202.966666666667
30,"F",4.73944444444444,202.966666666667
46,"M",4.73777777777778,202.983333333333
21,"F",4.77944444444444,202.983333333333
36,"M",4.75611111111111,202.983333333333
42,"F",4.72944444444444,202.983333333333
31,"F",4.69333333333333,202.983333333333
29,"F",4.80833333333333,202.983333333333
50,"F",4.76444444444444,203
48,"M",4.65777777777778,203
48,"M",4.71055555555556,203
25,"F",4.58055555555555,203
38,"M",4.53388888888889,203
50,"M",4.67777777777778,203
24,"F",4.34722222222222,203
34,"M",4.46277777777778,203
32,"F",4.76055555555556,203.016666666667
52,"M",4.65444444444444,203.016666666667
51,"M",4.72333333333333,203.033333333333
51,"M",4.68055555555556,203.033333333333
51,"M",4.81611111111111,203.033333333333
50,"M",4.80333333333333,203.033333333333
49,"M",4.76,203.033333333333
48,"M",4.68944444444444,203.033333333333
22,"F",4.83333333333333,203.05
45,"F",4.82722222222222,203.05
57,"M",4.83333333333333,203.05
32,"F",4.64722222222222,203.05
56,"M",4.80222222222222,203.05
24,"F",4.64722222222222,203.066666666667
27,"F",4.83277777777778,203.066666666667
45,"M",4.76333333333333,203.066666666667
57,"M",4.78611111111111,203.066666666667
37,"F",4.73722222222222,203.083333333333
41,"M",4.59,203.083333333333
44,"F",4.73722222222222,203.083333333333
40,"F",4.91777777777778,203.083333333333
37,"F",4.79611111111111,203.083333333333
34,"F",4.84222222222222,203.083333333333
50,"M",4.70833333333333,203.083333333333
43,"F",4.66611111111111,203.083333333333
40,"F",4.71777777777778,203.083333333333
23,"F",4.69444444444444,203.1
51,"M",4.68,203.1
43,"M",4.59777777777778,203.1
30,"F",4.73944444444444,203.1
38,"M",4.61333333333333,203.1
41,"M",4.70388888888889,203.1
43,"M",4.84444444444444,203.116666666667
46,"M",4.56444444444444,203.116666666667
39,"F",4.86888888888889,203.116666666667
52,"M",4.81277777777778,203.116666666667
25,"F",4.73388888888889,203.116666666667
46,"M",4.645,203.116666666667
30,"F",4.57555555555556,203.133333333333
56,"M",4.80944444444444,203.133333333333
40,"M",4.48111111111111,203.133333333333
39,"F",4.72166666666667,203.133333333333
41,"M",4.66111111111111,203.133333333333
39,"F",4.60888888888889,203.133333333333
34,"F",4.80833333333333,203.133333333333
44,"M",4.78611111111111,203.133333333333
40,"M",4.66666666666667,203.15
47,"M",4.67611111111111,203.15
47,"M",4.67944444444444,203.15
45,"M",4.67944444444444,203.15
27,"F",4.71222222222222,203.15
47,"M",4.735,203.166666666667
56,"M",4.62055555555556,203.166666666667
37,"F",4.71888888888889,203.183333333333
54,"M",4.71722222222222,203.183333333333
49,"M",4.625,203.183333333333
26,"F",4.70388888888889,203.183333333333
26,"F",4.76722222222222,203.2
54,"F",4.69388888888889,203.2
53,"M",4.75722222222222,203.2
50,"M",4.74333333333333,203.216666666667
43,"M",4.63277777777778,203.216666666667
26,"F",4.785,203.216666666667
47,"M",4.80777777777778,203.216666666667
36,"M",4.59944444444444,203.216666666667
54,"M",4.71,203.216666666667
39,"M",4.45,203.233333333333
33,"F",4.80833333333333,203.233333333333
44,"M",4.715,203.233333333333
47,"M",4.68888888888889,203.25
51,"M",4.62944444444444,203.25
24,"F",4.79277777777778,203.25
30,"F",4.855,203.25
54,"M",4.72722222222222,203.25
41,"F",4.44888888888889,203.25
40,"M",4.62666666666667,203.25
47,"M",4.69166666666667,203.266666666667
30,"F",4.81666666666667,203.266666666667
31,"M",4.61277777777778,203.266666666667
55,"M",4.755,203.266666666667
42,"F",4.82611111111111,203.266666666667
37,"F",4.69888888888889,203.283333333333
51,"M",4.61277777777778,203.283333333333
48,"F",4.70277777777778,203.283333333333
50,"M",4.73111111111111,203.283333333333
35,"F",4.71277777777778,203.3
22,"F",4.71,203.3
29,"F",4.74277777777778,203.3
37,"F",4.77777777777778,203.3
49,"M",4.79388888888889,203.3
48,"M",4.65555555555556,203.3
25,"F",4.83833333333333,203.3
31,"M",4.54166666666667,203.3
48,"M",4.75777777777778,203.3
32,"F",4.75055555555556,203.316666666667
33,"F",4.79444444444445,203.316666666667
38,"M",4.65555555555556,203.316666666667
39,"M",4.68944444444444,203.333333333333
46,"F",4.71055555555556,203.333333333333
41,"M",4.53444444444444,203.333333333333
37,"F",4.69277777777778,203.333333333333
47,"M",4.78888888888889,203.35
49,"F",4.55944444444444,203.35
46,"M",4.70166666666667,203.35
30,"F",4.76,203.366666666667
37,"M",4.79777777777778,203.366666666667
24,"F",4.78888888888889,203.383333333333
45,"M",4.71666666666667,203.383333333333
48,"M",4.89166666666667,203.383333333333
45,"M",4.71888888888889,203.383333333333
27,"F",4.74666666666667,203.383333333333
36,"F",4.70944444444444,203.383333333333
47,"M",4.77722222222222,203.383333333333
26,"F",4.735,203.383333333333
55,"M",4.60833333333333,203.383333333333
29,"F",4.75833333333333,203.383333333333
50,"M",4.80111111111111,203.383333333333
55,"M",4.76388888888889,203.4
53,"M",4.77055555555556,203.4
51,"M",4.715,203.4
30,"F",4.89722222222222,203.4
43,"M",4.62333333333333,203.416666666667
27,"F",4.68277777777778,203.416666666667
22,"F",4.90388888888889,203.416666666667
46,"M",4.65611111111111,203.416666666667
45,"M",4.77888888888889,203.416666666667
49,"F",4.80666666666667,203.416666666667
28,"F",4.73944444444444,203.416666666667
47,"M",4.76166666666667,203.433333333333
51,"M",4.74944444444444,203.433333333333
36,"F",4.70833333333333,203.433333333333
53,"M",4.76555555555556,203.45
51,"M",4.76,203.45
31,"F",4.755,203.45
46,"M",4.75333333333333,203.45
55,"M",4.60944444444444,203.45
27,"F",4.79166666666667,203.45
27,"F",4.61777777777778,203.45
38,"F",4.73333333333333,203.466666666667
28,"F",4.61388888888889,203.466666666667
48,"M",4.79888888888889,203.466666666667
40,"M",4.76666666666667,203.466666666667
50,"M",4.66277777777778,203.466666666667
45,"M",4.73777777777778,203.466666666667
50,"M",4.77833333333333,203.466666666667
31,"M",4.66277777777778,203.483333333333
41,"F",4.64555555555556,203.483333333333
41,"M",4.68166666666667,203.483333333333
45,"M",4.86111111111111,203.483333333333
45,"M",4.64555555555556,203.483333333333
35,"M",4.40722222222222,203.483333333333
47,"M",4.73444444444444,203.483333333333
33,"F",4.84666666666667,203.483333333333
47,"M",4.71777777777778,203.5
26,"F",4.82444444444444,203.5
26,"M",4.34944444444444,203.516666666667
60,"M",4.65666666666667,203.516666666667
34,"F",4.79611111111111,203.516666666667
57,"M",4.77277777777778,203.516666666667
43,"M",4.8,203.533333333333
47,"M",4.67166666666667,203.533333333333
49,"M",4.715,203.533333333333
33,"F",4.66777777777778,203.533333333333
45,"F",4.66611111111111,203.533333333333
37,"F",4.72111111111111,203.55
51,"M",4.82666666666667,203.566666666667
53,"M",4.86222222222222,203.566666666667
25,"F",4.84833333333333,203.566666666667
29,"F",4.82555555555556,203.566666666667
53,"M",4.65166666666667,203.566666666667
30,"F",4.81277777777778,203.566666666667
47,"M",4.79222222222222,203.566666666667
60,"M",4.68722222222222,203.583333333333
43,"M",4.60833333333333,203.583333333333
28,"F",4.80944444444444,203.583333333333
49,"M",4.79888888888889,203.583333333333
45,"M",4.81611111111111,203.583333333333
32,"F",4.79222222222222,203.583333333333
47,"M",4.67888888888889,203.583333333333
56,"M",4.72166666666667,203.583333333333
33,"F",4.725,203.583333333333
43,"M",4.61222222222222,203.6
59,"M",4.76944444444444,203.6
48,"M",4.67277777777778,203.6
30,"F",4.73888888888889,203.6
48,"M",4.79777777777778,203.6
35,"F",4.81333333333333,203.6
38,"M",4.18944444444444,203.6
31,"F",4.82,203.616666666667
50,"M",4.73166666666667,203.616666666667
35,"F",4.71277777777778,203.616666666667
56,"M",4.71555555555556,203.616666666667
35,"M",4.84888888888889,203.633333333333
34,"F",4.86388888888889,203.633333333333
49,"M",4.86444444444444,203.633333333333
25,"F",4.83722222222222,203.633333333333
34,"F",4.78388888888889,203.633333333333
45,"M",4.82277777777778,203.633333333333
21,"M",4.66444444444444,203.633333333333
51,"M",4.72722222222222,203.633333333333
48,"M",4.72666666666667,203.65
33,"F",4.73111111111111,203.65
47,"M",4.62555555555556,203.65
34,"M",4.65277777777778,203.65
29,"F",4.67055555555556,203.666666666667
45,"M",4.75055555555556,203.666666666667
51,"M",4.86388888888889,203.666666666667
23,"F",4.84722222222222,203.666666666667
39,"M",4.56444444444444,203.666666666667
47,"M",4.71166666666667,203.666666666667
58,"M",4.72444444444444,203.666666666667
44,"M",4.78277777777778,203.666666666667
47,"M",4.72055555555556,203.666666666667
26,"F",4.82277777777778,203.683333333333
45,"M",4.78833333333333,203.683333333333
40,"M",4.55111111111111,203.683333333333
55,"M",4.59444444444444,203.683333333333
51,"M",4.71388888888889,203.7
34,"F",4.83944444444444,203.7
46,"M",4.69666666666667,203.7
47,"M",4.82166666666667,203.7
47,"F",4.65611111111111,203.7
61,"M",4.77222222222222,203.7
51,"M",4.76444444444444,203.7
44,"F",4.84055555555556,203.7
37,"M",4.48611111111111,203.7
33,"F",4.82444444444444,203.7
45,"M",4.90666666666667,203.7
36,"M",4.36611111111111,203.716666666667
45,"M",4.78388888888889,203.716666666667
50,"M",4.70722222222222,203.716666666667
52,"M",4.77611111111111,203.716666666667
41,"F",4.78277777777778,203.733333333333
53,"M",4.76,203.733333333333
42,"M",4.66888888888889,203.733333333333
33,"F",4.70055555555556,203.733333333333
39,"M",4.64055555555556,203.733333333333
41,"M",4.64111111111111,203.733333333333
43,"M",4.40055555555556,203.733333333333
52,"M",4.70277777777778,203.733333333333
31,"F",4.79,203.733333333333
45,"M",4.67388888888889,203.75
45,"M",4.72111111111111,203.75
40,"F",4.70833333333333,203.75
50,"M",4.81666666666667,203.766666666667
33,"F",4.83,203.766666666667
33,"F",4.76,203.766666666667
48,"M",4.71,203.766666666667
25,"M",4.80833333333333,203.766666666667
46,"M",4.65,203.766666666667
50,"M",4.68388888888889,203.766666666667
44,"M",4.75055555555556,203.766666666667
22,"F",4.73722222222222,203.783333333333
49,"M",4.74888888888889,203.783333333333
47,"M",4.81833333333333,203.783333333333
23,"F",4.72333333333333,203.783333333333
38,"M",4.58444444444444,203.783333333333
27,"F",4.76666666666667,203.783333333333
48,"M",4.77722222222222,203.783333333333
57,"M",4.75277777777778,203.783333333333
55,"M",4.64,203.8
54,"M",4.77722222222222,203.816666666667
33,"F",4.88222222222222,203.816666666667
41,"M",4.55888888888889,203.816666666667
22,"F",4.61444444444444,203.816666666667
30,"F",4.77277777777778,203.816666666667
25,"F",4.77722222222222,203.833333333333
23,"F",4.79277777777778,203.833333333333
50,"M",4.74111111111111,203.833333333333
52,"M",4.69777777777778,203.833333333333
36,"F",4.73722222222222,203.833333333333
30,"F",4.80055555555556,203.833333333333
29,"M",4.73055555555556,203.85
46,"M",4.71277777777778,203.85
43,"F",4.78666666666667,203.85
45,"M",4.80444444444444,203.85
50,"M",4.69111111111111,203.85
42,"F",4.78388888888889,203.85
30,"F",4.82722222222222,203.866666666667
44,"F",4.83111111111111,203.866666666667
41,"F",4.79277777777778,203.883333333333
37,"F",4.77388888888889,203.883333333333
45,"M",4.71111111111111,203.883333333333
56,"M",4.76833333333333,203.883333333333
22,"F",4.77833333333333,203.883333333333
40,"F",4.77611111111111,203.883333333333
21,"F",4.775,203.883333333333
53,"M",4.80833333333333,203.9
41,"M",4.58166666666667,203.9
50,"F",4.75444444444444,203.9
37,"M",4.82833333333333,203.9
29,"F",4.69888888888889,203.9
31,"F",4.77388888888889,203.9
49,"M",4.82833333333333,203.9
50,"M",4.74666666666667,203.916666666667
29,"F",4.79722222222222,203.916666666667
27,"F",4.77166666666667,203.916666666667
26,"F",4.78277777777778,203.916666666667
38,"M",4.42777777777778,203.916666666667
28,"F",4.83333333333333,203.916666666667
40,"F",4.86055555555556,203.916666666667
45,"M",4.73111111111111,203.916666666667
28,"F",4.76777777777778,203.933333333333
33,"F",4.825,203.933333333333
43,"M",4.58444444444444,203.933333333333
40,"M",4.69,203.95
51,"M",4.81944444444444,203.95
38,"F",4.86,203.95
42,"F",4.73333333333333,203.95
47,"M",4.76944444444444,203.95
29,"F",4.80555555555556,203.95
65,"M",4.80277777777778,203.966666666667
50,"M",4.72111111111111,203.966666666667
45,"M",4.62555555555556,203.966666666667
46,"M",4.70333333333333,203.983333333333
41,"M",4.39722222222222,203.983333333333
35,"M",4.54111111111111,203.983333333333
46,"M",4.76555555555556,203.983333333333
43,"F",4.78888888888889,203.983333333333
31,"F",4.50166666666667,204
50,"M",4.70444444444444,204
45,"M",4.69777777777778,204
30,"M",4.48666666666667,204
48,"M",4.69388888888889,204
45,"M",4.83833333333333,204.016666666667
26,"F",4.82666666666667,204.016666666667
37,"M",4.79722222222222,204.016666666667
33,"F",4.70611111111111,204.033333333333
26,"F",4.69055555555556,204.033333333333
44,"M",4.65555555555556,204.033333333333
25,"F",4.78333333333333,204.033333333333
47,"F",4.72555555555556,204.033333333333
48,"M",4.62166666666667,204.033333333333
48,"M",4.87111111111111,204.033333333333
41,"M",4.84777777777778,204.05
53,"M",4.63722222222222,204.05
24,"F",4.64944444444444,204.05
45,"M",4.80777777777778,204.05
32,"F",4.82833333333333,204.05
50,"M",4.61888888888889,204.05
41,"M",4.46166666666667,204.05
30,"F",4.79055555555556,204.05
28,"F",4.85944444444444,204.066666666667
46,"M",4.66611111111111,204.066666666667
55,"M",4.70666666666667,204.066666666667
47,"M",4.79777777777778,204.066666666667
28,"F",4.75111111111111,204.066666666667
54,"M",4.88277777777778,204.066666666667
41,"M",4.73277777777778,204.066666666667
43,"M",4.60388888888889,204.066666666667
50,"M",4.82555555555556,204.066666666667
41,"M",4.42222222222222,204.066666666667
22,"F",4.85333333333333,204.083333333333
43,"M",4.55555555555556,204.083333333333
27,"F",4.80277777777778,204.083333333333
46,"M",4.72944444444444,204.083333333333
28,"M",4.52277777777778,204.083333333333
31,"F",4.63777777777778,204.1
49,"M",4.71666666666667,204.1
56,"M",4.76555555555556,204.1
35,"F",4.82166666666667,204.1
40,"F",4.79944444444444,204.1
46,"M",4.83888888888889,204.1
48,"M",4.77555555555556,204.1
49,"M",4.69277777777778,204.1
49,"M",4.80388888888889,204.1
40,"M",4.64833333333333,204.116666666667
45,"M",4.84888888888889,204.116666666667
43,"M",4.69388888888889,204.116666666667
37,"M",4.72611111111111,204.116666666667
36,"F",4.875,204.116666666667
38,"F",4.80111111111111,204.116666666667
41,"F",4.84111111111111,204.116666666667
48,"M",4.66722222222222,204.133333333333
51,"M",4.72222222222222,204.133333333333
43,"M",4.57166666666667,204.133333333333
47,"M",4.785,204.133333333333
59,"M",4.77444444444444,204.133333333333
53,"M",4.70333333333333,204.133333333333
41,"F",4.73,204.133333333333
48,"M",4.79333333333333,204.133333333333
51,"M",4.70722222222222,204.133333333333
46,"M",4.70833333333333,204.15
46,"F",4.73166666666667,204.15
51,"M",4.69833333333333,204.15
39,"F",4.80166666666667,204.15
45,"M",4.77444444444444,204.15
55,"M",4.67944444444444,204.15
31,"F",4.74666666666667,204.166666666667
54,"M",4.76388888888889,204.166666666667
55,"M",4.59944444444444,204.166666666667
44,"F",4.83944444444444,204.166666666667
46,"M",4.72388888888889,204.166666666667
56,"M",4.81277777777778,204.166666666667
42,"M",4.90611111111111,204.166666666667
27,"F",4.79777777777778,204.166666666667
33,"F",4.98722222222222,204.166666666667
35,"F",4.87222222222222,204.166666666667
45,"M",4.72444444444444,204.183333333333
49,"M",4.84222222222222,204.183333333333
43,"M",4.68555555555556,204.183333333333
45,"M",4.70666666666667,204.183333333333
36,"F",4.59555555555556,204.183333333333
46,"F",4.70333333333333,204.2
28,"F",4.73333333333333,204.2
32,"F",4.81611111111111,204.2
46,"M",4.82888888888889,204.2
44,"M",4.75944444444444,204.2
36,"F",4.81388888888889,204.2
29,"F",4.80333333333333,204.2
47,"M",4.78,204.2
38,"F",4.68777777777778,204.2
27,"F",4.85,204.216666666667
28,"F",4.70944444444444,204.216666666667
44,"F",4.73777777777778,204.216666666667
26,"F",4.72888888888889,204.216666666667
35,"M",4.71944444444444,204.216666666667
46,"M",4.82722222222222,204.25
44,"F",4.78666666666667,204.25
53,"M",4.72111111111111,204.25
35,"F",4.88722222222222,204.25
25,"M",4.97,204.25
51,"M",4.76555555555556,204.25
58,"M",4.69611111111111,204.25
25,"F",4.84833333333333,204.266666666667
27,"F",4.84888888888889,204.266666666667
51,"M",4.80277777777778,204.266666666667
49,"M",4.72388888888889,204.266666666667
51,"M",4.69722222222222,204.266666666667
31,"F",4.83777777777778,204.283333333333
53,"M",4.68555555555556,204.283333333333
31,"M",4.66222222222222,204.283333333333
35,"M",4.41777777777778,204.3
30,"M",4.24888888888889,204.3
35,"F",4.79333333333333,204.3
49,"M",4.73944444444444,204.3
40,"M",4.58833333333333,204.316666666667
46,"M",4.75166666666667,204.316666666667
37,"M",4.67555555555556,204.316666666667
25,"F",4.74888888888889,204.316666666667
33,"F",4.78222222222222,204.316666666667
44,"M",4.445,204.333333333333
37,"F",4.82111111111111,204.333333333333
29,"F",4.85833333333333,204.333333333333
52,"M",4.75277777777778,204.333333333333
39,"F",4.71888888888889,204.35
30,"F",4.69555555555556,204.35
35,"F",4.83166666666667,204.35
26,"F",4.84111111111111,204.35
43,"M",4.63666666666667,204.366666666667
56,"M",4.72,204.366666666667
27,"F",4.87,204.366666666667
32,"M",4.69944444444444,204.366666666667
48,"M",4.56777777777778,204.383333333333
45,"M",4.78944444444444,204.383333333333
52,"M",4.81833333333333,204.383333333333
57,"M",4.76,204.383333333333
55,"M",4.71,204.383333333333
57,"M",4.81,204.383333333333
26,"F",4.81111111111111,204.383333333333
50,"M",4.78222222222222,204.4
29,"F",4.82777777777778,204.4
47,"M",4.82722222222222,204.416666666667
45,"M",4.67055555555556,204.416666666667
46,"M",4.68777777777778,204.416666666667
54,"M",4.65833333333333,204.433333333333
46,"M",4.8,204.433333333333
35,"F",4.71722222222222,204.433333333333
52,"M",4.78944444444444,204.433333333333
51,"M",4.78222222222222,204.45
27,"F",4.76111111111111,204.45
56,"M",4.59888888888889,204.45
50,"F",4.80333333333333,204.45
46,"F",4.80166666666667,204.45
45,"F",4.75722222222222,204.466666666667
50,"F",4.73777777777778,204.466666666667
58,"M",4.54277777777778,204.466666666667
37,"F",4.52111111111111,204.466666666667
57,"M",4.76666666666667,204.466666666667
25,"F",4.72944444444444,204.466666666667
31,"M",4.28055555555556,204.483333333333
31,"M",4.72444444444444,204.483333333333
45,"M",4.66055555555556,204.483333333333
47,"F",4.72555555555556,204.5
28,"M",4.80777777777778,204.5
47,"M",4.77277777777778,204.5
33,"F",4.72,204.5
27,"F",4.87444444444444,204.5
59,"M",4.69611111111111,204.5
45,"M",4.84,204.5
33,"F",4.72,204.5
52,"M",4.66222222222222,204.516666666667
26,"M",4.78555555555556,204.516666666667
38,"F",4.76888888888889,204.516666666667
45,"M",4.66555555555556,204.516666666667
49,"M",4.78833333333333,204.533333333333
41,"M",4.58611111111111,204.533333333333
50,"F",4.86222222222222,204.533333333333
28,"F",4.84944444444444,204.55
34,"F",4.87,204.566666666667
39,"M",4.54555555555556,204.583333333333
30,"F",4.80055555555556,204.583333333333
28,"M",4.78777777777778,204.583333333333
63,"M",4.77777777777778,204.583333333333
30,"F",4.79611111111111,204.583333333333
37,"M",4.76833333333333,204.583333333333
46,"M",4.61277777777778,204.583333333333
52,"M",4.79722222222222,204.6
52,"M",4.81333333333333,204.6
20,"F",4.73944444444444,204.6
31,"F",4.87833333333333,204.6
26,"F",4.70722222222222,204.6
42,"M",4.69833333333333,204.6
48,"M",4.87833333333333,204.616666666667
52,"M",4.76833333333333,204.616666666667
25,"F",4.78388888888889,204.616666666667
26,"F",4.87666666666667,204.616666666667
50,"M",4.62388888888889,204.616666666667
42,"F",4.81888888888889,204.616666666667
28,"F",4.88333333333333,204.633333333333
47,"M",4.68888888888889,204.633333333333
46,"M",4.74,204.633333333333
23,"F",4.85333333333333,204.633333333333
63,"M",4.80722222222222,204.633333333333
42,"M",4.77222222222222,204.65
52,"M",4.63944444444444,204.666666666667
44,"M",4.53666666666667,204.666666666667
42,"M",4.92388888888889,204.666666666667
51,"M",4.80777777777778,204.666666666667
27,"F",4.76444444444444,204.683333333333
52,"M",4.78666666666667,204.683333333333
29,"F",4.83833333333333,204.683333333333
25,"F",4.82166666666667,204.683333333333
49,"M",4.76333333333333,204.683333333333
40,"M",4.84611111111111,204.683333333333
32,"M",4.72722222222222,204.7
26,"F",4.69444444444444,204.7
48,"M",4.70777777777778,204.7
56,"M",4.77166666666667,204.7
44,"F",4.79,204.7
20,"M",4.63277777777778,204.716666666667
29,"M",4.84222222222222,204.716666666667
24,"F",4.67777777777778,204.716666666667
40,"F",4.84222222222222,204.716666666667
37,"M",4.56277777777778,204.716666666667
61,"M",4.77666666666667,204.733333333333
34,"F",4.62444444444444,204.733333333333
32,"F",4.88444444444444,204.75
42,"F",4.82888888888889,204.75
55,"F",4.84944444444444,204.75
44,"M",4.56166666666667,204.75
24,"F",4.74,204.766666666667
45,"M",4.795,204.766666666667
26,"F",4.69777777777778,204.766666666667
57,"M",4.75555555555556,204.766666666667
28,"F",4.87444444444444,204.783333333333
34,"F",4.64777777777778,204.783333333333
31,"M",4.485,204.783333333333
41,"M",4.54333333333333,204.783333333333
33,"F",4.78944444444444,204.8
30,"F",4.765,204.8
34,"F",4.83888888888889,204.816666666667
29,"F",4.65555555555556,204.816666666667
54,"M",4.68833333333333,204.816666666667
42,"F",4.82388888888889,204.816666666667
45,"M",4.72388888888889,204.816666666667
37,"M",4.625,204.816666666667
49,"M",4.82944444444444,204.816666666667
30,"M",4.68333333333333,204.816666666667
46,"M",4.47333333333333,204.833333333333
26,"F",4.67277777777778,204.833333333333
53,"F",4.80777777777778,204.833333333333
45,"M",4.83222222222222,204.833333333333
46,"M",4.69055555555556,204.833333333333
47,"M",4.84,204.85
23,"M",4.885,204.85
50,"M",4.82666666666667,204.85
42,"F",4.78333333333333,204.85
34,"F",4.78333333333333,204.85
36,"F",4.64277777777778,204.85
53,"M",4.83388888888889,204.85
23,"F",4.84444444444444,204.866666666667
33,"F",4.68888888888889,204.866666666667
56,"M",4.76833333333333,204.866666666667
53,"M",4.87722222222222,204.866666666667
24,"F",4.74777777777778,204.883333333333
38,"M",4.85611111111111,204.883333333333
26,"F",4.69222222222222,204.883333333333
54,"M",4.72444444444444,204.883333333333
47,"M",4.85222222222222,204.9
55,"M",4.85333333333333,204.9
50,"M",4.80055555555556,204.9
52,"M",4.88222222222222,204.9
22,"F",4.82833333333333,204.9
41,"F",4.58333333333333,204.9
53,"M",4.80111111111111,204.9
38,"M",4.89444444444444,204.9
48,"M",4.64611111111111,204.916666666667
58,"M",4.77833333333333,204.916666666667
46,"M",4.91277777777778,204.916666666667
33,"F",4.74388888888889,204.916666666667
45,"M",4.865,204.916666666667
51,"M",4.63833333333333,204.916666666667
44,"M",4.72833333333333,204.933333333333
32,"F",4.77444444444444,204.933333333333
45,"M",4.88,204.933333333333
32,"F",4.71888888888889,204.933333333333
33,"F",4.86055555555556,204.933333333333
26,"F",4.61333333333333,204.95
51,"M",4.865,204.95
29,"F",4.80388888888889,204.95
35,"M",4.82388888888889,204.95
28,"M",4.50222222222222,204.95
60,"M",4.625,204.95
48,"M",4.83666666666667,204.966666666667
28,"F",4.83277777777778,204.966666666667
28,"F",4.76333333333333,204.966666666667
33,"F",4.76777777777778,204.966666666667
40,"F",4.81666666666667,204.966666666667
46,"M",4.64833333333333,204.983333333333
58,"F",4.82611111111111,204.983333333333
32,"F",4.91333333333333,205
37,"M",4.77166666666667,205
41,"F",4.795,205
43,"F",4.77722222222222,205
47,"M",4.80833333333333,205
37,"F",4.69722222222222,205
30,"F",4.83555555555556,205
30,"F",4.69666666666667,205.016666666667
30,"F",4.74777777777778,205.016666666667
35,"F",4.82277777777778,205.016666666667
39,"M",4.81111111111111,205.016666666667
44,"M",4.81388888888889,205.016666666667
27,"F",4.85611111111111,205.016666666667
46,"M",4.77666666666667,205.033333333333
41,"M",4.375,205.033333333333
36,"F",4.81277777777778,205.05
45,"M",4.675,205.05
34,"M",4.80277777777778,205.05
31,"M",4.34722222222222,205.05
34,"F",4.89222222222222,205.066666666667
50,"M",4.805,205.066666666667
46,"M",4.89777777777778,205.066666666667
49,"M",4.75833333333333,205.066666666667
57,"M",4.71666666666667,205.083333333333
36,"M",4.75222222222222,205.083333333333
49,"M",4.72611111111111,205.083333333333
46,"M",4.85111111111111,205.083333333333
24,"F",4.86277777777778,205.083333333333
40,"F",4.85277777777778,205.083333333333
34,"F",4.84277777777778,205.1
36,"F",4.80722222222222,205.1
39,"F",4.74111111111111,205.1
56,"M",4.81222222222222,205.1
48,"M",4.78888888888889,205.1
56,"M",4.80611111111111,205.1
53,"M",4.80166666666667,205.1
40,"F",4.82055555555556,205.116666666667
45,"M",4.635,205.116666666667
51,"M",4.88277777777778,205.133333333333
31,"F",4.83388888888889,205.133333333333
59,"M",4.78833333333333,205.15
40,"M",4.85444444444444,205.15
25,"F",4.68833333333333,205.15
51,"M",4.70611111111111,205.15
54,"M",4.75166666666667,205.15
31,"F",4.66611111111111,205.15
24,"F",4.82555555555556,205.15
29,"F",4.89833333333333,205.15
30,"F",4.84,205.166666666667
51,"M",4.57444444444444,205.166666666667
32,"F",4.82,205.166666666667
51,"M",4.73166666666667,205.166666666667
56,"M",4.81222222222222,205.183333333333
41,"M",4.63666666666667,205.183333333333
24,"M",4.89444444444444,205.183333333333
32,"F",4.77388888888889,205.183333333333
30,"F",4.80555555555556,205.2
48,"M",4.68777777777778,205.2
34,"F",4.70944444444444,205.216666666667
44,"F",4.74222222222222,205.216666666667
54,"M",4.72388888888889,205.216666666667
30,"F",4.765,205.216666666667
49,"M",4.61666666666667,205.216666666667
42,"M",4.74388888888889,205.216666666667
23,"F",4.78166666666667,205.216666666667
40,"M",4.68555555555556,205.233333333333
30,"F",4.79111111111111,205.233333333333
45,"M",4.77833333333333,205.233333333333
42,"M",4.70611111111111,205.233333333333
54,"M",4.65777777777778,205.233333333333
44,"F",4.76333333333333,205.25
37,"F",4.82333333333333,205.25
23,"F",4.82888888888889,205.25
52,"M",4.67444444444444,205.25
56,"M",4.64388888888889,205.25
37,"F",4.85722222222222,205.25
37,"F",4.78277777777778,205.25
59,"M",4.55111111111111,205.25
39,"F",4.84611111111111,205.266666666667
33,"F",4.82222222222222,205.266666666667
55,"M",4.75222222222222,205.266666666667
31,"M",4.86777777777778,205.266666666667
57,"M",4.74444444444444,205.266666666667
52,"M",4.78555555555556,205.266666666667
45,"M",4.87333333333333,205.266666666667
46,"F",4.83833333333333,205.266666666667
46,"F",4.62111111111111,205.283333333333
51,"M",4.81,205.283333333333
55,"M",4.97611111111111,205.283333333333
46,"M",4.79111111111111,205.3
50,"M",4.88833333333333,205.3
48,"M",4.69666666666667,205.3
55,"M",4.42,205.316666666667
50,"M",4.78,205.316666666667
39,"F",4.88888888888889,205.316666666667
35,"F",4.76055555555556,205.316666666667
33,"F",4.89055555555556,205.316666666667
37,"F",4.75666666666667,205.333333333333
45,"F",4.80222222222222,205.333333333333
46,"M",4.77444444444444,205.333333333333
28,"F",4.78222222222222,205.333333333333
44,"M",4.66444444444444,205.333333333333
47,"M",4.81777777777778,205.333333333333
31,"F",4.82111111111111,205.333333333333
27,"F",4.76888888888889,205.35
52,"M",4.72722222222222,205.35
25,"F",4.71166666666667,205.35
55,"M",4.75777777777778,205.35
45,"F",4.85222222222222,205.366666666667
36,"M",4.90166666666667,205.366666666667
37,"F",4.68,205.366666666667
23,"M",4.56444444444444,205.366666666667
49,"M",4.56,205.366666666667
35,"F",4.88722222222222,205.366666666667
41,"M",4.71666666666667,205.366666666667
52,"F",4.77444444444444,205.383333333333
56,"F",4.69611111111111,205.383333333333
45,"M",4.78444444444444,205.383333333333
52,"M",4.86611111111111,205.383333333333
46,"F",4.84444444444444,205.4
50,"F",4.80611111111111,205.4
36,"M",4.74111111111111,205.4
41,"F",4.80833333333333,205.4
43,"F",4.80833333333333,205.416666666667
36,"F",4.73111111111111,205.416666666667
46,"M",4.53666666666667,205.416666666667
31,"F",4.835,205.416666666667
26,"F",4.69277777777778,205.416666666667
43,"M",4.73722222222222,205.416666666667
45,"M",4.80388888888889,205.416666666667
48,"M",4.835,205.416666666667
29,"F",4.75888888888889,205.433333333333
36,"F",4.84222222222222,205.433333333333
37,"F",4.835,205.433333333333
35,"F",4.79722222222222,205.433333333333
39,"F",4.83555555555556,205.433333333333
25,"F",4.84,205.433333333333
57,"M",4.87,205.433333333333
43,"F",4.84222222222222,205.433333333333
49,"M",4.75444444444444,205.433333333333
39,"F",4.80333333333333,205.433333333333
45,"F",4.78888888888889,205.45
37,"F",4.82333333333333,205.45
44,"F",4.80388888888889,205.45
32,"F",4.85944444444444,205.45
35,"M",4.635,205.45
22,"F",4.75055555555556,205.45
49,"M",4.58555555555556,205.466666666667
56,"M",4.77833333333333,205.466666666667
52,"M",4.56444444444444,205.5
30,"F",4.90722222222222,205.5
49,"M",4.70111111111111,205.5
31,"F",4.83722222222222,205.516666666667
40,"F",4.80388888888889,205.516666666667
25,"M",4.51388888888889,205.516666666667
55,"M",4.83722222222222,205.516666666667
40,"M",4.75555555555556,205.516666666667
23,"F",4.75111111111111,205.516666666667
43,"M",4.53222222222222,205.516666666667
54,"M",4.75777777777778,205.516666666667
29,"F",4.77388888888889,205.533333333333
53,"F",4.79277777777778,205.533333333333
29,"F",4.82388888888889,205.533333333333
54,"M",4.82444444444444,205.55
52,"M",4.81166666666667,205.55
53,"M",4.79277777777778,205.55
26,"M",4.65277777777778,205.566666666667
61,"M",4.74722222222222,205.583333333333
40,"M",4.67666666666667,205.583333333333
37,"M",4.75333333333333,205.583333333333
52,"M",4.70222222222222,205.583333333333
30,"F",4.85666666666667,205.583333333333
27,"F",4.88055555555556,205.583333333333
50,"M",4.79222222222222,205.583333333333
33,"M",4.58111111111111,205.583333333333
34,"F",4.82722222222222,205.6
54,"M",4.89388888888889,205.6
50,"M",4.67388888888889,205.616666666667
38,"F",4.62888888888889,205.616666666667
27,"M",4.85833333333333,205.616666666667
31,"M",4.75777777777778,205.616666666667
39,"M",4.57611111111111,205.616666666667
58,"M",4.79166666666667,205.616666666667
39,"F",4.84111111111111,205.616666666667
55,"M",4.72666666666667,205.633333333333
37,"F",4.82388888888889,205.633333333333
50,"M",4.82833333333333,205.633333333333
24,"F",4.85722222222222,205.633333333333
53,"M",4.49944444444444,205.633333333333
31,"F",4.66944444444445,205.633333333333
23,"F",4.76777777777778,205.65
38,"M",4.75666666666667,205.65
53,"F",4.80222222222222,205.65
58,"M",4.86944444444444,205.65
56,"M",4.91555555555556,205.65
58,"M",4.74611111111111,205.65
51,"M",4.84,205.65
58,"M",4.80444444444444,205.666666666667
45,"M",4.72722222222222,205.666666666667
27,"F",4.78277777777778,205.683333333333
47,"M",4.75,205.683333333333
41,"F",4.845,205.683333333333
47,"M",4.83777777777778,205.683333333333
36,"M",4.87555555555556,205.683333333333
45,"M",4.79277777777778,205.7
28,"F",4.84944444444444,205.7
32,"M",4.79333333333333,205.7
35,"F",4.85,205.7
42,"M",4.87333333333333,205.7
23,"F",4.815,205.716666666667
34,"F",4.95888888888889,205.716666666667
49,"M",4.84722222222222,205.716666666667
44,"M",4.74111111111111,205.733333333333
45,"F",4.81722222222222,205.733333333333
35,"F",4.75944444444444,205.733333333333
26,"M",4.55833333333333,205.733333333333
52,"M",4.82777777777778,205.75
46,"M",4.90611111111111,205.75
50,"M",4.78166666666667,205.75
41,"F",4.78777777777778,205.75
44,"M",4.64111111111111,205.75
35,"M",4.51,205.75
35,"F",4.89055555555556,205.75
27,"F",4.89333333333333,205.75
37,"M",4.92,205.75
34,"F",4.72277777777778,205.766666666667
27,"F",4.92055555555556,205.766666666667
39,"F",4.81944444444444,205.766666666667
52,"M",4.81611111111111,205.783333333333
25,"F",4.85722222222222,205.783333333333
35,"F",4.73833333333333,205.783333333333
40,"F",4.88722222222222,205.783333333333
35,"M",4.8,205.783333333333
37,"F",4.90666666666667,205.8
27,"F",4.37388888888889,205.8
48,"M",4.715,205.8
36,"F",4.79944444444444,205.816666666667
51,"M",4.78055555555556,205.816666666667
24,"F",4.68055555555556,205.816666666667
31,"M",4.72166666666667,205.816666666667
46,"M",4.935,205.816666666667
48,"M",4.72944444444444,205.816666666667
22,"F",4.81444444444444,205.833333333333
50,"F",4.79055555555556,205.833333333333
31,"F",4.86388888888889,205.833333333333
45,"M",4.70388888888889,205.833333333333
28,"F",4.73666666666667,205.85
53,"M",4.76166666666667,205.85
46,"M",4.76666666666667,205.85
57,"M",4.76166666666667,205.85
51,"M",4.82333333333333,205.866666666667
32,"F",4.87833333333333,205.866666666667
57,"M",4.83,205.866666666667
46,"M",4.86,205.866666666667
35,"F",4.78666666666667,205.866666666667
35,"F",4.73722222222222,205.883333333333
21,"F",4.81888888888889,205.883333333333
46,"F",4.89277777777778,205.883333333333
45,"F",4.76222222222222,205.883333333333
30,"F",4.75722222222222,205.883333333333
58,"M",4.68666666666667,205.883333333333
46,"M",4.66222222222222,205.883333333333
47,"F",4.82555555555556,205.9
25,"F",4.85611111111111,205.9
51,"M",4.935,205.9
55,"M",4.86944444444444,205.9
47,"M",4.86388888888889,205.9
60,"M",4.74833333333333,205.9
55,"M",4.69388888888889,205.9
53,"M",4.79777777777778,205.916666666667
32,"F",4.80833333333333,205.916666666667
50,"M",4.74277777777778,205.933333333333
38,"F",4.84111111111111,205.933333333333
46,"M",4.83222222222222,205.933333333333
23,"F",4.74333333333333,205.933333333333
46,"M",4.55666666666667,205.933333333333
34,"M",4.48277777777778,205.933333333333
49,"M",4.815,205.933333333333
21,"F",4.76277777777778,205.933333333333
41,"M",4.65666666666667,205.95
51,"M",4.74166666666667,205.95
46,"M",4.97,205.95
37,"F",4.88277777777778,205.95
39,"M",4.68166666666667,205.95
27,"F",4.84722222222222,205.95
45,"M",4.53888888888889,205.95
46,"M",4.39166666666667,205.95
50,"F",4.79722222222222,205.95
47,"M",4.80166666666667,205.95
42,"F",4.77166666666667,205.95
53,"M",4.68333333333333,205.966666666667
50,"M",4.80833333333333,205.966666666667
43,"F",4.82222222222222,205.966666666667
24,"F",4.82944444444444,205.966666666667
40,"F",4.74166666666667,205.983333333333
33,"F",4.83944444444444,205.983333333333
40,"M",4.74611111111111,205.983333333333
41,"F",4.81277777777778,205.983333333333
39,"M",4.79055555555556,205.983333333333
29,"M",4.46222222222222,206
58,"M",4.8,206
24,"F",4.78388888888889,206
50,"M",4.94611111111111,206
45,"M",4.76222222222222,206
26,"F",4.74055555555556,206
36,"M",4.35666666666667,206
41,"M",4.83388888888889,206
56,"M",4.74888888888889,206.016666666667
46,"F",4.83833333333333,206.016666666667
46,"M",4.77833333333333,206.016666666667
36,"F",4.56777777777778,206.016666666667
24,"F",4.845,206.016666666667
33,"F",4.86722222222222,206.016666666667
26,"F",4.87277777777778,206.033333333333
60,"M",4.81166666666667,206.033333333333
53,"M",4.77055555555556,206.033333333333
28,"F",4.81833333333333,206.033333333333
30,"F",4.81722222222222,206.033333333333
43,"F",4.86222222222222,206.033333333333
57,"M",4.81722222222222,206.033333333333
43,"F",4.88111111111111,206.05
50,"M",4.89722222222222,206.05
53,"M",4.87055555555556,206.05
36,"M",4.81055555555556,206.066666666667
47,"F",4.80055555555556,206.066666666667
27,"F",4.73222222222222,206.066666666667
45,"F",4.82777777777778,206.083333333333
27,"F",4.75888888888889,206.083333333333
35,"M",4.53722222222222,206.083333333333
44,"M",4.47388888888889,206.083333333333
36,"M",4.76166666666667,206.083333333333
46,"M",4.71944444444444,206.083333333333
42,"F",4.90833333333333,206.083333333333
26,"F",4.90944444444444,206.1
42,"M",4.61833333333333,206.1
52,"M",4.85833333333333,206.1
39,"F",4.69388888888889,206.1
41,"F",4.84055555555556,206.1
38,"F",4.845,206.1
27,"F",4.84833333333333,206.1
48,"F",4.80111111111111,206.1
45,"M",4.78,206.1
38,"M",4.565,206.116666666667
31,"F",4.81944444444444,206.116666666667
52,"M",4.82555555555556,206.116666666667
45,"M",4.75777777777778,206.116666666667
29,"F",4.78611111111111,206.116666666667
36,"F",4.79333333333333,206.116666666667
41,"F",4.91166666666667,206.116666666667
45,"M",4.815,206.116666666667
40,"F",4.79722222222222,206.133333333333
42,"M",4.82888888888889,206.133333333333
46,"M",4.785,206.133333333333
49,"F",4.89277777777778,206.15
36,"F",4.89888888888889,206.15
48,"M",4.88944444444444,206.15
59,"M",4.68222222222222,206.15
47,"M",4.78833333333333,206.15
50,"M",4.73722222222222,206.15
45,"M",4.79222222222222,206.15
51,"M",4.83,206.166666666667
49,"M",4.72388888888889,206.166666666667
54,"M",4.64111111111111,206.166666666667
53,"M",4.80111111111111,206.183333333333
46,"F",4.68277777777778,206.183333333333
40,"F",4.86888888888889,206.183333333333
54,"M",4.85111111111111,206.183333333333
54,"M",4.54277777777778,206.183333333333
55,"M",4.79833333333333,206.183333333333
31,"F",4.74833333333333,206.183333333333
52,"M",4.92833333333333,206.2
51,"M",4.63222222222222,206.2
54,"M",4.85,206.2
50,"M",4.835,206.2
46,"M",4.59722222222222,206.2
50,"M",4.70333333333333,206.216666666667
56,"M",4.85222222222222,206.216666666667
50,"M",4.93,206.216666666667
37,"F",4.74555555555556,206.233333333333
50,"M",4.84555555555556,206.233333333333
34,"F",4.80666666666667,206.233333333333
38,"M",4.87722222222222,206.233333333333
28,"F",4.90222222222222,206.233333333333
49,"M",4.77222222222222,206.25
32,"F",4.64888888888889,206.25
45,"M",4.84111111111111,206.25
40,"M",4.75055555555556,206.266666666667
52,"M",4.78833333333333,206.266666666667
32,"F",4.69111111111111,206.266666666667
33,"M",4.70055555555556,206.266666666667
32,"F",4.41333333333333,206.283333333333
39,"F",4.77388888888889,206.283333333333
42,"M",4.66222222222222,206.283333333333
46,"F",4.81,206.283333333333
46,"M",4.65444444444444,206.283333333333
46,"M",4.83,206.3
57,"M",4.81888888888889,206.3
27,"F",4.91444444444444,206.3
39,"F",4.77777777777778,206.3
58,"M",4.88055555555556,206.3
47,"M",4.81222222222222,206.3
48,"F",4.94611111111111,206.3
26,"F",4.88444444444444,206.3
45,"M",4.88833333333333,206.316666666667
36,"F",4.74333333333333,206.316666666667
45,"M",4.79555555555556,206.316666666667
38,"M",4.75611111111111,206.316666666667
45,"M",4.79277777777778,206.316666666667
49,"F",4.82,206.316666666667
56,"M",4.805,206.316666666667
38,"M",4.77444444444444,206.316666666667
38,"M",4.46555555555556,206.333333333333
41,"M",4.81722222222222,206.333333333333
25,"F",4.80666666666667,206.333333333333
31,"F",4.82555555555556,206.333333333333
56,"F",4.80555555555556,206.333333333333
29,"F",4.905,206.333333333333
26,"F",4.79055555555556,206.333333333333
49,"M",4.52944444444444,206.35
27,"F",4.79055555555556,206.35
38,"F",4.93222222222222,206.35
45,"M",4.78333333333333,206.35
44,"M",4.76388888888889,206.35
37,"F",4.77444444444444,206.35
42,"F",4.72111111111111,206.366666666667
38,"F",4.89333333333333,206.366666666667
41,"F",4.84166666666667,206.383333333333
42,"M",4.52111111111111,206.383333333333
43,"F",4.87388888888889,206.383333333333
35,"F",4.81222222222222,206.383333333333
52,"M",4.79388888888889,206.383333333333
50,"M",4.76944444444444,206.4
38,"F",4.95666666666667,206.4
35,"F",4.90944444444444,206.4
33,"F",4.89388888888889,206.416666666667
53,"M",4.80722222222222,206.416666666667
43,"F",4.79722222222222,206.416666666667
54,"M",4.78722222222222,206.416666666667
41,"F",4.80111111111111,206.433333333333
52,"M",4.81111111111111,206.433333333333
40,"F",4.87833333333333,206.433333333333
46,"M",4.73111111111111,206.433333333333
25,"F",4.645,206.433333333333
39,"M",4.80444444444444,206.45
32,"M",4.96111111111111,206.45
28,"F",4.55111111111111,206.45
47,"M",4.81833333333333,206.45
53,"M",4.69333333333333,206.45
40,"F",4.78055555555556,206.45
40,"M",4.66166666666667,206.45
43,"F",4.80055555555556,206.45
35,"F",4.84888888888889,206.45
26,"F",4.83055555555555,206.45
61,"M",4.70111111111111,206.45
27,"M",4.83055555555555,206.45
33,"F",4.91,206.45
53,"M",4.84055555555556,206.45
47,"M",4.95111111111111,206.466666666667
37,"F",4.89444444444444,206.466666666667
41,"F",4.85055555555556,206.466666666667
36,"F",4.78777777777778,206.466666666667
31,"M",4.54388888888889,206.466666666667
43,"F",4.88666666666667,206.466666666667
37,"M",4.73777777777778,206.466666666667
26,"F",4.84666666666667,206.483333333333
51,"M",4.70555555555555,206.5
47,"M",4.83944444444444,206.5
41,"M",4.88333333333333,206.5
55,"M",4.81611111111111,206.5
53,"M",4.84388888888889,206.5
40,"F",4.81,206.5
52,"M",4.825,206.5
52,"M",4.85222222222222,206.5
35,"F",4.87666666666667,206.5
46,"M",4.95777777777778,206.516666666667
46,"M",4.56722222222222,206.516666666667
34,"F",4.95666666666667,206.516666666667
41,"F",4.78388888888889,206.533333333333
37,"M",4.72388888888889,206.533333333333
47,"M",4.72388888888889,206.533333333333
35,"F",4.73277777777778,206.533333333333
49,"M",4.74444444444444,206.533333333333
43,"F",4.85722222222222,206.55
39,"F",4.82222222222222,206.55
50,"M",4.89833333333333,206.55
26,"F",4.62888888888889,206.55
23,"F",4.895,206.55
42,"F",4.88333333333333,206.566666666667
32,"F",4.79666666666667,206.566666666667
51,"M",4.90555555555556,206.566666666667
53,"M",4.92,206.566666666667
55,"M",4.87166666666667,206.566666666667
38,"M",4.59111111111111,206.566666666667
48,"M",4.74666666666667,206.566666666667
52,"M",4.91611111111111,206.566666666667
44,"F",4.74722222222222,206.583333333333
55,"M",4.70555555555555,206.583333333333
43,"F",4.88555555555556,206.583333333333
46,"F",4.92722222222222,206.583333333333
44,"M",4.75055555555556,206.583333333333
49,"M",4.71166666666667,206.583333333333
55,"F",4.80333333333333,206.583333333333
52,"M",4.81666666666667,206.6
56,"M",4.86444444444444,206.6
55,"M",4.86111111111111,206.6
28,"F",4.92666666666667,206.6
64,"M",4.81111111111111,206.6
51,"M",4.69555555555556,206.6
52,"M",4.73888888888889,206.616666666667
47,"M",4.69555555555556,206.616666666667
29,"F",4.80944444444444,206.633333333333
24,"F",4.89166666666667,206.633333333333
22,"F",4.755,206.633333333333
44,"F",4.83611111111111,206.65
50,"M",4.83944444444444,206.65
42,"F",4.74333333333333,206.65
45,"M",4.75166666666667,206.666666666667
30,"F",4.805,206.666666666667
48,"M",4.78,206.666666666667
46,"M",4.82833333333333,206.666666666667
28,"F",4.88777777777778,206.683333333333
50,"M",4.73055555555556,206.683333333333
42,"F",4.78722222222222,206.683333333333
50,"M",4.82666666666667,206.683333333333
57,"M",4.77555555555556,206.683333333333
60,"M",4.85333333333333,206.683333333333
39,"M",5.025,206.7
28,"F",4.71444444444444,206.7
50,"M",4.785,206.7
38,"F",4.80611111111111,206.7
46,"M",4.81388888888889,206.7
32,"F",4.69222222222222,206.7
39,"M",4.89,206.7
40,"F",4.81833333333333,206.716666666667
30,"M",4.15722222222222,206.716666666667
23,"F",4.86722222222222,206.716666666667
50,"M",4.77388888888889,206.716666666667
34,"M",4.32055555555556,206.716666666667
30,"F",4.80166666666667,206.716666666667
50,"M",4.79333333333333,206.716666666667
30,"F",4.89222222222222,206.733333333333
31,"F",4.84,206.733333333333
24,"F",4.84388888888889,206.733333333333
43,"F",4.79777777777778,206.733333333333
31,"F",4.82333333333333,206.733333333333
39,"F",4.88444444444444,206.733333333333
49,"M",4.77444444444444,206.75
39,"F",4.92166666666667,206.766666666667
56,"M",4.88722222222222,206.766666666667
31,"F",4.86111111111111,206.766666666667
37,"F",4.70611111111111,206.783333333333
35,"M",4.32666666666667,206.783333333333
44,"F",4.88444444444444,206.783333333333
45,"F",4.84111111111111,206.783333333333
53,"F",4.81722222222222,206.783333333333
31,"F",4.82666666666667,206.783333333333
50,"M",4.59111111111111,206.783333333333
40,"F",4.85555555555556,206.783333333333
33,"F",4.89222222222222,206.783333333333
54,"M",4.66,206.8
53,"M",4.88055555555556,206.8
26,"M",4.48777777777778,206.8
41,"F",4.80888888888889,206.8
31,"F",4.8,206.8
39,"M",4.75666666666667,206.8
42,"F",4.82944444444444,206.816666666667
32,"F",4.98222222222222,206.816666666667
34,"F",4.72888888888889,206.816666666667
36,"M",4.88722222222222,206.816666666667
66,"M",4.94666666666667,206.816666666667
46,"M",4.84944444444444,206.833333333333
38,"F",4.87555555555556,206.833333333333
51,"M",4.765,206.833333333333
57,"M",4.80222222222222,206.833333333333
36,"M",4.75833333333333,206.833333333333
25,"F",4.71055555555556,206.833333333333
29,"M",4.52111111111111,206.833333333333
46,"M",4.89777777777778,206.833333333333
56,"M",4.72222222222222,206.85
48,"M",4.63555555555556,206.85
52,"M",4.90833333333333,206.85
36,"M",4.77444444444444,206.85
40,"F",4.80166666666667,206.85
63,"M",4.83666666666667,206.85
54,"M",4.80222222222222,206.85
31,"F",4.76722222222222,206.85
27,"F",4.87777777777778,206.85
49,"M",4.83222222222222,206.866666666667
42,"M",4.66111111111111,206.866666666667
27,"F",4.88277777777778,206.866666666667
23,"F",4.84722222222222,206.866666666667
38,"F",4.83,206.883333333333
58,"F",4.89277777777778,206.883333333333
37,"F",4.84166666666667,206.883333333333
50,"M",4.82444444444444,206.883333333333
50,"M",4.82055555555556,206.883333333333
23,"F",4.94666666666667,206.9
43,"F",4.85888888888889,206.9
48,"M",4.70055555555556,206.916666666667
36,"F",4.88,206.916666666667
45,"M",4.575,206.916666666667
54,"M",4.92111111111111,206.916666666667
58,"M",4.74055555555556,206.916666666667
53,"M",4.69777777777778,206.916666666667
58,"M",4.85722222222222,206.933333333333
52,"M",4.77777777777778,206.933333333333
38,"F",4.79666666666667,206.933333333333
47,"F",4.8,206.95
36,"F",4.77666666666667,206.966666666667
44,"M",4.61388888888889,206.966666666667
37,"F",4.89,206.966666666667
50,"M",4.86277777777778,206.966666666667
37,"F",4.65777777777778,206.966666666667
28,"F",4.73833333333333,206.983333333333
33,"F",4.85888888888889,206.983333333333
51,"M",4.87111111111111,206.983333333333
42,"M",4.94277777777778,206.983333333333
65,"M",4.79277777777778,206.983333333333
54,"M",4.88166666666667,207
51,"M",4.845,207
34,"M",4.68722222222222,207
53,"M",4.74611111111111,207
52,"M",4.95611111111111,207
56,"M",4.90888888888889,207
56,"M",4.86,207
45,"F",4.87388888888889,207
52,"M",4.89833333333333,207
23,"F",4.605,207
44,"M",4.89166666666667,207
30,"M",4.77666666666667,207
46,"M",4.65722222222222,207.016666666667
25,"F",4.86166666666667,207.016666666667
35,"F",4.86277777777778,207.016666666667
54,"M",4.78222222222222,207.016666666667
53,"M",4.91222222222222,207.033333333333
35,"F",4.865,207.033333333333
48,"M",4.91277777777778,207.033333333333
40,"M",4.72277777777778,207.033333333333
53,"M",4.77555555555556,207.05
51,"M",4.88944444444444,207.05
39,"F",4.83611111111111,207.05
39,"F",4.83166666666667,207.05
28,"F",4.85444444444444,207.05
51,"M",4.91222222222222,207.05
43,"F",4.93722222222222,207.066666666667
48,"M",4.91277777777778,207.066666666667
30,"F",4.78,207.066666666667
38,"F",4.73722222222222,207.066666666667
48,"M",4.74277777777778,207.066666666667
27,"F",4.81833333333333,207.066666666667
37,"F",4.80888888888889,207.083333333333
56,"M",4.80166666666667,207.083333333333
36,"F",4.78944444444444,207.083333333333
46,"F",4.83055555555555,207.1
31,"M",4.74777777777778,207.1
25,"F",4.64888888888889,207.1
38,"F",4.90777777777778,207.1
37,"M",4.52,207.116666666667
50,"M",4.75777777777778,207.116666666667
39,"F",4.83555555555556,207.116666666667
36,"F",4.82222222222222,207.133333333333
46,"M",4.83444444444444,207.133333333333
21,"M",4.57666666666667,207.133333333333
24,"F",4.87,207.133333333333
38,"M",4.85555555555556,207.133333333333
54,"M",4.77777777777778,207.133333333333
30,"M",4.74888888888889,207.133333333333
27,"F",4.83833333333333,207.133333333333
36,"F",4.88333333333333,207.133333333333
42,"F",4.90888888888889,207.15
47,"M",4.73388888888889,207.15
32,"M",4.77833333333333,207.15
24,"F",4.78666666666667,207.166666666667
26,"F",4.95166666666667,207.166666666667
55,"M",4.84722222222222,207.166666666667
42,"M",4.84388888888889,207.166666666667
28,"F",4.88166666666667,207.166666666667
38,"F",4.86611111111111,207.166666666667
56,"M",4.77111111111111,207.166666666667
35,"F",4.79611111111111,207.166666666667
28,"F",4.89333333333333,207.166666666667
45,"M",4.77722222222222,207.183333333333
32,"F",4.82722222222222,207.183333333333
35,"F",5.01888888888889,207.183333333333
41,"F",4.80833333333333,207.183333333333
46,"F",4.89722222222222,207.2
37,"M",4.385,207.2
23,"M",4.98277777777778,207.2
35,"F",4.765,207.2
45,"M",4.75166666666667,207.2
53,"F",4.76166666666667,207.216666666667
53,"M",4.77944444444444,207.216666666667
53,"M",4.82222222222222,207.216666666667
25,"F",4.89833333333333,207.216666666667
50,"M",4.76388888888889,207.233333333333
45,"M",4.68555555555556,207.233333333333
49,"M",4.83611111111111,207.233333333333
42,"F",4.71833333333333,207.233333333333
51,"M",4.90277777777778,207.233333333333
43,"M",4.84333333333333,207.233333333333
29,"F",4.88111111111111,207.233333333333
50,"M",4.63277777777778,207.25
30,"M",4.58388888888889,207.25
34,"F",4.90166666666667,207.25
50,"M",4.89888888888889,207.25
56,"M",4.87888888888889,207.25
42,"M",4.56,207.25
26,"F",4.79888888888889,207.266666666667
48,"F",4.81666666666667,207.266666666667
49,"M",4.90444444444444,207.266666666667
42,"F",4.82222222222222,207.266666666667
27,"M",4.84388888888889,207.266666666667
53,"M",4.82555555555556,207.266666666667
45,"M",4.70611111111111,207.266666666667
33,"F",4.82222222222222,207.266666666667
51,"M",4.72277777777778,207.266666666667
47,"M",4.725,207.283333333333
56,"M",4.915,207.283333333333
44,"M",4.86611111111111,207.3
29,"F",4.91611111111111,207.3
41,"F",4.85888888888889,207.3
26,"F",4.72944444444444,207.3
55,"M",4.93944444444444,207.3
43,"F",4.86111111111111,207.3
59,"M",4.80166666666667,207.316666666667
50,"M",4.87055555555556,207.316666666667
28,"F",4.72388888888889,207.316666666667
35,"F",4.86055555555556,207.316666666667
51,"M",4.845,207.316666666667
35,"F",4.81555555555556,207.316666666667
52,"M",4.83444444444444,207.316666666667
34,"M",4.98888888888889,207.333333333333
48,"F",4.83444444444444,207.333333333333
36,"M",4.63888888888889,207.333333333333
35,"M",4.69444444444444,207.333333333333
49,"M",4.65222222222222,207.333333333333
41,"F",4.74055555555556,207.35
34,"F",4.68277777777778,207.35
33,"M",4.65666666666667,207.35
51,"M",4.90944444444444,207.35
27,"F",4.77833333333333,207.366666666667
24,"F",4.61944444444444,207.366666666667
40,"M",4.86166666666667,207.366666666667
47,"M",4.82,207.366666666667
38,"F",4.76166666666667,207.366666666667
39,"M",4.66277777777778,207.366666666667
34,"F",4.81111111111111,207.366666666667
43,"M",4.91888888888889,207.366666666667
33,"F",4.84333333333333,207.383333333333
32,"F",4.92111111111111,207.383333333333
53,"M",4.82055555555556,207.383333333333
29,"F",4.71111111111111,207.383333333333
47,"F",4.76555555555556,207.383333333333
36,"F",4.85777777777778,207.383333333333
43,"F",4.85666666666667,207.383333333333
36,"M",4.86944444444444,207.383333333333
40,"F",4.75111111111111,207.4
51,"F",4.72666666666667,207.4
45,"M",4.77555555555556,207.4
27,"M",4.64277777777778,207.4
25,"F",4.78555555555556,207.4
45,"M",4.77722222222222,207.416666666667
50,"M",4.73444444444444,207.416666666667
36,"F",4.86388888888889,207.416666666667
39,"F",4.80111111111111,207.416666666667
24,"M",4.91722222222222,207.433333333333
62,"M",4.77944444444444,207.433333333333
40,"M",4.81722222222222,207.433333333333
52,"M",4.885,207.433333333333
50,"M",4.38944444444444,207.433333333333
49,"F",4.89666666666667,207.433333333333
46,"M",4.77111111111111,207.433333333333
46,"M",4.89611111111111,207.433333333333
47,"M",4.89888888888889,207.45
30,"F",4.88611111111111,207.45
47,"M",4.82944444444444,207.45
43,"F",4.89333333333333,207.45
56,"M",4.91777777777778,207.45
41,"M",4.92,207.466666666667
54,"M",4.86277777777778,207.466666666667
28,"F",4.76944444444444,207.466666666667
28,"F",4.80055555555556,207.466666666667
50,"M",4.86833333333333,207.483333333333
59,"M",4.83333333333333,207.483333333333
51,"M",4.86944444444444,207.483333333333
30,"F",4.83833333333333,207.483333333333
57,"M",4.88666666666667,207.483333333333
36,"F",4.85555555555556,207.5
46,"M",4.74111111111111,207.5
26,"F",4.85444444444444,207.5
51,"M",4.81166666666667,207.5
51,"F",4.815,207.516666666667
40,"F",4.93222222222222,207.516666666667
23,"F",4.80277777777778,207.516666666667
53,"M",4.87,207.516666666667
40,"F",4.95111111111111,207.516666666667
55,"M",4.90166666666667,207.516666666667
36,"F",4.87277777777778,207.533333333333
36,"F",4.91444444444444,207.533333333333
25,"F",4.89888888888889,207.533333333333
27,"F",4.725,207.533333333333
58,"M",4.69111111111111,207.55
25,"F",4.79277777777778,207.55
28,"F",4.90388888888889,207.55
23,"M",4.52388888888889,207.55
44,"M",4.81722222222222,207.55
42,"F",4.85833333333333,207.566666666667
49,"M",4.78833333333333,207.566666666667
45,"M",4.93888888888889,207.566666666667
50,"M",4.96833333333333,207.566666666667
35,"F",4.84833333333333,207.566666666667
48,"M",4.82555555555556,207.566666666667
26,"F",4.75722222222222,207.566666666667
44,"M",5.02111111111111,207.566666666667
53,"M",4.85666666666667,207.566666666667
49,"M",4.86833333333333,207.566666666667
43,"F",4.84555555555556,207.566666666667
33,"F",4.98611111111111,207.583333333333
23,"F",4.76722222222222,207.583333333333
40,"M",4.77666666666667,207.583333333333
34,"F",5.02166666666667,207.583333333333
53,"M",4.83111111111111,207.583333333333
54,"M",4.83277777777778,207.583333333333
51,"M",4.92777777777778,207.583333333333
29,"M",4.71055555555556,207.6
40,"F",4.85444444444444,207.6
37,"F",4.83666666666667,207.6
53,"M",4.85388888888889,207.616666666667
42,"M",4.98888888888889,207.616666666667
36,"M",4.78055555555556,207.616666666667
31,"F",4.83666666666667,207.616666666667
53,"M",4.61,207.616666666667
45,"M",4.81277777777778,207.633333333333
36,"M",4.83888888888889,207.633333333333
37,"M",4.86166666666667,207.633333333333
48,"F",4.83611111111111,207.633333333333
36,"F",4.83,207.633333333333
29,"F",4.865,207.633333333333
34,"F",4.87277777777778,207.65
53,"M",4.83611111111111,207.65
27,"F",4.85166666666667,207.65
41,"F",4.88555555555556,207.65
56,"M",4.82888888888889,207.65
23,"F",4.65944444444444,207.65
47,"M",4.86444444444444,207.65
42,"M",4.59166666666667,207.666666666667
50,"M",4.89555555555556,207.666666666667
47,"M",4.80833333333333,207.666666666667
45,"M",4.79833333333333,207.666666666667
44,"F",4.80555555555556,207.666666666667
52,"M",4.66055555555556,207.683333333333
45,"M",4.83333333333333,207.683333333333
42,"F",4.87444444444444,207.683333333333
46,"M",4.77388888888889,207.683333333333
31,"M",4.50166666666667,207.683333333333
35,"F",4.92888888888889,207.7
39,"F",4.94611111111111,207.7
24,"F",4.50777777777778,207.7
28,"F",4.90277777777778,207.716666666667
34,"F",4.895,207.716666666667
54,"M",4.88444444444444,207.716666666667
26,"F",5.01722222222222,207.716666666667
39,"M",4.84611111111111,207.716666666667
48,"F",4.81277777777778,207.716666666667
42,"M",4.67944444444444,207.716666666667
52,"M",4.91611111111111,207.733333333333
48,"M",4.73777777777778,207.733333333333
52,"M",4.72111111111111,207.733333333333
34,"F",4.855,207.733333333333
51,"M",4.81111111111111,207.733333333333
53,"M",4.97222222222222,207.75
23,"F",4.78222222222222,207.75
57,"M",4.83277777777778,207.75
61,"M",4.91722222222222,207.75
59,"M",4.86277777777778,207.75
33,"F",4.87277777777778,207.75
55,"M",4.95111111111111,207.766666666667
39,"F",4.75111111111111,207.766666666667
28,"F",4.89444444444444,207.766666666667
48,"M",4.84,207.783333333333
38,"M",4.98277777777778,207.783333333333
39,"F",4.88944444444444,207.783333333333
24,"F",4.77055555555556,207.8
43,"M",4.59777777777778,207.8
53,"M",4.93888888888889,207.8
44,"M",4.81444444444444,207.8
50,"M",4.985,207.816666666667
52,"M",4.91222222222222,207.816666666667
42,"M",4.63333333333333,207.816666666667
30,"F",4.82944444444444,207.833333333333
50,"M",4.88555555555556,207.833333333333
53,"M",4.79333333333333,207.833333333333
26,"F",4.89388888888889,207.833333333333
31,"F",4.69388888888889,207.833333333333
27,"F",4.87111111111111,207.833333333333
47,"M",4.82944444444444,207.833333333333
49,"M",4.94777777777778,207.833333333333
47,"M",4.83944444444444,207.85
46,"F",4.58722222222222,207.85
48,"M",4.75666666666667,207.85
31,"F",4.88611111111111,207.85
53,"M",4.895,207.85
39,"M",4.64611111111111,207.85
62,"M",4.98222222222222,207.85
43,"M",4.70333333333333,207.85
39,"F",4.91055555555556,207.866666666667
30,"F",4.855,207.866666666667
34,"F",4.91388888888889,207.866666666667
23,"F",4.79666666666667,207.866666666667
46,"M",4.83555555555556,207.866666666667
24,"M",4.34555555555556,207.866666666667
31,"M",4.32777777777778,207.866666666667
42,"F",4.87166666666667,207.883333333333
41,"M",4.96388888888889,207.883333333333
53,"M",4.91666666666667,207.883333333333
43,"M",4.69,207.883333333333
48,"M",4.88611111111111,207.883333333333
32,"F",4.68277777777778,207.883333333333
40,"F",4.85333333333333,207.9
43,"M",4.82888888888889,207.9
49,"M",4.89833333333333,207.9
48,"F",4.80111111111111,207.9
49,"M",4.89888888888889,207.916666666667
51,"M",4.86444444444444,207.916666666667
43,"M",4.91333333333333,207.916666666667
25,"F",4.91055555555556,207.916666666667
49,"M",4.90111111111111,207.916666666667
37,"F",4.94166666666667,207.933333333333
31,"M",4.93277777777778,207.933333333333
37,"M",4.75222222222222,207.933333333333
49,"F",4.80888888888889,207.933333333333
39,"F",4.92222222222222,207.933333333333
43,"F",4.95777777777778,207.933333333333
50,"M",4.845,207.933333333333
45,"M",4.63444444444444,207.95
49,"M",4.80166666666667,207.95
56,"M",4.74055555555556,207.95
42,"M",4.69277777777778,207.95
32,"M",4.41388888888889,207.966666666667
23,"F",4.82833333333333,207.966666666667
52,"M",4.88055555555556,207.966666666667
59,"M",4.83722222222222,207.966666666667
39,"F",4.80777777777778,207.966666666667
30,"F",4.905,207.966666666667
31,"F",4.66888888888889,207.966666666667
52,"M",4.74388888888889,207.983333333333
46,"M",4.64722222222222,207.983333333333
38,"F",4.915,207.983333333333
41,"F",4.83166666666667,207.983333333333
51,"M",5.01111111111111,207.983333333333
33,"F",4.80444444444444,207.983333333333
50,"M",4.80388888888889,207.983333333333
28,"F",4.64222222222222,208
49,"M",4.77555555555556,208
36,"M",4.89722222222222,208
52,"M",4.80666666666667,208
22,"M",4.66055555555556,208
46,"M",4.84,208.016666666667
55,"M",4.78888888888889,208.016666666667
50,"M",4.66888888888889,208.016666666667
38,"F",4.85722222222222,208.033333333333
24,"F",4.70388888888889,208.033333333333
51,"M",4.72111111111111,208.033333333333
45,"M",4.82666666666667,208.033333333333
34,"F",4.82944444444444,208.033333333333
26,"F",4.935,208.033333333333
57,"F",4.88444444444444,208.033333333333
25,"F",4.88833333333333,208.05
36,"F",4.84444444444444,208.05
51,"M",4.90111111111111,208.05
31,"F",4.93166666666667,208.05
44,"M",4.64555555555556,208.05
30,"F",4.86444444444444,208.05
50,"M",4.90222222222222,208.05
26,"F",4.80277777777778,208.066666666667
52,"M",4.70888888888889,208.066666666667
53,"M",4.80555555555556,208.066666666667
58,"M",4.86,208.066666666667
43,"F",4.91166666666667,208.083333333333
30,"F",4.84,208.083333333333
36,"M",4.87611111111111,208.1
40,"M",4.76611111111111,208.1
53,"M",4.92055555555556,208.1
31,"F",4.89055555555556,208.1
21,"F",4.68777777777778,208.1
22,"F",4.795,208.1
24,"F",4.82833333333333,208.116666666667
35,"F",4.825,208.133333333333
27,"M",4.855,208.133333333333
33,"F",4.82055555555556,208.133333333333
52,"M",4.64388888888889,208.133333333333
37,"M",4.85555555555556,208.15
46,"M",4.32666666666667,208.166666666667
39,"F",4.89055555555556,208.166666666667
52,"M",4.79555555555556,208.166666666667
35,"F",4.90111111111111,208.183333333333
42,"M",4.52666666666667,208.183333333333
40,"F",4.86166666666667,208.183333333333
35,"F",4.91944444444445,208.183333333333
50,"M",4.98277777777778,208.2
32,"F",4.91722222222222,208.2
45,"M",4.74277777777778,208.2
50,"M",4.85,208.2
52,"M",4.94333333333333,208.2
49,"M",4.76666666666667,208.2
33,"M",4.27333333333333,208.216666666667
37,"F",4.81222222222222,208.216666666667
51,"M",4.84777777777778,208.216666666667
48,"M",4.93611111111111,208.216666666667
24,"F",4.95833333333333,208.233333333333
56,"M",4.89888888888889,208.233333333333
44,"F",4.86277777777778,208.233333333333
59,"M",4.87555555555556,208.233333333333
57,"M",4.85777777777778,208.233333333333
48,"M",4.99833333333333,208.233333333333
62,"M",4.82055555555556,208.233333333333
47,"M",4.91666666666667,208.25
24,"F",4.91777777777778,208.25
38,"F",4.82444444444444,208.25
32,"F",4.78777777777778,208.25
42,"M",4.885,208.25
45,"M",4.85888888888889,208.25
54,"M",4.98444444444444,208.25
52,"M",4.86166666666667,208.25
52,"M",4.895,208.25
53,"M",4.90944444444444,208.25
27,"F",4.87888888888889,208.266666666667
47,"M",4.24777777777778,208.266666666667
43,"F",4.91722222222222,208.266666666667
39,"M",4.55333333333333,208.266666666667
43,"M",4.84611111111111,208.266666666667
51,"M",4.86611111111111,208.266666666667
50,"F",4.89611111111111,208.266666666667
48,"F",4.80277777777778,208.283333333333
58,"M",4.79555555555556,208.283333333333
38,"M",4.74,208.283333333333
45,"M",4.74944444444444,208.283333333333
39,"M",4.76388888888889,208.283333333333
35,"F",4.92611111111111,208.283333333333
33,"F",4.885,208.283333333333
40,"M",4.88888888888889,208.283333333333
35,"F",4.82333333333333,208.3
56,"M",4.85722222222222,208.3
36,"F",4.81833333333333,208.3
31,"F",4.88555555555556,208.3
27,"F",4.88611111111111,208.3
37,"F",4.88555555555556,208.3
50,"M",4.80055555555556,208.316666666667
51,"M",4.89555555555556,208.316666666667
45,"M",4.80055555555556,208.316666666667
49,"M",4.76833333333333,208.316666666667
44,"M",4.76666666666667,208.316666666667
28,"F",4.88666666666667,208.316666666667
42,"M",4.62777777777778,208.316666666667
50,"M",4.89833333333333,208.316666666667
51,"M",4.80666666666667,208.333333333333
37,"F",4.80388888888889,208.333333333333
43,"F",4.89,208.333333333333
51,"M",4.93611111111111,208.333333333333
46,"F",4.90888888888889,208.333333333333
46,"F",4.925,208.333333333333
39,"M",4.93166666666667,208.35
47,"M",4.88222222222222,208.35
44,"F",4.96166666666667,208.35
33,"F",4.95444444444444,208.35
28,"F",4.63888888888889,208.35
35,"F",4.78333333333333,208.35
38,"F",4.97277777777778,208.35
26,"M",4.655,208.35
27,"M",4.71,208.35
38,"F",4.935,208.35
40,"F",4.93444444444444,208.35
39,"F",4.83444444444444,208.366666666667
35,"F",4.955,208.366666666667
24,"F",4.92944444444444,208.366666666667
26,"F",4.92944444444444,208.366666666667
47,"M",4.72777777777778,208.366666666667
50,"M",4.89888888888889,208.366666666667
40,"F",4.895,208.366666666667
37,"M",4.47388888888889,208.366666666667
43,"M",4.83111111111111,208.366666666667
41,"F",4.79111111111111,208.383333333333
35,"M",4.55888888888889,208.383333333333
52,"M",4.85944444444444,208.4
52,"M",4.81,208.4
28,"F",4.98222222222222,208.4
19,"F",4.86388888888889,208.4
36,"F",4.80666666666667,208.4
39,"F",4.87222222222222,208.4
30,"F",4.95722222222222,208.4
46,"M",4.88277777777778,208.416666666667
48,"M",4.88055555555556,208.416666666667
46,"M",4.85388888888889,208.416666666667
52,"M",4.97444444444444,208.416666666667
20,"F",4.97444444444444,208.416666666667
32,"F",4.88388888888889,208.416666666667
55,"M",4.93,208.416666666667
39,"F",4.73666666666667,208.416666666667
33,"F",4.79722222222222,208.416666666667
41,"F",4.92833333333333,208.433333333333
60,"M",4.86111111111111,208.433333333333
47,"M",4.72055555555556,208.433333333333
46,"M",4.46666666666667,208.433333333333
51,"M",4.91444444444444,208.433333333333
32,"M",4.67722222222222,208.45
32,"M",4.93666666666667,208.45
41,"M",4.85611111111111,208.45
52,"M",4.83166666666667,208.45
32,"F",4.91833333333333,208.45
54,"M",4.86722222222222,208.45
31,"F",4.84777777777778,208.45
22,"M",4.60722222222222,208.45
42,"F",4.85333333333333,208.45
47,"M",4.89888888888889,208.45
37,"M",4.71055555555556,208.466666666667
42,"F",4.87333333333333,208.466666666667
32,"F",4.89333333333333,208.466666666667
47,"M",4.76333333333333,208.483333333333
53,"M",4.73833333333333,208.483333333333
27,"M",4.72333333333333,208.483333333333
40,"M",4.98277777777778,208.483333333333
22,"F",4.85388888888889,208.483333333333
53,"M",4.825,208.483333333333
39,"M",4.8,208.483333333333
45,"M",4.78,208.483333333333
29,"F",4.95055555555556,208.5
29,"M",4.63944444444444,208.5
29,"F",4.925,208.5
29,"F",4.95055555555556,208.5
23,"F",4.73444444444444,208.5
48,"M",4.83777777777778,208.5
32,"F",4.82944444444444,208.5
41,"F",4.94333333333333,208.5
30,"F",4.90722222222222,208.5
36,"F",4.93388888888889,208.5
48,"M",4.87666666666667,208.5
60,"M",4.86222222222222,208.5
39,"F",4.93388888888889,208.5
35,"F",4.93722222222222,208.516666666667
34,"F",4.69333333333333,208.516666666667
51,"M",4.91777777777778,208.516666666667
50,"M",4.85055555555556,208.516666666667
58,"M",4.85777777777778,208.516666666667
26,"F",4.86166666666667,208.516666666667
26,"M",4.96055555555556,208.516666666667
25,"F",4.96055555555556,208.516666666667
45,"M",4.80333333333333,208.533333333333
30,"F",4.86055555555556,208.533333333333
51,"M",4.75777777777778,208.533333333333
37,"F",4.86666666666667,208.533333333333
33,"F",4.94888888888889,208.55
41,"M",4.72944444444444,208.55
50,"M",4.90777777777778,208.55
26,"M",4.81833333333333,208.55
22,"M",4.65388888888889,208.55
29,"M",4.60666666666667,208.55
50,"M",4.76777777777778,208.566666666667
41,"M",4.95388888888889,208.566666666667
28,"F",4.89166666666667,208.566666666667
60,"M",4.92388888888889,208.566666666667
55,"M",4.96055555555556,208.566666666667
41,"F",4.92611111111111,208.566666666667
39,"F",4.89055555555556,208.566666666667
53,"M",4.825,208.583333333333
34,"F",4.91555555555556,208.583333333333
41,"M",4.64444444444444,208.583333333333
26,"F",4.89055555555556,208.583333333333
32,"M",4.86111111111111,208.583333333333
42,"M",4.83055555555555,208.583333333333
57,"M",4.92166666666667,208.583333333333
52,"M",4.84055555555556,208.583333333333
47,"M",4.84777777777778,208.6
38,"F",4.93222222222222,208.6
24,"F",4.51722222222222,208.6
52,"M",4.98444444444444,208.6
51,"M",4.88333333333333,208.6
45,"F",4.86277777777778,208.6
32,"F",4.96555555555556,208.6
48,"M",4.70888888888889,208.616666666667
53,"F",4.82777777777778,208.616666666667
54,"M",4.96666666666667,208.616666666667
33,"F",4.83222222222222,208.633333333333
37,"F",4.87277777777778,208.633333333333
45,"F",4.77444444444444,208.633333333333
54,"M",4.87388888888889,208.633333333333
30,"F",4.80333333333333,208.65
55,"M",4.87333333333333,208.65
44,"F",4.95111111111111,208.65
27,"F",4.82833333333333,208.65
48,"M",4.805,208.65
46,"M",4.76777777777778,208.65
25,"F",4.76611111111111,208.666666666667
44,"M",4.61611111111111,208.666666666667
45,"F",4.87944444444444,208.666666666667
42,"F",4.85666666666667,208.666666666667
43,"F",4.76555555555556,208.666666666667
33,"F",4.79555555555556,208.666666666667
48,"M",4.80611111111111,208.666666666667
48,"M",4.79,208.666666666667
48,"F",4.535,208.666666666667
55,"M",4.82611111111111,208.666666666667
25,"F",4.7,208.683333333333
36,"F",4.81722222222222,208.683333333333
21,"F",4.78055555555556,208.683333333333
41,"M",4.81666666666667,208.683333333333
28,"F",4.94111111111111,208.7
50,"M",4.75888888888889,208.7
38,"F",4.89888888888889,208.7
45,"F",4.81555555555556,208.7
38,"M",4.89055555555556,208.716666666667
54,"M",4.71833333333333,208.716666666667
44,"M",4.85388888888889,208.716666666667
33,"F",4.83888888888889,208.733333333333
50,"M",4.93722222222222,208.733333333333
33,"F",4.77833333333333,208.733333333333
43,"F",4.81055555555556,208.733333333333
32,"F",4.91277777777778,208.733333333333
54,"M",4.91277777777778,208.733333333333
35,"M",4.88611111111111,208.733333333333
50,"M",4.87555555555556,208.75
49,"M",4.75722222222222,208.75
41,"F",4.93055555555556,208.75
38,"M",4.51277777777778,208.75
32,"F",5.10055555555556,208.75
41,"F",4.83888888888889,208.75
24,"F",4.91166666666667,208.75
54,"M",4.78722222222222,208.75
38,"F",4.89666666666667,208.75
38,"F",4.96777777777778,208.766666666667
28,"F",4.89888888888889,208.766666666667
30,"F",4.96055555555556,208.783333333333
33,"F",4.72944444444444,208.783333333333
27,"F",4.705,208.783333333333
38,"F",4.85777777777778,208.783333333333
51,"M",4.9,208.783333333333
40,"M",4.61888888888889,208.783333333333
29,"F",4.88833333333333,208.783333333333
47,"M",4.93722222222222,208.783333333333
49,"M",4.79388888888889,208.783333333333
46,"F",4.86722222222222,208.8
26,"F",4.92111111111111,208.8
25,"F",4.95277777777778,208.8
37,"F",4.725,208.8
48,"M",4.84833333333333,208.8
50,"M",4.65833333333333,208.8
57,"F",4.91,208.8
42,"M",4.94,208.8
29,"F",4.77722222222222,208.8
38,"M",4.87055555555556,208.8
53,"M",4.93333333333333,208.8
52,"M",4.935,208.816666666667
47,"F",4.78333333333333,208.816666666667
49,"F",4.815,208.816666666667
60,"M",4.87722222222222,208.816666666667
35,"F",4.88777777777778,208.833333333333
40,"M",4.895,208.833333333333
44,"M",4.895,208.833333333333
47,"M",4.86055555555556,208.833333333333
29,"M",4.75666666666667,208.833333333333
27,"F",4.86833333333333,208.833333333333
47,"M",4.39055555555556,208.833333333333
53,"M",4.92111111111111,208.833333333333
29,"F",4.94111111111111,208.85
35,"F",4.825,208.85
26,"F",4.86944444444444,208.85
36,"F",4.91333333333333,208.85
25,"F",4.98722222222222,208.85
27,"F",4.98722222222222,208.85
37,"F",4.85333333333333,208.85
47,"M",4.90777777777778,208.866666666667
37,"F",4.80611111111111,208.866666666667
22,"F",4.405,208.866666666667
34,"M",4.71,208.866666666667
53,"M",4.91166666666667,208.866666666667
40,"F",4.92166666666667,208.866666666667
35,"F",4.83111111111111,208.883333333333
38,"F",4.96166666666667,208.883333333333
32,"F",4.87277777777778,208.883333333333
39,"M",4.59055555555556,208.883333333333
52,"M",4.96055555555556,208.883333333333
41,"M",4.93722222222222,208.883333333333
45,"M",4.89,208.883333333333
36,"M",4.735,208.883333333333
38,"F",4.935,208.9
45,"M",4.935,208.9
43,"F",4.85166666666667,208.9
35,"F",4.86277777777778,208.9
41,"M",4.72444444444444,208.9
45,"F",4.935,208.9
52,"F",4.84111111111111,208.916666666667
46,"M",4.87555555555556,208.916666666667
33,"F",4.88333333333333,208.916666666667
25,"F",4.93666666666667,208.916666666667
53,"M",4.73888888888889,208.933333333333
24,"F",4.93333333333333,208.933333333333
46,"M",4.94111111111111,208.933333333333
43,"F",4.86722222222222,208.933333333333
29,"F",4.98444444444444,208.933333333333
47,"F",4.93833333333333,208.933333333333
53,"M",4.91444444444444,208.95
54,"M",4.88444444444444,208.95
45,"M",4.81277777777778,208.95
26,"F",4.92444444444444,208.95
44,"M",4.63944444444444,208.95
41,"F",4.96,208.95
41,"M",4.85888888888889,208.95
46,"M",4.80055555555556,208.95
49,"M",4.94277777777778,208.95
22,"M",4.58944444444444,208.95
42,"M",4.81111111111111,208.95
27,"F",5.02222222222222,208.95
30,"F",4.945,208.966666666667
50,"M",4.88222222222222,208.966666666667
37,"M",4.67555555555556,208.966666666667
55,"M",4.93388888888889,208.983333333333
35,"M",4.89944444444444,208.983333333333
43,"F",4.92333333333333,208.983333333333
38,"M",4.74722222222222,208.983333333333
50,"M",4.80333333333333,208.983333333333
51,"M",4.93333333333333,208.983333333333
54,"M",4.84111111111111,209
26,"F",4.775,209
23,"M",4.72888888888889,209
53,"M",4.72888888888889,209
51,"M",4.91111111111111,209
34,"F",4.92111111111111,209
46,"M",4.95111111111111,209
51,"M",4.75277777777778,209
52,"M",4.77388888888889,209.016666666667
26,"F",4.75777777777778,209.016666666667
43,"F",4.79944444444444,209.016666666667
26,"F",4.93,209.016666666667
32,"M",4.69722222222222,209.016666666667
41,"F",4.83055555555555,209.033333333333
40,"F",4.92611111111111,209.033333333333
37,"M",5.03055555555556,209.033333333333
55,"M",4.905,209.033333333333
23,"F",4.68,209.033333333333
24,"F",4.76944444444444,209.033333333333
57,"M",4.81444444444444,209.05
39,"F",4.92611111111111,209.05
37,"M",4.84166666666667,209.05
39,"F",4.84222222222222,209.05
60,"M",4.71888888888889,209.05
24,"F",4.87555555555556,209.05
26,"M",4.34222222222222,209.066666666667
53,"M",5.00611111111111,209.066666666667
45,"M",4.88,209.066666666667
36,"F",4.76444444444444,209.066666666667
51,"F",4.87,209.066666666667
56,"M",4.68111111111111,209.083333333333
51,"M",4.87388888888889,209.083333333333
58,"M",4.44611111111111,209.083333333333
50,"M",4.89277777777778,209.083333333333
44,"F",4.91055555555556,209.083333333333
50,"M",4.84555555555556,209.083333333333
49,"M",4.83722222222222,209.1
44,"F",4.95666666666667,209.1
52,"M",4.88388888888889,209.1
35,"F",4.635,209.1
35,"M",4.83666666666667,209.1
54,"M",4.83555555555556,209.1
50,"M",4.93722222222222,209.1
52,"M",4.83666666666667,209.1
27,"F",4.80111111111111,209.116666666667
23,"F",4.94611111111111,209.116666666667
46,"F",4.73111111111111,209.116666666667
37,"F",4.90722222222222,209.116666666667
46,"M",4.92388888888889,209.116666666667
47,"F",4.93111111111111,209.116666666667
52,"M",4.89333333333333,209.116666666667
46,"M",4.82333333333333,209.116666666667
49,"F",4.94,209.116666666667
36,"F",4.95055555555556,209.133333333333
43,"F",5.01222222222222,209.133333333333
28,"M",4.95166666666667,209.133333333333
42,"M",4.95055555555556,209.133333333333
24,"F",5.02,209.133333333333
50,"M",4.88833333333333,209.15
45,"M",4.89,209.15
26,"F",5.02444444444444,209.15
37,"F",4.89111111111111,209.166666666667
26,"F",4.90611111111111,209.166666666667
36,"F",4.95888888888889,209.166666666667
30,"M",4.43888888888889,209.166666666667
24,"F",4.79277777777778,209.166666666667
46,"F",4.85333333333333,209.166666666667
44,"F",4.95888888888889,209.166666666667
47,"F",4.84555555555556,209.183333333333
32,"M",4.49666666666667,209.183333333333
51,"M",4.84166666666667,209.183333333333
23,"F",5.04555555555556,209.183333333333
41,"F",4.86388888888889,209.183333333333
38,"F",4.96444444444444,209.183333333333
50,"M",4.84888888888889,209.183333333333
52,"M",4.91888888888889,209.183333333333
39,"F",4.95333333333333,209.183333333333
51,"M",4.84277777777778,209.183333333333
60,"M",4.88277777777778,209.2
28,"F",4.94055555555556,209.2
22,"F",4.74222222222222,209.2
24,"F",4.66277777777778,209.2
27,"F",4.95611111111111,209.2
41,"F",4.94944444444444,209.216666666667
33,"F",4.93277777777778,209.216666666667
54,"M",4.95277777777778,209.233333333333
52,"M",4.90388888888889,209.233333333333
43,"M",5.03,209.233333333333
23,"F",4.86888888888889,209.233333333333
38,"F",4.79722222222222,209.233333333333
56,"M",4.98,209.233333333333
24,"F",4.84777777777778,209.233333333333
34,"F",4.80555555555556,209.233333333333
52,"M",4.905,209.233333333333
33,"F",4.97055555555556,209.25
36,"M",4.88222222222222,209.25
25,"F",4.945,209.25
46,"M",4.75722222222222,209.25
46,"M",4.86944444444444,209.25
43,"M",4.68944444444444,209.25
42,"M",4.78666666666667,209.25
55,"M",4.81333333333333,209.25
38,"M",4.30888888888889,209.25
36,"F",4.97166666666667,209.25
46,"M",4.92555555555556,209.25
33,"F",4.97222222222222,209.25
34,"F",4.91722222222222,209.25
27,"F",4.86666666666667,209.266666666667
51,"M",4.95666666666667,209.266666666667
32,"F",4.78944444444444,209.266666666667
49,"M",4.81611111111111,209.266666666667
26,"M",4.97388888888889,209.266666666667
28,"F",4.94555555555556,209.266666666667
62,"M",4.94555555555556,209.266666666667
63,"M",4.85833333333333,209.283333333333
44,"M",4.92388888888889,209.283333333333
37,"F",4.90444444444444,209.283333333333
57,"M",4.62722222222222,209.283333333333
54,"M",4.92444444444444,209.283333333333
28,"F",4.855,209.283333333333
45,"M",4.09388888888889,209.283333333333
41,"F",4.93055555555556,209.283333333333
60,"M",4.94833333333333,209.283333333333
28,"F",4.84333333333333,209.283333333333
39,"F",4.69944444444444,209.3
38,"F",4.93944444444444,209.3
39,"F",4.75666666666667,209.3
45,"M",4.77666666666667,209.3
29,"M",4.37611111111111,209.3
46,"F",5.06722222222222,209.316666666667
46,"M",4.88333333333333,209.316666666667
50,"M",4.89,209.316666666667
31,"M",4.81055555555556,209.316666666667
51,"M",4.91333333333333,209.333333333333
35,"M",4.87,209.333333333333
31,"F",4.96333333333333,209.333333333333
39,"F",4.91277777777778,209.333333333333
49,"M",4.60555555555556,209.333333333333
51,"M",5.03944444444444,209.333333333333
48,"M",4.95,209.333333333333
48,"F",4.88666666666667,209.333333333333
30,"F",4.83222222222222,209.35
38,"F",4.91555555555556,209.35
37,"F",4.88111111111111,209.35
29,"F",4.91388888888889,209.366666666667
41,"M",4.94111111111111,209.366666666667
44,"M",4.94055555555556,209.366666666667
39,"M",4.94222222222222,209.366666666667
41,"M",4.94,209.366666666667
52,"F",4.89166666666667,209.366666666667
37,"F",4.92222222222222,209.366666666667
44,"M",4.94055555555556,209.383333333333
45,"F",4.84944444444444,209.383333333333
43,"M",4.775,209.383333333333
47,"M",4.735,209.383333333333
48,"F",4.985,209.383333333333
44,"M",4.76944444444444,209.383333333333
27,"F",4.90166666666667,209.4
39,"F",4.96722222222222,209.4
61,"M",5.01333333333333,209.4
46,"F",4.925,209.4
35,"F",4.92277777777778,209.4
32,"M",5.06333333333333,209.4
42,"F",4.84444444444444,209.4
27,"F",4.93333333333333,209.4
31,"F",4.72555555555556,209.416666666667
51,"M",4.875,209.433333333333
45,"M",4.78388888888889,209.433333333333
34,"F",4.96388888888889,209.433333333333
24,"F",4.93222222222222,209.433333333333
24,"F",4.87444444444444,209.433333333333
58,"M",4.87555555555556,209.433333333333
32,"M",4.68833333333333,209.433333333333
47,"M",4.90777777777778,209.45
47,"M",4.92722222222222,209.466666666667
33,"F",4.87,209.466666666667
57,"M",4.89444444444444,209.466666666667
33,"F",4.89055555555556,209.466666666667
41,"F",4.90611111111111,209.466666666667
48,"M",4.84277777777778,209.466666666667
51,"M",4.91222222222222,209.483333333333
35,"F",5.01722222222222,209.483333333333
41,"M",4.49388888888889,209.483333333333
46,"M",4.71222222222222,209.483333333333
28,"F",4.66666666666667,209.483333333333
47,"M",4.94833333333333,209.483333333333
40,"F",4.91777777777778,209.483333333333
38,"F",4.69888888888889,209.483333333333
36,"M",4.66944444444445,209.5
51,"M",4.77666666666667,209.5
55,"M",4.91277777777778,209.5
33,"F",4.91555555555556,209.5
56,"M",4.92222222222222,209.5
58,"M",4.68055555555556,209.516666666667
43,"F",4.93277777777778,209.516666666667
48,"M",4.68111111111111,209.516666666667
43,"F",4.92833333333333,209.516666666667
42,"F",4.88055555555556,209.516666666667
62,"M",4.99222222222222,209.516666666667
54,"M",4.77277777777778,209.516666666667
22,"M",4.91333333333333,209.533333333333
45,"M",4.735,209.533333333333
60,"M",4.72666666666667,209.533333333333
22,"M",4.91333333333333,209.533333333333
25,"F",4.93,209.533333333333
28,"F",4.93722222222222,209.55
31,"M",4.81277777777778,209.55
53,"M",4.85333333333333,209.566666666667
43,"F",4.93222222222222,209.566666666667
56,"M",4.93833333333333,209.566666666667
56,"M",4.88222222222222,209.566666666667
33,"F",4.93444444444444,209.566666666667
37,"F",4.83833333333333,209.566666666667
50,"M",4.92833333333333,209.566666666667
36,"F",4.78,209.583333333333
50,"F",4.91777777777778,209.583333333333
34,"F",4.97944444444444,209.583333333333
26,"F",4.98277777777778,209.6
42,"M",4.76944444444444,209.6
35,"F",4.84,209.6
40,"M",4.93388888888889,209.6
33,"M",4.705,209.6
21,"M",4.82666666666667,209.6
25,"F",4.99333333333333,209.6
24,"F",4.90111111111111,209.6
33,"M",4.58444444444444,209.616666666667
28,"M",4.61333333333333,209.616666666667
48,"F",4.87333333333333,209.616666666667
50,"F",4.86944444444444,209.616666666667
41,"F",4.98222222222222,209.616666666667
38,"M",4.98888888888889,209.633333333333
29,"F",4.87055555555556,209.633333333333
52,"M",4.895,209.633333333333
39,"F",4.97944444444444,209.633333333333
32,"F",4.98388888888889,209.633333333333
41,"F",4.97833333333333,209.633333333333
37,"M",4.81888888888889,209.633333333333
25,"M",4.70222222222222,209.633333333333
50,"M",4.985,209.633333333333
37,"F",4.86944444444444,209.633333333333
47,"M",4.93277777777778,209.633333333333
50,"M",4.90777777777778,209.65
39,"F",4.87666666666667,209.65
23,"F",4.91944444444445,209.65
25,"F",4.79611111111111,209.65
34,"F",4.95722222222222,209.666666666667
26,"F",4.61,209.666666666667
27,"F",4.96111111111111,209.666666666667
22,"F",4.89777777777778,209.666666666667
41,"F",4.82666666666667,209.666666666667
49,"M",4.71,209.666666666667
28,"F",4.79666666666667,209.666666666667
38,"F",4.91388888888889,209.666666666667
27,"F",4.94777777777778,209.683333333333
42,"F",4.82166666666667,209.683333333333
46,"M",4.83388888888889,209.683333333333
50,"M",4.91,209.7
44,"M",4.85777777777778,209.7
56,"M",4.80055555555556,209.7
43,"M",4.89944444444444,209.716666666667
23,"F",4.89888888888889,209.716666666667
58,"M",4.90055555555556,209.716666666667
32,"F",4.87,209.733333333333
57,"M",4.96166666666667,209.733333333333
61,"M",4.775,209.75
22,"F",4.96055555555556,209.75
40,"F",4.96611111111111,209.75
50,"M",4.86444444444444,209.75
28,"F",4.99666666666667,209.75
61,"M",4.87388888888889,209.75
24,"F",4.81888888888889,209.766666666667
29,"F",4.94555555555556,209.766666666667
34,"F",4.91944444444445,209.766666666667
32,"F",4.89555555555556,209.766666666667
24,"F",4.92055555555556,209.766666666667
34,"F",4.96166666666667,209.766666666667
25,"F",4.865,209.766666666667
49,"M",4.85,209.766666666667
38,"M",4.98722222222222,209.783333333333
42,"M",4.86833333333333,209.783333333333
31,"F",5.025,209.783333333333
68,"M",4.88777777777778,209.783333333333
28,"F",4.87722222222222,209.783333333333
47,"M",4.96611111111111,209.783333333333
54,"M",4.96777777777778,209.783333333333
45,"M",4.37722222222222,209.783333333333
52,"M",4.80055555555556,209.783333333333
32,"F",5.00111111111111,209.8
45,"F",4.94111111111111,209.8
36,"F",4.73444444444444,209.816666666667
43,"M",5.00666666666667,209.816666666667
36,"F",4.91277777777778,209.816666666667
50,"M",4.64444444444444,209.816666666667
46,"M",4.85111111111111,209.816666666667
38,"M",4.78333333333333,209.816666666667
50,"M",4.93055555555556,209.833333333333
58,"M",4.84388888888889,209.833333333333
23,"F",4.87833333333333,209.833333333333
45,"M",4.91055555555556,209.833333333333
52,"M",4.85722222222222,209.833333333333
29,"F",5.06666666666667,209.85
50,"F",4.88722222222222,209.85
29,"F",4.88166666666667,209.85
47,"M",4.89,209.85
33,"F",4.86777777777778,209.85
36,"F",4.98555555555556,209.866666666667
46,"M",4.87722222222222,209.866666666667
25,"M",4.81111111111111,209.866666666667
49,"M",4.73722222222222,209.866666666667
31,"F",4.89444444444444,209.883333333333
46,"F",5.03611111111111,209.883333333333
27,"F",4.92055555555556,209.883333333333
51,"M",4.94555555555556,209.883333333333
47,"M",4.93222222222222,209.883333333333
24,"M",4.29777777777778,209.883333333333
34,"M",5.12722222222222,209.883333333333
56,"M",4.78777777777778,209.9
29,"F",4.98111111111111,209.9
38,"F",5.01611111111111,209.9
29,"F",4.875,209.9
23,"F",4.78444444444444,209.9
45,"M",4.95333333333333,209.9
30,"F",4.96277777777778,209.9
37,"F",4.97888888888889,209.916666666667
58,"M",4.81222222222222,209.916666666667
47,"M",4.97055555555556,209.933333333333
30,"F",4.94333333333333,209.933333333333
39,"F",4.96055555555556,209.933333333333
46,"M",4.84666666666667,209.933333333333
35,"F",4.71055555555556,209.933333333333
30,"F",4.89722222222222,209.933333333333
53,"M",4.91888888888889,209.933333333333
46,"F",4.93166666666667,209.95
34,"F",4.65833333333333,209.95
39,"M",4.55222222222222,209.95
42,"M",4.66222222222222,209.95
51,"M",4.97888888888889,209.95
33,"F",4.78833333333333,209.95
46,"M",4.96666666666667,209.966666666667
47,"M",4.91111111111111,209.966666666667
41,"M",4.84222222222222,209.966666666667
62,"M",4.77444444444444,209.983333333333
46,"M",4.91277777777778,209.983333333333
57,"M",4.91555555555556,209.983333333333
53,"F",4.93333333333333,209.983333333333
44,"M",4.92055555555556,210
23,"M",4.14722222222222,210
34,"F",4.93444444444444,210
27,"M",4.93777777777778,210
25,"F",5.06722222222222,210
59,"M",4.94111111111111,210
55,"M",4.99166666666667,210
46,"M",4.84888888888889,210
54,"M",4.92277777777778,210
36,"F",4.72166666666667,210.016666666667
33,"F",4.90777777777778,210.016666666667
48,"M",4.93833333333333,210.033333333333
50,"M",4.91166666666667,210.033333333333
51,"M",4.79722222222222,210.05
55,"M",4.85611111111111,210.05
37,"F",4.77388888888889,210.05
50,"M",4.87833333333333,210.05
50,"M",5.00611111111111,210.05
26,"F",4.96222222222222,210.05
25,"F",4.79166666666667,210.05
31,"F",4.90333333333333,210.083333333333
35,"F",4.97944444444444,210.083333333333
27,"F",4.89666666666667,210.083333333333
27,"F",4.76722222222222,210.083333333333
37,"F",4.85277777777778,210.083333333333
28,"F",4.89777777777778,210.083333333333
46,"M",4.84611111111111,210.1
56,"M",4.81166666666667,210.1
54,"M",4.76444444444444,210.1
47,"M",4.84055555555556,210.1
28,"F",4.85611111111111,210.1
40,"M",4.985,210.1
22,"F",4.88333333333333,210.1
33,"F",4.985,210.1
45,"F",4.98777777777778,210.116666666667
46,"M",4.69111111111111,210.116666666667
41,"M",4.8,210.116666666667
39,"F",4.94888888888889,210.116666666667
25,"F",4.655,210.116666666667
30,"M",4.67944444444444,210.133333333333
48,"M",4.86277777777778,210.133333333333
41,"M",4.91888888888889,210.133333333333
36,"F",4.94722222222222,210.133333333333
39,"F",4.90611111111111,210.133333333333
67,"M",4.91888888888889,210.133333333333
59,"M",4.92,210.133333333333
43,"F",4.93055555555556,210.133333333333
52,"M",4.855,210.133333333333
50,"M",4.87166666666667,210.133333333333
57,"M",4.85166666666667,210.15
41,"F",4.87055555555556,210.15
48,"M",4.51722222222222,210.15
41,"M",4.93444444444444,210.15
39,"F",5.01166666666667,210.166666666667
50,"M",4.84611111111111,210.166666666667
47,"M",4.86388888888889,210.166666666667
51,"F",5.04388888888889,210.166666666667
42,"F",4.93777777777778,210.166666666667
27,"F",5.00722222222222,210.166666666667
40,"F",4.95722222222222,210.166666666667
45,"M",4.76388888888889,210.166666666667
42,"F",5.01666666666667,210.166666666667
38,"F",4.965,210.183333333333
24,"F",4.88222222222222,210.183333333333
43,"F",4.97611111111111,210.183333333333
37,"F",4.99611111111111,210.183333333333
31,"F",4.93388888888889,210.183333333333
48,"F",4.96444444444444,210.2
58,"M",5.00166666666667,210.2
52,"F",4.83833333333333,210.2
28,"F",4.94777777777778,210.2
27,"F",4.96333333333333,210.216666666667
32,"F",4.90111111111111,210.216666666667
42,"F",4.97388888888889,210.216666666667
38,"F",4.87555555555556,210.216666666667
54,"M",4.87666666666667,210.216666666667
36,"F",4.95333333333333,210.216666666667
60,"M",4.79055555555556,210.216666666667
59,"M",4.70666666666667,210.216666666667
29,"F",4.965,210.216666666667
40,"F",5.02888888888889,210.216666666667
34,"M",4.85,210.216666666667
38,"F",4.98888888888889,210.233333333333
28,"F",4.82333333333333,210.233333333333
37,"F",4.95388888888889,210.233333333333
57,"M",4.91833333333333,210.233333333333
36,"F",4.90166666666667,210.233333333333
25,"F",4.69555555555556,210.25
26,"M",4.73333333333333,210.25
29,"F",4.86833333333333,210.25
56,"M",4.90055555555556,210.266666666667
51,"M",4.955,210.266666666667
49,"M",4.79611111111111,210.266666666667
51,"M",4.91,210.266666666667
54,"M",4.85888888888889,210.283333333333
52,"M",4.76888888888889,210.283333333333
31,"F",4.8,210.283333333333
41,"F",4.93055555555556,210.283333333333
42,"F",4.84555555555556,210.3
36,"F",4.96833333333333,210.3
52,"M",4.83055555555555,210.3
26,"F",4.86888888888889,210.316666666667
32,"F",4.85055555555556,210.316666666667
47,"M",4.95333333333333,210.316666666667
42,"M",4.57833333333333,210.316666666667
52,"F",4.95944444444444,210.316666666667
49,"M",4.69888888888889,210.316666666667
33,"F",5.00222222222222,210.316666666667
37,"F",4.94777777777778,210.316666666667
46,"F",4.91555555555556,210.333333333333
37,"F",4.84555555555556,210.333333333333
34,"F",4.91777777777778,210.333333333333
34,"F",4.93944444444444,210.333333333333
34,"F",4.87833333333333,210.333333333333
51,"M",4.83722222222222,210.333333333333
40,"F",4.99166666666667,210.333333333333
56,"F",4.93777777777778,210.35
49,"M",4.84555555555556,210.35
25,"F",4.97777777777778,210.35
59,"M",4.81555555555556,210.35
30,"F",4.89777777777778,210.35
45,"M",4.71944444444444,210.35
60,"M",4.825,210.35
46,"M",4.91833333333333,210.366666666667
56,"M",4.94444444444444,210.366666666667
46,"M",4.875,210.366666666667
41,"F",4.91277777777778,210.366666666667
32,"M",4.94111111111111,210.366666666667
53,"M",4.83111111111111,210.383333333333
22,"F",4.82388888888889,210.383333333333
50,"M",4.87777777777778,210.383333333333
44,"M",4.6,210.383333333333
50,"M",4.86111111111111,210.4
59,"M",4.72222222222222,210.4
46,"F",5.00333333333333,210.4
54,"M",4.93611111111111,210.4
29,"M",5.03111111111111,210.4
38,"M",4.74611111111111,210.416666666667
55,"M",4.96388888888889,210.416666666667
54,"M",4.80611111111111,210.416666666667
47,"M",4.815,210.416666666667
18,"F",4.82722222222222,210.433333333333
54,"M",4.85444444444444,210.433333333333
30,"F",4.92333333333333,210.433333333333
31,"F",4.88,210.433333333333
43,"M",4.92777777777778,210.45
41,"F",4.92777777777778,210.45
46,"M",4.83611111111111,210.45
26,"F",4.91444444444444,210.45
55,"M",4.88611111111111,210.45
56,"M",4.80055555555556,210.45
57,"M",4.99166666666667,210.45
52,"M",4.95055555555556,210.45
57,"M",4.98388888888889,210.45
28,"F",4.96888888888889,210.466666666667
51,"M",4.84222222222222,210.466666666667
44,"F",5.02055555555556,210.466666666667
50,"M",4.83111111111111,210.466666666667
43,"M",4.80388888888889,210.466666666667
46,"F",4.92888888888889,210.466666666667
42,"M",4.52222222222222,210.466666666667
52,"F",4.81166666666667,210.483333333333
45,"M",4.77166666666667,210.483333333333
37,"F",5.00166666666667,210.5
20,"F",4.84722222222222,210.5
45,"F",4.77888888888889,210.5
52,"M",4.81833333333333,210.5
37,"M",4.67166666666667,210.5
37,"F",4.81944444444444,210.516666666667
25,"M",5.01166666666667,210.516666666667
45,"F",4.98055555555556,210.533333333333
51,"M",4.97722222222222,210.533333333333
33,"F",4.95277777777778,210.533333333333
50,"M",4.89722222222222,210.533333333333
24,"F",4.94166666666667,210.533333333333
50,"M",4.91166666666667,210.533333333333
50,"M",4.97166666666667,210.55
56,"M",4.63333333333333,210.55
35,"F",4.91222222222222,210.55
35,"F",4.92555555555556,210.55
50,"F",4.92555555555556,210.55
71,"M",4.86666666666667,210.55
37,"F",4.77666666666667,210.55
59,"M",4.82277777777778,210.55
54,"M",4.97222222222222,210.55
50,"F",4.80055555555556,210.55
42,"F",4.98555555555556,210.566666666667
28,"F",5.02277777777778,210.566666666667
40,"F",4.985,210.566666666667
24,"F",4.95388888888889,210.566666666667
42,"F",4.94944444444444,210.566666666667
49,"M",4.86222222222222,210.583333333333
41,"M",4.74222222222222,210.583333333333
49,"M",4.88333333333333,210.583333333333
37,"M",5.10666666666667,210.583333333333
47,"M",4.84277777777778,210.6
44,"F",4.995,210.6
43,"F",5.03666666666667,210.6
46,"M",4.76333333333333,210.6
28,"M",4.38555555555556,210.6
57,"M",4.93555555555556,210.616666666667
32,"F",4.96277777777778,210.616666666667
53,"M",4.805,210.616666666667
31,"M",4.98055555555556,210.616666666667
51,"M",4.90944444444444,210.616666666667
34,"F",4.81777777777778,210.633333333333
42,"F",4.85333333333333,210.633333333333
30,"F",4.90944444444444,210.633333333333
55,"M",4.89888888888889,210.633333333333
36,"F",4.96388888888889,210.633333333333
34,"F",4.96388888888889,210.65
50,"M",4.84277777777778,210.65
32,"F",4.885,210.65
52,"M",4.86,210.65
58,"M",4.95666666666667,210.65
37,"F",4.86055555555556,210.65
59,"M",4.97166666666667,210.666666666667
45,"M",4.77944444444444,210.666666666667
58,"M",4.95444444444444,210.666666666667
35,"F",4.91111111111111,210.666666666667
40,"M",4.93277777777778,210.666666666667
29,"M",4.82944444444444,210.666666666667
45,"M",4.88333333333333,210.683333333333
45,"M",4.84111111111111,210.683333333333
24,"F",4.83666666666667,210.683333333333
47,"M",4.895,210.683333333333
46,"M",4.91277777777778,210.683333333333
50,"M",4.89166666666667,210.683333333333
55,"M",4.98333333333333,210.7
47,"F",4.89388888888889,210.7
39,"F",5.01111111111111,210.7
54,"M",4.78444444444444,210.7
47,"M",4.80388888888889,210.7
52,"M",4.86222222222222,210.7
26,"M",4.90722222222222,210.7
34,"F",4.79055555555556,210.7
68,"M",4.85277777777778,210.7
47,"F",4.90833333333333,210.7
56,"M",4.825,210.716666666667
50,"M",4.95833333333333,210.716666666667
39,"F",4.94333333333333,210.716666666667
50,"M",4.92111111111111,210.716666666667
38,"M",4.55166666666667,210.716666666667
27,"F",4.97833333333333,210.716666666667
34,"M",4.725,210.733333333333
37,"F",4.79777777777778,210.733333333333
58,"M",4.89444444444444,210.733333333333
25,"F",4.89777777777778,210.75
39,"M",5.03166666666667,210.75
34,"M",4.63166666666667,210.75
46,"M",4.94222222222222,210.75
51,"M",4.89166666666667,210.766666666667
52,"M",4.90166666666667,210.766666666667
28,"F",4.95,210.766666666667
18,"F",4.91444444444444,210.766666666667
32,"F",4.925,210.766666666667
41,"F",4.74944444444444,210.766666666667
25,"F",4.99444444444444,210.783333333333
46,"M",4.66555555555556,210.783333333333
36,"F",5.04166666666667,210.783333333333
40,"M",4.88444444444444,210.783333333333
41,"F",4.93666666666667,210.783333333333
37,"F",4.93722222222222,210.783333333333
35,"F",4.835,210.783333333333
46,"M",4.94277777777778,210.783333333333
39,"F",4.86555555555556,210.783333333333
40,"F",4.86722222222222,210.8
59,"M",4.90166666666667,210.8
45,"M",4.825,210.8
55,"M",4.93611111111111,210.8
40,"F",4.88,210.8
51,"M",4.96333333333333,210.816666666667
52,"M",4.81555555555556,210.816666666667
42,"F",4.84388888888889,210.816666666667
51,"F",4.94944444444444,210.816666666667
33,"F",4.97888888888889,210.816666666667
47,"F",4.94888888888889,210.816666666667
29,"F",4.835,210.816666666667
56,"M",4.71,210.833333333333
55,"M",5.01055555555556,210.833333333333
32,"M",4.89055555555556,210.833333333333
32,"F",4.86555555555556,210.833333333333
38,"F",4.89277777777778,210.833333333333
52,"M",4.89666666666667,210.833333333333
29,"F",5.04833333333333,210.833333333333
48,"M",4.84,210.833333333333
42,"F",4.95666666666667,210.833333333333
33,"F",4.97833333333333,210.85
53,"M",4.90055555555556,210.85
28,"F",4.64,210.85
42,"F",4.95722222222222,210.85
63,"M",4.84666666666667,210.85
48,"F",4.97611111111111,210.85
22,"F",4.82111111111111,210.866666666667
49,"M",4.88111111111111,210.866666666667
41,"F",4.89722222222222,210.866666666667
52,"M",4.75444444444444,210.866666666667
34,"F",4.99444444444444,210.866666666667
61,"M",4.97444444444444,210.883333333333
36,"F",4.935,210.883333333333
42,"M",4.88055555555556,210.883333333333
55,"M",4.89833333333333,210.883333333333
58,"M",4.80666666666667,210.883333333333
28,"F",5.00944444444444,210.883333333333
48,"F",4.91444444444444,210.883333333333
47,"M",4.64333333333333,210.883333333333
35,"F",4.97444444444444,210.9
27,"F",4.98111111111111,210.9
34,"F",4.77888888888889,210.9
51,"M",4.90944444444444,210.916666666667
26,"F",4.92777777777778,210.916666666667
23,"F",4.94777777777778,210.916666666667
52,"M",4.92777777777778,210.916666666667
36,"F",4.89888888888889,210.916666666667
23,"F",5.04888888888889,210.916666666667
42,"F",4.91166666666667,210.916666666667
41,"F",4.97833333333333,210.916666666667
33,"F",4.955,210.933333333333
62,"M",4.77722222222222,210.933333333333
39,"F",5.02277777777778,210.933333333333
35,"F",4.89611111111111,210.933333333333
54,"M",5.04166666666667,210.95
49,"M",4.73944444444444,210.966666666667
25,"F",4.96222222222222,210.966666666667
23,"M",4.92777777777778,210.966666666667
24,"F",4.80111111111111,210.983333333333
52,"F",4.97222222222222,210.983333333333
37,"F",4.86833333333333,210.983333333333
30,"F",4.96,210.983333333333
34,"F",4.92444444444444,210.983333333333
72,"M",4.86388888888889,211
56,"M",4.95,211
52,"M",4.86388888888889,211
36,"F",4.97166666666667,211
45,"M",4.74888888888889,211.016666666667
47,"F",4.79,211.016666666667
30,"F",4.87888888888889,211.016666666667
49,"M",4.86611111111111,211.033333333333
48,"F",4.86388888888889,211.033333333333
43,"F",4.91555555555556,211.033333333333
35,"M",4.54666666666667,211.033333333333
31,"M",4.67055555555556,211.033333333333
65,"M",4.92944444444444,211.033333333333
43,"F",4.85722222222222,211.05
32,"F",4.95611111111111,211.05
27,"F",5.00277777777778,211.05
54,"M",4.795,211.05
50,"M",5.04055555555556,211.05
47,"F",5.01,211.05
36,"F",4.87722222222222,211.05
48,"M",4.90333333333333,211.066666666667
51,"M",5.02111111111111,211.066666666667
31,"F",4.98055555555556,211.066666666667
37,"F",4.835,211.083333333333
59,"M",4.95333333333333,211.1
44,"M",4.82888888888889,211.1
46,"M",4.85722222222222,211.1
43,"F",4.65777777777778,211.1
54,"M",5.01055555555556,211.1
49,"F",5.00944444444444,211.1
50,"M",4.94277777777778,211.1
25,"F",4.96222222222222,211.1
41,"F",4.90555555555556,211.116666666667
52,"M",4.92722222222222,211.116666666667
54,"M",5.02111111111111,211.133333333333
52,"F",4.87722222222222,211.133333333333
29,"F",4.97944444444444,211.133333333333
64,"M",4.93722222222222,211.133333333333
43,"F",4.93888888888889,211.133333333333
38,"M",4.94388888888889,211.133333333333
41,"M",5.03666666666667,211.133333333333
34,"F",4.97222222222222,211.15
31,"F",4.88388888888889,211.15
50,"F",5.00055555555556,211.15
48,"F",5.00277777777778,211.15
53,"M",5.02222222222222,211.15
44,"F",5.00388888888889,211.15
25,"F",4.90333333333333,211.166666666667
36,"M",4.8,211.166666666667
41,"F",4.89388888888889,211.166666666667
52,"M",4.95111111111111,211.166666666667
47,"M",4.89222222222222,211.183333333333
28,"F",4.915,211.183333333333
31,"M",4.915,211.183333333333
54,"M",4.95222222222222,211.183333333333
43,"M",4.73333333333333,211.183333333333
59,"M",4.85444444444444,211.183333333333
60,"M",4.84944444444444,211.183333333333
50,"M",4.96,211.2
36,"F",4.95277777777778,211.2
54,"M",4.925,211.2
62,"M",4.85333333333333,211.2
43,"F",5.03111111111111,211.2
35,"F",4.95222222222222,211.2
33,"F",4.99944444444444,211.2
27,"F",4.94333333333333,211.2
32,"F",4.91277777777778,211.2
25,"F",4.94333333333333,211.216666666667
51,"M",4.89555555555556,211.216666666667
51,"M",4.9,211.216666666667
53,"M",4.79611111111111,211.216666666667
48,"M",4.93833333333333,211.216666666667
28,"F",4.96111111111111,211.216666666667
32,"F",4.84888888888889,211.216666666667
21,"F",4.95666666666667,211.233333333333
20,"F",5.01333333333333,211.233333333333
52,"M",5.01333333333333,211.233333333333
22,"F",4.92166666666667,211.233333333333
39,"F",4.94722222222222,211.233333333333
50,"F",4.94833333333333,211.233333333333
55,"M",5.05277777777778,211.233333333333
58,"M",4.91333333333333,211.25
25,"F",4.82,211.25
36,"M",4.63722222222222,211.25
34,"F",5.03166666666667,211.25
51,"F",4.93,211.25
57,"M",5.08777777777778,211.25
26,"F",4.86666666666667,211.25
53,"M",4.95222222222222,211.266666666667
21,"F",4.79055555555556,211.266666666667
36,"F",4.94111111111111,211.266666666667
23,"F",4.80277777777778,211.266666666667
32,"F",4.81611111111111,211.266666666667
47,"M",4.85388888888889,211.283333333333
27,"F",4.82388888888889,211.283333333333
41,"F",5.01388888888889,211.283333333333
25,"M",4.93888888888889,211.283333333333
54,"M",4.82888888888889,211.283333333333
56,"M",4.85722222222222,211.283333333333
49,"F",4.94944444444444,211.283333333333
29,"F",5.00833333333333,211.3
27,"F",4.98666666666667,211.3
52,"M",4.90555555555556,211.3
47,"M",4.92111111111111,211.316666666667
39,"M",4.72555555555556,211.316666666667
35,"M",4.71944444444444,211.316666666667
42,"M",4.94722222222222,211.316666666667
49,"F",4.95777777777778,211.333333333333
57,"M",4.97111111111111,211.333333333333
57,"M",4.86722222222222,211.333333333333
36,"F",5.02611111111111,211.333333333333
43,"M",4.72333333333333,211.333333333333
57,"M",4.94222222222222,211.333333333333
40,"F",4.95166666666667,211.35
40,"F",5.03,211.35
53,"M",4.93833333333333,211.366666666667
37,"F",4.89166666666667,211.366666666667
35,"F",5.02555555555556,211.366666666667
56,"M",4.93722222222222,211.366666666667
48,"M",4.82722222222222,211.366666666667
56,"M",4.92611111111111,211.366666666667
28,"F",5.00111111111111,211.366666666667
44,"F",4.83888888888889,211.366666666667
35,"F",5.02555555555556,211.366666666667
57,"M",4.81277777777778,211.383333333333
22,"F",4.92333333333333,211.383333333333
25,"F",5.02055555555556,211.383333333333
58,"M",4.89444444444444,211.383333333333
40,"F",4.92888888888889,211.4
43,"F",4.90888888888889,211.4
32,"F",5.00888888888889,211.4
19,"M",4.73833333333333,211.4
30,"F",4.92833333333333,211.416666666667
51,"M",4.90888888888889,211.416666666667
35,"F",4.945,211.416666666667
37,"F",4.99611111111111,211.416666666667
30,"F",4.95055555555556,211.433333333333
26,"F",4.92666666666667,211.433333333333
42,"F",4.99388888888889,211.433333333333
35,"M",4.98833333333333,211.433333333333
27,"F",4.83166666666667,211.433333333333
52,"M",4.94722222222222,211.433333333333
44,"M",4.72333333333333,211.45
33,"F",4.88944444444444,211.45
60,"M",4.94166666666667,211.45
50,"M",4.945,211.45
24,"M",4.96111111111111,211.45
30,"F",4.82111111111111,211.466666666667
42,"F",5.03611111111111,211.466666666667
48,"M",4.99222222222222,211.466666666667
29,"F",4.98222222222222,211.466666666667
22,"F",4.93944444444444,211.466666666667
56,"M",4.86833333333333,211.466666666667
43,"M",4.61333333333333,211.483333333333
40,"M",4.76333333333333,211.483333333333
35,"F",5.07111111111111,211.483333333333
56,"M",4.96111111111111,211.483333333333
51,"M",4.92277777777778,211.483333333333
22,"F",5.00611111111111,211.483333333333
32,"M",4.93722222222222,211.483333333333
45,"M",4.70277777777778,211.5
47,"M",4.85888888888889,211.5
30,"F",4.83388888888889,211.5
40,"F",4.95833333333333,211.5
26,"F",4.85555555555556,211.5
36,"M",4.40055555555556,211.5
37,"M",5.00611111111111,211.5
41,"F",4.90333333333333,211.5
31,"F",4.95666666666667,211.516666666667
39,"F",4.99055555555556,211.516666666667
49,"F",4.84888888888889,211.516666666667
47,"F",4.985,211.516666666667
50,"M",4.88,211.516666666667
46,"M",5.00222222222222,211.533333333333
56,"M",5.00166666666667,211.533333333333
49,"M",4.94722222222222,211.533333333333
48,"F",4.89944444444444,211.533333333333
25,"F",4.82777777777778,211.55
24,"F",4.90055555555556,211.55
46,"F",4.73722222222222,211.55
54,"M",4.85,211.566666666667
47,"F",4.96277777777778,211.566666666667
60,"M",4.90055555555556,211.566666666667
46,"M",4.82222222222222,211.566666666667
38,"F",5.02555555555556,211.566666666667
36,"F",4.95722222222222,211.566666666667
50,"M",5.01388888888889,211.583333333333
28,"F",4.99944444444444,211.583333333333
32,"F",5.12111111111111,211.583333333333
52,"M",4.93611111111111,211.583333333333
32,"F",4.94888888888889,211.6
29,"M",4.60555555555556,211.6
48,"M",4.67,211.6
48,"M",4.87944444444444,211.616666666667
21,"F",4.88777777777778,211.616666666667
32,"F",4.96444444444444,211.616666666667
38,"M",4.76,211.616666666667
40,"F",4.94,211.616666666667
27,"F",4.91888888888889,211.616666666667
48,"F",4.87722222222222,211.616666666667
51,"M",4.78166666666667,211.616666666667
30,"M",4.79055555555556,211.633333333333
36,"F",4.97055555555556,211.633333333333
52,"M",4.78555555555556,211.633333333333
38,"F",4.95777777777778,211.633333333333
24,"F",4.89833333333333,211.633333333333
34,"F",4.94055555555556,211.65
37,"F",4.94555555555556,211.65
47,"M",4.67722222222222,211.65
34,"M",4.88166666666667,211.666666666667
23,"F",4.73222222222222,211.666666666667
35,"M",4.90166666666667,211.683333333333
48,"M",4.89833333333333,211.683333333333
41,"F",4.96777777777778,211.683333333333
49,"F",4.42944444444444,211.683333333333
43,"F",4.84944444444444,211.683333333333
44,"M",4.86277777777778,211.7
39,"F",4.98111111111111,211.7
50,"M",4.89055555555556,211.7
28,"F",4.94611111111111,211.7
47,"F",4.79611111111111,211.716666666667
48,"M",5.07,211.716666666667
33,"F",4.96555555555556,211.716666666667
40,"F",4.97055555555556,211.733333333333
54,"M",4.96555555555556,211.733333333333
53,"M",4.92055555555556,211.733333333333
40,"M",4.73,211.733333333333
39,"M",4.92222222222222,211.733333333333
55,"M",4.89888888888889,211.733333333333
38,"M",4.92222222222222,211.75
40,"M",5.04666666666667,211.75
57,"M",4.92833333333333,211.75
37,"M",4.92777777777778,211.75
41,"F",5.08555555555556,211.766666666667
26,"F",4.95944444444444,211.766666666667
38,"F",4.92444444444444,211.766666666667
20,"F",4.945,211.766666666667
32,"F",4.85888888888889,211.766666666667
47,"F",4.93388888888889,211.766666666667
50,"M",4.90722222222222,211.766666666667
43,"M",4.88555555555556,211.783333333333
48,"M",4.73722222222222,211.783333333333
33,"F",5.05888888888889,211.783333333333
25,"F",5.03333333333333,211.783333333333
58,"M",4.86833333333333,211.783333333333
41,"F",4.96222222222222,211.783333333333
51,"M",4.94555555555556,211.783333333333
44,"F",5.00111111111111,211.8
29,"M",4.85666666666667,211.8
56,"M",4.96833333333333,211.8
60,"M",5.04611111111111,211.8
30,"F",4.815,211.8
38,"F",5.03,211.816666666667
21,"F",4.91833333333333,211.816666666667
47,"M",4.885,211.833333333333
36,"F",4.99166666666667,211.833333333333
53,"M",4.915,211.833333333333
57,"M",4.90944444444444,211.833333333333
23,"F",5.01388888888889,211.833333333333
29,"F",5.01388888888889,211.833333333333
37,"F",5.06277777777778,211.833333333333
42,"F",4.89944444444444,211.833333333333
52,"M",4.77611111111111,211.85
38,"F",4.99388888888889,211.85
55,"M",4.75388888888889,211.85
37,"F",4.89888888888889,211.85
38,"F",4.67055555555556,211.85
30,"F",5.01666666666667,211.866666666667
64,"M",4.96611111111111,211.866666666667
32,"F",4.94666666666667,211.866666666667
46,"F",4.79222222222222,211.866666666667
45,"M",4.90055555555556,211.866666666667
25,"F",4.92611111111111,211.866666666667
56,"M",4.90666666666667,211.866666666667
52,"M",4.98666666666667,211.883333333333
52,"M",4.78666666666667,211.883333333333
36,"F",5.08444444444444,211.883333333333
56,"M",4.98277777777778,211.883333333333
41,"M",5.01666666666667,211.883333333333
22,"F",4.90888888888889,211.883333333333
19,"F",4.96722222222222,211.883333333333
26,"F",4.88166666666667,211.883333333333
45,"F",4.72611111111111,211.883333333333
28,"F",5.01555555555556,211.9
49,"M",4.96444444444444,211.9
55,"M",4.925,211.9
47,"M",4.87111111111111,211.9
51,"F",4.93611111111111,211.9
30,"F",4.99055555555556,211.9
46,"M",4.97444444444444,211.9
55,"M",4.94,211.9
38,"F",4.82444444444444,211.916666666667
56,"M",4.78333333333333,211.916666666667
30,"F",5.02277777777778,211.916666666667
56,"M",5.00833333333333,211.916666666667
22,"F",4.90888888888889,211.916666666667
56,"M",4.99555555555556,211.916666666667
24,"M",4.99555555555556,211.916666666667
36,"F",4.88166666666667,211.933333333333
43,"M",4.88944444444444,211.933333333333
39,"F",4.97222222222222,211.933333333333
39,"F",4.88777777777778,211.933333333333
43,"F",4.96722222222222,211.95
42,"F",4.96,211.95
36,"F",5.01611111111111,211.95
48,"M",4.92833333333333,211.95
42,"F",5.02944444444444,211.95
51,"F",4.83555555555556,211.95
31,"F",4.85722222222222,211.95
55,"M",4.90111111111111,211.95
58,"M",4.67666666666667,211.95
52,"F",4.97833333333333,211.966666666667
47,"F",4.90166666666667,211.966666666667
29,"F",4.62111111111111,211.966666666667
46,"M",4.85777777777778,211.966666666667
30,"F",5.00944444444444,211.983333333333
46,"M",4.65555555555556,211.983333333333
56,"M",5.03111111111111,211.983333333333
32,"F",4.795,211.983333333333
43,"M",4.91277777777778,211.983333333333
37,"F",5.01222222222222,211.983333333333
53,"M",5.07666666666667,212
46,"M",4.85833333333333,212
48,"F",4.85333333333333,212
41,"M",4.91277777777778,212
57,"M",5.00222222222222,212
47,"M",4.95277777777778,212
51,"F",4.90055555555556,212
36,"F",4.98666666666667,212
39,"F",4.84333333333333,212.016666666667
44,"F",4.855,212.016666666667
51,"F",4.93722222222222,212.016666666667
28,"F",4.85166666666667,212.016666666667
40,"F",4.82277777777778,212.016666666667
34,"F",4.74166666666667,212.016666666667
38,"F",4.96333333333333,212.016666666667
28,"F",4.93888888888889,212.016666666667
32,"F",4.82722222222222,212.016666666667
54,"M",4.95555555555555,212.016666666667
51,"M",4.91722222222222,212.016666666667
37,"F",4.95666666666667,212.033333333333
49,"M",5.01888888888889,212.033333333333
46,"M",4.84333333333333,212.05
32,"F",4.89666666666667,212.05
24,"F",4.95277777777778,212.05
50,"M",4.94833333333333,212.05
31,"F",5.01,212.066666666667
33,"F",4.95666666666667,212.066666666667
43,"M",4.93888888888889,212.066666666667
31,"F",4.99388888888889,212.066666666667
39,"F",4.925,212.083333333333
31,"F",4.93,212.083333333333
55,"M",4.90833333333333,212.083333333333
32,"F",4.95833333333333,212.083333333333
24,"F",4.98333333333333,212.083333333333
46,"M",4.94777777777778,212.083333333333
24,"F",4.84722222222222,212.083333333333
42,"F",4.95111111111111,212.083333333333
60,"M",5.11777777777778,212.1
52,"M",4.97722222222222,212.1
41,"F",4.94,212.1
56,"M",4.82,212.1
37,"F",4.805,212.116666666667
39,"F",4.80777777777778,212.116666666667
50,"M",4.55888888888889,212.116666666667
36,"F",4.88444444444444,212.116666666667
45,"F",4.94333333333333,212.116666666667
29,"F",4.87777777777778,212.116666666667
34,"F",4.89388888888889,212.133333333333
39,"F",4.87055555555556,212.133333333333
23,"F",5.00833333333333,212.133333333333
24,"F",4.87611111111111,212.133333333333
42,"F",4.91277777777778,212.133333333333
46,"M",5.01222222222222,212.133333333333
24,"F",4.86777777777778,212.133333333333
27,"F",4.63888888888889,212.133333333333
41,"F",5.02611111111111,212.15
56,"M",5.00222222222222,212.166666666667
40,"F",4.94277777777778,212.166666666667
36,"F",5.02777777777778,212.166666666667
44,"F",4.94,212.166666666667
46,"F",4.95166666666667,212.166666666667
28,"M",4.87722222222222,212.166666666667
44,"F",5.02277777777778,212.166666666667
28,"F",5.08333333333333,212.183333333333
48,"F",4.89166666666667,212.183333333333
33,"F",4.92722222222222,212.183333333333
37,"F",5.09555555555556,212.2
43,"M",4.35833333333333,212.2
62,"M",4.93666666666667,212.2
41,"F",5.01111111111111,212.2
53,"M",4.95277777777778,212.216666666667
53,"M",4.91444444444444,212.216666666667
33,"F",4.93055555555556,212.216666666667
49,"F",5.08388888888889,212.216666666667
59,"M",4.94277777777778,212.233333333333
45,"F",4.99166666666667,212.233333333333
39,"F",4.88055555555556,212.25
47,"M",4.92833333333333,212.25
54,"M",4.79555555555556,212.25
37,"F",4.78555555555556,212.25
46,"M",4.93444444444444,212.25
24,"F",5.04777777777778,212.266666666667
55,"F",4.95777777777778,212.266666666667
34,"F",4.87722222222222,212.266666666667
56,"M",4.99222222222222,212.266666666667
36,"F",4.91666666666667,212.283333333333
37,"M",4.88055555555556,212.283333333333
26,"F",4.91944444444445,212.283333333333
40,"M",4.87222222222222,212.283333333333
52,"M",5.02388888888889,212.3
42,"M",4.63777777777778,212.3
31,"F",5.04055555555556,212.3
40,"F",4.96777777777778,212.3
45,"M",4.92055555555556,212.3
33,"F",4.86111111111111,212.3
49,"M",4.82722222222222,212.316666666667
40,"M",4.73555555555556,212.316666666667
41,"F",4.93111111111111,212.333333333333
56,"M",4.875,212.333333333333
49,"F",4.71444444444444,212.333333333333
42,"F",4.92388888888889,212.333333333333
31,"F",4.83277777777778,212.333333333333
29,"F",4.84777777777778,212.35
39,"F",4.90222222222222,212.35
53,"M",4.93277777777778,212.35
55,"M",4.89611111111111,212.35
43,"M",4.94166666666667,212.366666666667
50,"F",4.94222222222222,212.366666666667
38,"F",4.87277777777778,212.366666666667
47,"M",4.77277777777778,212.366666666667
55,"M",4.94166666666667,212.366666666667
50,"F",4.95166666666667,212.366666666667
48,"M",4.70944444444444,212.383333333333
58,"M",4.82277777777778,212.383333333333
25,"F",5.01722222222222,212.383333333333
52,"M",4.83,212.383333333333
60,"M",4.97555555555556,212.383333333333
43,"F",5.02555555555556,212.4
45,"F",4.96333333333333,212.4
34,"F",4.82055555555556,212.4
26,"M",4.97333333333333,212.4
43,"F",5.05055555555556,212.4
57,"M",4.94111111111111,212.4
45,"M",4.74555555555556,212.416666666667
47,"M",4.85222222222222,212.416666666667
46,"M",4.91277777777778,212.416666666667
55,"M",4.88777777777778,212.433333333333
31,"F",4.92166666666667,212.433333333333
42,"F",4.965,212.433333333333
39,"M",4.64055555555556,212.433333333333
35,"F",5.03833333333333,212.433333333333
40,"M",4.82944444444444,212.45
25,"F",4.97055555555556,212.45
32,"F",5.06722222222222,212.45
28,"F",4.92333333333333,212.45
37,"F",4.97388888888889,212.45
45,"F",4.95222222222222,212.45
40,"M",4.65555555555556,212.45
50,"M",4.84,212.45
28,"F",5.06777777777778,212.45
37,"F",4.94111111111111,212.45
52,"F",5.04888888888889,212.466666666667
40,"F",4.92,212.466666666667
33,"F",5.055,212.466666666667
48,"F",4.94055555555556,212.483333333333
34,"F",4.93722222222222,212.483333333333
54,"M",5.06166666666667,212.483333333333
54,"M",5.04055555555556,212.5
26,"F",4.96222222222222,212.5
40,"F",5.04,212.516666666667
36,"F",5.05444444444444,212.516666666667
42,"F",4.845,212.533333333333
38,"F",4.97222222222222,212.533333333333
57,"F",4.85666666666667,212.533333333333
33,"F",5.04555555555556,212.55
40,"F",4.85944444444444,212.55
23,"F",4.91444444444444,212.55
48,"M",4.86166666666667,212.55
39,"F",4.90388888888889,212.55
31,"F",4.85111111111111,212.55
24,"F",4.98777777777778,212.566666666667
25,"F",4.76777777777778,212.566666666667
39,"F",4.98722222222222,212.583333333333
23,"M",4.91333333333333,212.583333333333
30,"F",5.005,212.583333333333
45,"M",4.92222222222222,212.583333333333
58,"M",4.90277777777778,212.583333333333
33,"F",4.94944444444444,212.583333333333
39,"M",4.99166666666667,212.583333333333
38,"F",5.03277777777778,212.6
51,"M",4.94055555555556,212.6
39,"F",4.84111111111111,212.6
33,"F",4.99833333333333,212.6
31,"F",4.84611111111111,212.6
46,"M",4.96333333333333,212.6
44,"F",4.98111111111111,212.6
50,"M",4.88444444444444,212.6
46,"M",4.86444444444444,212.6
50,"F",4.98944444444444,212.6
24,"F",4.91055555555556,212.616666666667
30,"F",4.98722222222222,212.616666666667
46,"F",4.79777777777778,212.616666666667
43,"F",4.94166666666667,212.616666666667
25,"F",5.015,212.633333333333
45,"F",4.95111111111111,212.633333333333
42,"F",5.07611111111111,212.65
25,"F",5.05333333333333,212.65
30,"F",4.96333333333333,212.683333333333
30,"F",4.95277777777778,212.683333333333
28,"M",4.83444444444444,212.683333333333
55,"M",5.05055555555556,212.683333333333
54,"M",4.685,212.683333333333
37,"F",5.03111111111111,212.7
52,"M",5.01833333333333,212.7
56,"M",4.90055555555556,212.7
48,"F",4.95111111111111,212.7
58,"M",4.96888888888889,212.716666666667
40,"F",4.87222222222222,212.716666666667
49,"M",4.94833333333333,212.716666666667
29,"F",4.98833333333333,212.716666666667
29,"F",4.95222222222222,212.716666666667
30,"F",5.02444444444444,212.716666666667
32,"F",4.92111111111111,212.716666666667
55,"F",4.93944444444444,212.733333333333
48,"F",5.01,212.733333333333
53,"M",4.88111111111111,212.75
20,"F",4.68722222222222,212.75
39,"F",4.88222222222222,212.75
36,"M",5.18166666666667,212.75
62,"M",5.08555555555556,212.766666666667
37,"F",4.985,212.766666666667
49,"F",5.02333333333333,212.766666666667
43,"M",4.805,212.766666666667
56,"M",4.94666666666667,212.766666666667
35,"F",4.97222222222222,212.783333333333
51,"M",4.89388888888889,212.783333333333
50,"F",4.945,212.783333333333
32,"F",5.01611111111111,212.8
25,"F",4.92111111111111,212.8
31,"F",4.92944444444444,212.8
34,"F",4.86,212.8
29,"F",5.06777777777778,212.8
29,"F",4.93944444444444,212.816666666667
55,"M",5.00555555555556,212.816666666667
31,"M",4.66944444444445,212.816666666667
40,"F",4.95555555555555,212.816666666667
33,"F",4.91944444444445,212.816666666667
31,"F",4.91222222222222,212.816666666667
29,"F",4.96833333333333,212.816666666667
29,"F",5.05166666666667,212.816666666667
43,"M",4.84555555555556,212.833333333333
27,"F",4.69611111111111,212.833333333333
38,"M",4.61333333333333,212.833333333333
37,"F",4.98888888888889,212.833333333333
51,"M",5.06944444444444,212.833333333333
40,"F",4.875,212.833333333333
54,"M",4.81388888888889,212.833333333333
49,"M",4.98333333333333,212.85
36,"F",4.84277777777778,212.85
55,"M",4.88944444444444,212.85
42,"F",5.00222222222222,212.85
58,"M",4.965,212.85
57,"M",4.88777777777778,212.85
36,"F",4.90888888888889,212.85
49,"F",5.03,212.85
20,"F",4.86555555555556,212.866666666667
29,"M",5.12055555555556,212.866666666667
28,"F",5.00444444444444,212.866666666667
40,"M",4.43111111111111,212.866666666667
58,"M",4.89111111111111,212.866666666667
41,"F",4.73277777777778,212.883333333333
33,"F",4.93722222222222,212.883333333333
33,"F",5.14888888888889,212.883333333333
25,"F",4.93888888888889,212.883333333333
38,"F",5.03055555555556,212.883333333333
24,"F",4.93111111111111,212.883333333333
27,"F",4.98666666666667,212.883333333333
29,"F",5.03722222222222,212.9
55,"M",4.97222222222222,212.9
37,"M",4.80666666666667,212.9
45,"F",5.02555555555556,212.9
23,"M",4.47222222222222,212.9
43,"M",5.08388888888889,212.916666666667
52,"M",4.94277777777778,212.916666666667
31,"F",4.94944444444444,212.916666666667
51,"M",4.89166666666667,212.916666666667
52,"M",4.94777777777778,212.916666666667
55,"M",5.01166666666667,212.916666666667
48,"M",5.025,212.933333333333
43,"F",4.89388888888889,212.933333333333
27,"F",4.90166666666667,212.933333333333
47,"M",5.04055555555556,212.95
50,"M",4.92888888888889,212.95
40,"M",5.08166666666667,212.95
47,"M",5.00777777777778,212.95
54,"M",4.96333333333333,212.95
47,"M",4.80944444444444,212.95
28,"F",5.06888888888889,212.95
25,"F",5.03888888888889,212.95
56,"M",4.87277777777778,212.95
51,"M",4.95444444444444,212.95
38,"M",4.75944444444444,212.966666666667
44,"F",5.00833333333333,212.966666666667
24,"F",5.03777777777778,212.966666666667
41,"F",4.84611111111111,212.966666666667
40,"M",4.97222222222222,212.966666666667
30,"F",4.96111111111111,212.966666666667
27,"F",4.90944444444444,212.966666666667
35,"F",4.86777777777778,212.983333333333
57,"M",4.95277777777778,212.983333333333
38,"F",4.92166666666667,212.983333333333
55,"M",4.99777777777778,212.983333333333
50,"M",4.88555555555556,213
35,"F",4.89944444444444,213
35,"F",4.94055555555556,213
47,"F",4.91333333333333,213
24,"F",4.94611111111111,213.016666666667
57,"M",4.96555555555556,213.016666666667
35,"M",4.71,213.016666666667
43,"F",5.01944444444444,213.016666666667
48,"F",4.95722222222222,213.016666666667
47,"M",4.7,213.033333333333
48,"M",4.85222222222222,213.033333333333
50,"M",4.95166666666667,213.033333333333
51,"M",4.91222222222222,213.033333333333
34,"F",4.95277777777778,213.033333333333
32,"F",4.92833333333333,213.033333333333
38,"M",5.04888888888889,213.033333333333
54,"M",4.96111111111111,213.033333333333
56,"M",5.04333333333333,213.05
58,"M",4.94444444444444,213.05
38,"F",5.08166666666667,213.05
54,"M",4.965,213.05
42,"F",4.925,213.05
28,"F",5.03,213.05
63,"M",5.18277777777778,213.05
50,"M",4.86166666666667,213.066666666667
40,"F",4.92,213.066666666667
42,"F",4.99055555555556,213.066666666667
25,"F",4.94333333333333,213.066666666667
31,"F",4.89444444444444,213.066666666667
41,"M",4.93055555555556,213.066666666667
30,"F",5.01444444444444,213.066666666667
32,"F",4.97666666666667,213.066666666667
47,"F",4.95222222222222,213.066666666667
45,"M",5.06888888888889,213.083333333333
34,"M",5.11611111111111,213.083333333333
46,"M",5.06777777777778,213.083333333333
26,"F",4.98166666666667,213.083333333333
38,"F",4.84833333333333,213.083333333333
40,"F",5.01833333333333,213.083333333333
50,"M",4.95611111111111,213.083333333333
54,"M",4.97333333333333,213.083333333333
27,"F",4.75555555555556,213.1
35,"F",4.99944444444444,213.1
44,"M",4.82888888888889,213.1
54,"F",4.96888888888889,213.1
37,"F",5.01722222222222,213.1
48,"F",4.99166666666667,213.1
51,"M",4.87,213.116666666667
46,"M",4.98444444444444,213.116666666667
29,"F",4.98666666666667,213.116666666667
43,"F",4.82277777777778,213.116666666667
46,"M",4.88333333333333,213.116666666667
35,"F",5.05611111111111,213.116666666667
24,"F",4.99055555555556,213.116666666667
48,"F",5.04,213.116666666667
59,"F",4.92333333333333,213.116666666667
46,"F",4.985,213.116666666667
44,"F",5.04,213.133333333333
58,"M",5.01277777777778,213.133333333333
45,"F",4.94055555555556,213.133333333333
41,"M",4.84777777777778,213.133333333333
47,"M",4.93777777777778,213.133333333333
38,"M",4.77777777777778,213.133333333333
28,"F",5.015,213.15
61,"M",4.92944444444444,213.15
56,"M",4.97333333333333,213.15
42,"F",5.04166666666667,213.15
47,"F",4.93333333333333,213.15
30,"F",4.93555555555556,213.15
50,"M",4.70444444444444,213.15
50,"M",4.53388888888889,213.166666666667
36,"F",4.93055555555556,213.166666666667
31,"F",5.00666666666667,213.166666666667
37,"F",5.06666666666667,213.166666666667
44,"F",5.06722222222222,213.183333333333
44,"F",4.90944444444444,213.183333333333
46,"M",4.93222222222222,213.183333333333
23,"F",5.01777777777778,213.183333333333
48,"M",4.91111111111111,213.183333333333
50,"M",4.91,213.183333333333
21,"F",4.88888888888889,213.183333333333
32,"F",5.06055555555556,213.183333333333
55,"M",4.96444444444444,213.2
59,"M",4.97722222222222,213.2
39,"F",4.99444444444444,213.2
45,"F",5.015,213.2
61,"M",5.00944444444444,213.2
41,"F",5.015,213.2
56,"M",5.02222222222222,213.2
54,"M",4.94166666666667,213.216666666667
28,"F",4.96333333333333,213.216666666667
48,"M",4.925,213.216666666667
43,"F",5.01,213.216666666667
37,"F",5.12222222222222,213.216666666667
49,"F",4.89222222222222,213.233333333333
21,"F",4.95833333333333,213.233333333333
61,"M",4.955,213.233333333333
40,"M",4.75222222222222,213.25
25,"F",4.96166666666667,213.25
51,"M",4.86055555555556,213.25
44,"M",4.91722222222222,213.25
54,"M",4.92888888888889,213.25
56,"F",5.03722222222222,213.25
26,"F",4.85777777777778,213.25
24,"F",4.71277777777778,213.25
37,"F",4.90166666666667,213.266666666667
23,"F",5.06333333333333,213.266666666667
31,"M",5.16,213.266666666667
33,"F",4.95555555555555,213.266666666667
54,"M",4.96888888888889,213.266666666667
57,"M",4.93166666666667,213.266666666667
51,"M",4.94166666666667,213.283333333333
37,"F",4.90611111111111,213.283333333333
40,"F",4.99333333333333,213.283333333333
46,"M",4.78166666666667,213.3
42,"F",5.00111111111111,213.3
21,"M",4.975,213.3
56,"M",4.94833333333333,213.3
22,"F",4.92722222222222,213.3
46,"M",4.79666666666667,213.3
34,"F",5.15777777777778,213.316666666667
36,"F",4.97,213.316666666667
25,"F",5.11722222222222,213.316666666667
50,"M",4.95611111111111,213.316666666667
45,"F",5.02333333333333,213.316666666667
57,"M",5.02277777777778,213.333333333333
34,"F",4.92333333333333,213.333333333333
41,"F",5.10055555555556,213.333333333333
48,"M",4.91611111111111,213.333333333333
55,"M",4.99,213.333333333333
41,"F",5.09388888888889,213.333333333333
55,"M",5.04611111111111,213.333333333333
47,"F",4.93888888888889,213.35
29,"F",5.01666666666667,213.35
53,"M",4.75055555555556,213.366666666667
30,"F",4.94277777777778,213.366666666667
35,"F",4.89944444444444,213.366666666667
38,"M",5.02833333333333,213.366666666667
39,"F",5.02833333333333,213.366666666667
29,"F",4.985,213.366666666667
44,"F",5.09277777777778,213.366666666667
46,"M",4.92222222222222,213.366666666667
28,"F",4.71944444444444,213.366666666667
28,"F",5.05611111111111,213.383333333333
64,"M",4.95388888888889,213.383333333333
24,"F",4.78777777777778,213.383333333333
47,"M",4.79333333333333,213.4
41,"M",4.53777777777778,213.4
35,"F",4.99722222222222,213.4
48,"M",4.85722222222222,213.4
65,"M",4.98277777777778,213.4
55,"M",4.96388888888889,213.4
40,"F",4.95666666666667,213.4
22,"F",4.51833333333333,213.416666666667
24,"F",4.51833333333333,213.416666666667
43,"M",4.62444444444444,213.416666666667
29,"M",4.81277777777778,213.416666666667
34,"M",4.75222222222222,213.433333333333
39,"F",5.12055555555556,213.433333333333
31,"F",5.05111111111111,213.433333333333
57,"M",5.04388888888889,213.433333333333
36,"F",4.95333333333333,213.433333333333
35,"F",5.04333333333333,213.433333333333
28,"M",4.84388888888889,213.433333333333
48,"M",4.93777777777778,213.45
50,"M",4.71777777777778,213.45
43,"F",4.895,213.45
61,"M",4.93944444444444,213.45
37,"F",5.06833333333333,213.45
42,"F",4.97555555555556,213.466666666667
31,"F",4.93111111111111,213.466666666667
43,"F",5.01444444444444,213.466666666667
30,"F",4.92666666666667,213.483333333333
37,"F",4.92833333333333,213.483333333333
41,"F",5.04277777777778,213.483333333333
40,"F",5.07,213.5
50,"M",5.04333333333333,213.5
29,"M",4.95111111111111,213.5
48,"M",5.04277777777778,213.5
33,"F",4.98277777777778,213.5
27,"F",4.98611111111111,213.5
43,"F",4.73611111111111,213.5
61,"M",4.82166666666667,213.5
46,"F",5.06388888888889,213.5
42,"M",5.15333333333333,213.516666666667
34,"F",4.90277777777778,213.516666666667
35,"F",5.02333333333333,213.516666666667
63,"M",4.71055555555556,213.533333333333
41,"F",4.99777777777778,213.533333333333
33,"F",5.02277777777778,213.533333333333
58,"M",4.90944444444444,213.533333333333
37,"F",4.95444444444444,213.533333333333
59,"M",4.97888888888889,213.533333333333
52,"F",4.99277777777778,213.533333333333
44,"F",5.08888888888889,213.533333333333
45,"M",4.975,213.533333333333
41,"F",4.94333333333333,213.55
42,"F",4.94222222222222,213.55
49,"M",4.94222222222222,213.55
43,"F",4.99833333333333,213.55
24,"F",4.98333333333333,213.55
49,"M",4.91388888888889,213.55
43,"F",5.04277777777778,213.55
51,"M",4.92888888888889,213.566666666667
24,"M",4.44388888888889,213.566666666667
40,"F",4.98888888888889,213.566666666667
25,"F",4.95777777777778,213.566666666667
55,"M",4.98,213.566666666667
42,"F",5.03611111111111,213.583333333333
46,"M",4.87555555555556,213.583333333333
52,"M",4.97555555555556,213.583333333333
36,"F",5.06,213.583333333333
37,"F",4.85666666666667,213.583333333333
54,"M",4.97666666666667,213.6
29,"F",5.06444444444444,213.6
31,"M",4.94111111111111,213.6
44,"M",5.06388888888889,213.6
40,"F",4.84277777777778,213.6
29,"F",4.90388888888889,213.6
57,"M",5.08833333333333,213.6
39,"F",4.78722222222222,213.616666666667
35,"F",5.00666666666667,213.616666666667
30,"F",4.86166666666667,213.616666666667
51,"M",5.09777777777778,213.616666666667
57,"M",4.89833333333333,213.616666666667
31,"F",5.005,213.616666666667
32,"M",4.17,213.633333333333
51,"M",5.01,213.633333333333
53,"M",5.00444444444444,213.633333333333
43,"F",4.97611111111111,213.633333333333
56,"M",4.96944444444444,213.633333333333
48,"F",5.00222222222222,213.65
49,"F",4.83111111111111,213.65
43,"M",4.91611111111111,213.65
35,"M",3.97888888888889,213.65
27,"F",4.83666666666667,213.65
46,"F",5.11388888888889,213.65
36,"F",4.87944444444444,213.65
38,"F",4.94111111111111,213.65
43,"F",5.08555555555556,213.666666666667
38,"F",5.01111111111111,213.666666666667
22,"M",4.92722222222222,213.666666666667
55,"M",4.92833333333333,213.666666666667
55,"M",5.06555555555556,213.666666666667
47,"F",4.97277777777778,213.666666666667
46,"F",4.93833333333333,213.666666666667
53,"M",5.01166666666667,213.683333333333
31,"F",4.86166666666667,213.683333333333
32,"F",4.915,213.683333333333
32,"F",5.08111111111111,213.683333333333
57,"M",5.01611111111111,213.683333333333
34,"F",5.05611111111111,213.683333333333
30,"F",4.94,213.683333333333
38,"F",4.84944444444444,213.683333333333
33,"M",4.72777777777778,213.683333333333
31,"F",4.99666666666667,213.683333333333
28,"F",4.88277777777778,213.7
27,"M",4.8,213.7
44,"F",5.03444444444444,213.7
48,"F",5.05833333333333,213.7
46,"M",4.93388888888889,213.7
43,"M",4.86055555555556,213.7
26,"F",4.86611111111111,213.716666666667
27,"F",4.91944444444445,213.716666666667
38,"F",5.05222222222222,213.716666666667
49,"M",4.90333333333333,213.716666666667
53,"M",5.00444444444444,213.716666666667
34,"F",4.93055555555556,213.733333333333
33,"M",4.95944444444444,213.733333333333
30,"F",4.89833333333333,213.733333333333
34,"F",4.98777777777778,213.75
54,"M",5.01833333333333,213.75
68,"M",4.92666666666667,213.75
28,"F",5.03388888888889,213.766666666667
43,"F",5.04555555555556,213.783333333333
59,"M",4.95333333333333,213.783333333333
36,"F",5.01,213.783333333333
51,"F",5.03388888888889,213.783333333333
60,"M",4.89611111111111,213.783333333333
39,"F",4.955,213.783333333333
45,"F",5.03111111111111,213.783333333333
67,"M",5.08611111111111,213.783333333333
44,"F",5.05111111111111,213.783333333333
44,"F",5.04,213.783333333333
46,"F",5.03111111111111,213.8
54,"M",5.045,213.8
47,"F",5.00444444444444,213.8
43,"F",5.04944444444444,213.8
26,"F",5.06222222222222,213.8
26,"F",5.04722222222222,213.816666666667
46,"M",4.98555555555556,213.816666666667
51,"M",4.98833333333333,213.816666666667
31,"F",4.99166666666667,213.816666666667
26,"F",4.99,213.833333333333
47,"F",4.96222222222222,213.833333333333
29,"F",5.1,213.833333333333
35,"M",4.75222222222222,213.833333333333
50,"F",4.95055555555556,213.833333333333
43,"M",4.75888888888889,213.833333333333
28,"F",5.01166666666667,213.833333333333
37,"F",4.97833333333333,213.85
38,"F",4.97555555555556,213.85
29,"F",4.86555555555556,213.85
26,"F",4.98444444444444,213.866666666667
55,"M",5.00222222222222,213.866666666667
32,"F",4.95777777777778,213.866666666667
41,"F",5.16388888888889,213.883333333333
27,"F",4.92611111111111,213.883333333333
26,"F",4.70722222222222,213.883333333333
20,"F",4.99166666666667,213.883333333333
58,"M",5.04222222222222,213.9
43,"F",4.88722222222222,213.9
37,"F",5.09333333333333,213.9
39,"F",4.84888888888889,213.9
45,"M",4.98055555555556,213.9
49,"M",4.63055555555556,213.9
24,"F",5.03,213.9
34,"F",4.79666666666667,213.916666666667
46,"F",5.05166666666667,213.916666666667
52,"M",4.89444444444444,213.916666666667
32,"F",5.03055555555556,213.916666666667
43,"M",4.98222222222222,213.916666666667
33,"F",4.92833333333333,213.916666666667
32,"F",4.94555555555556,213.916666666667
33,"F",4.95611111111111,213.916666666667
58,"M",5.05222222222222,213.916666666667
41,"F",5.05666666666667,213.916666666667
41,"M",4.95888888888889,213.933333333333
52,"M",5.03055555555556,213.933333333333
28,"F",5.01111111111111,213.933333333333
47,"M",4.67444444444444,213.933333333333
41,"F",5.12222222222222,213.933333333333
46,"M",4.81888888888889,213.95
53,"M",4.97944444444444,213.95
33,"F",5.02722222222222,213.95
46,"F",5.09722222222222,213.95
32,"F",4.88055555555556,213.95
33,"F",5.04444444444445,213.966666666667
54,"M",4.98277777777778,213.966666666667
37,"F",4.97333333333333,213.966666666667
38,"F",4.99222222222222,213.966666666667
54,"M",5.01777777777778,213.966666666667
45,"M",4.73833333333333,213.983333333333
58,"M",4.88277777777778,213.983333333333
21,"M",4.97444444444444,213.983333333333
39,"F",4.87055555555556,213.983333333333
46,"M",5.015,213.983333333333
27,"F",4.87444444444444,213.983333333333
48,"M",4.98333333333333,213.983333333333
52,"F",4.96,213.983333333333
49,"F",5.04555555555556,214
39,"F",4.89888888888889,214
41,"M",4.67444444444444,214
28,"M",5.05388888888889,214
51,"M",5.08277777777778,214
22,"F",5.00277777777778,214
44,"M",4.67833333333333,214
46,"M",4.90722222222222,214.016666666667
61,"M",5.03,214.016666666667
53,"M",4.95166666666667,214.016666666667
55,"M",4.99555555555556,214.016666666667
47,"M",4.84722222222222,214.016666666667
29,"F",4.85944444444444,214.016666666667
47,"M",4.92444444444444,214.033333333333
27,"F",4.97222222222222,214.033333333333
56,"M",4.95166666666667,214.033333333333
29,"F",4.81,214.033333333333
34,"F",4.94222222222222,214.033333333333
50,"F",4.82722222222222,214.033333333333
27,"F",5.04222222222222,214.033333333333
42,"M",5.05944444444444,214.033333333333
49,"F",5.03555555555556,214.033333333333
41,"F",4.99333333333333,214.05
38,"F",5.03277777777778,214.05
54,"F",5.03333333333333,214.05
52,"M",5.05166666666667,214.05
45,"F",4.87888888888889,214.05
53,"F",5.05166666666667,214.066666666667
21,"F",5.03777777777778,214.066666666667
23,"F",4.80777777777778,214.066666666667
38,"F",4.99611111111111,214.083333333333
27,"F",5.01,214.083333333333
39,"F",4.89388888888889,214.083333333333
43,"F",4.99666666666667,214.083333333333
28,"F",4.97333333333333,214.083333333333
41,"F",4.95777777777778,214.083333333333
56,"F",4.97,214.1
43,"F",5.04388888888889,214.1
56,"M",5.01555555555556,214.1
43,"F",5.03277777777778,214.1
48,"F",4.91333333333333,214.1
56,"M",4.89666666666667,214.116666666667
56,"M",5.01111111111111,214.116666666667
34,"F",5.00277777777778,214.116666666667
40,"F",5.10333333333333,214.116666666667
52,"M",5.05944444444444,214.116666666667
25,"F",4.85166666666667,214.116666666667
27,"F",5,214.116666666667
35,"F",4.96166666666667,214.116666666667
43,"F",5.10333333333333,214.116666666667
45,"M",4.67444444444444,214.116666666667
45,"F",5.02611111111111,214.133333333333
52,"M",5.065,214.133333333333
47,"M",4.91722222222222,214.133333333333
24,"F",5.01222222222222,214.133333333333
42,"F",4.97055555555556,214.15
55,"M",4.995,214.15
24,"F",5.09333333333333,214.15
39,"F",5.10611111111111,214.15
53,"M",4.92777777777778,214.15
53,"M",5.00944444444444,214.166666666667
31,"F",4.93444444444444,214.166666666667
29,"F",4.97722222222222,214.166666666667
45,"M",5.11,214.166666666667
25,"F",5.11,214.183333333333
38,"M",4.93388888888889,214.183333333333
55,"M",4.92666666666667,214.183333333333
29,"M",5.18888888888889,214.183333333333
36,"F",4.99611111111111,214.183333333333
45,"F",5.04111111111111,214.183333333333
49,"F",4.96777777777778,214.2
32,"F",4.88888888888889,214.2
37,"F",5.06666666666667,214.2
45,"M",4.96722222222222,214.2
26,"F",5.01611111111111,214.216666666667
41,"F",4.99277777777778,214.216666666667
42,"F",4.90833333333333,214.216666666667
55,"M",4.91333333333333,214.216666666667
29,"F",4.97222222222222,214.216666666667
37,"F",5.01666666666667,214.216666666667
42,"F",5,214.216666666667
40,"F",5.04444444444445,214.216666666667
40,"M",4.83111111111111,214.216666666667
30,"M",4.79277777777778,214.233333333333
38,"M",4.38888888888889,214.233333333333
54,"F",4.97444444444444,214.233333333333
31,"F",4.79277777777778,214.233333333333
42,"M",4.85055555555556,214.233333333333
30,"F",5.07944444444444,214.233333333333
24,"F",4.95111111111111,214.25
42,"F",5.03777777777778,214.25
38,"F",5.08055555555555,214.266666666667
56,"M",4.94388888888889,214.266666666667
45,"F",5.01611111111111,214.266666666667
33,"F",5.02722222222222,214.266666666667
37,"F",4.95055555555556,214.283333333333
33,"F",4.88833333333333,214.283333333333
29,"F",4.95222222222222,214.283333333333
30,"F",4.9,214.283333333333
34,"F",5.22111111111111,214.3
43,"F",5.02055555555556,214.3
33,"F",4.99222222222222,214.3
22,"F",5.14277777777778,214.316666666667
47,"F",5.10277777777778,214.316666666667
64,"M",4.89611111111111,214.316666666667
34,"M",4.83388888888889,214.333333333333
55,"M",5.00888888888889,214.333333333333
36,"F",4.99166666666667,214.333333333333
50,"F",4.95111111111111,214.333333333333
59,"M",4.92222222222222,214.35
45,"M",5.12944444444444,214.35
58,"M",4.97055555555556,214.35
21,"F",4.99222222222222,214.35
38,"F",5.10777777777778,214.35
40,"F",5.095,214.35
35,"M",4.70166666666667,214.35
28,"F",4.92222222222222,214.35
21,"M",4.56555555555556,214.366666666667
51,"M",5.00111111111111,214.366666666667
52,"F",4.98166666666667,214.366666666667
31,"F",5.08666666666667,214.366666666667
50,"M",4.99277777777778,214.366666666667
33,"F",5.11944444444444,214.366666666667
45,"M",4.91222222222222,214.383333333333
55,"M",4.93888888888889,214.383333333333
47,"M",4.73388888888889,214.383333333333
44,"F",5.01555555555556,214.4
46,"M",4.97,214.4
41,"F",4.97388888888889,214.4
36,"F",4.99222222222222,214.4
52,"M",4.89,214.4
48,"M",4.95111111111111,214.416666666667
37,"F",5.04666666666667,214.416666666667
51,"M",4.80611111111111,214.416666666667
37,"F",4.97277777777778,214.416666666667
35,"F",5.04722222222222,214.416666666667
39,"F",4.97277777777778,214.416666666667
35,"F",5.04055555555556,214.416666666667
25,"F",5.09055555555556,214.433333333333
35,"M",5.21888888888889,214.433333333333
36,"F",5.135,214.433333333333
33,"M",4.69444444444444,214.433333333333
60,"M",4.97277777777778,214.433333333333
36,"F",4.96388888888889,214.433333333333
48,"F",5.04055555555556,214.433333333333
34,"F",5.15055555555556,214.45
48,"M",4.69166666666667,214.45
42,"F",5.04,214.45
41,"F",5.15,214.45
46,"M",4.99777777777778,214.466666666667
40,"F",4.98666666666667,214.466666666667
59,"M",4.96722222222222,214.466666666667
27,"F",4.82777777777778,214.466666666667
28,"F",5.06111111111111,214.466666666667
59,"M",4.905,214.466666666667
52,"M",4.97444444444444,214.483333333333
52,"M",4.87166666666667,214.483333333333
24,"F",4.94777777777778,214.483333333333
36,"F",4.94888888888889,214.483333333333
26,"F",5.02166666666667,214.483333333333
35,"F",5.015,214.483333333333
51,"F",5.04944444444444,214.483333333333
27,"F",5.04611111111111,214.483333333333
45,"F",4.89166666666667,214.483333333333
44,"F",5,214.483333333333
26,"F",4.91277777777778,214.483333333333
33,"F",5.05222222222222,214.5
52,"M",4.88666666666667,214.5
33,"F",4.83333333333333,214.5
26,"F",5.14055555555556,214.5
52,"M",5.05722222222222,214.5
39,"M",4.97055555555556,214.516666666667
48,"M",5.00333333333333,214.516666666667
26,"F",5.07833333333333,214.516666666667
50,"M",5.10055555555556,214.516666666667
55,"M",5.18222222222222,214.516666666667
55,"M",4.98111111111111,214.533333333333
46,"M",5.01111111111111,214.533333333333
55,"M",4.90555555555556,214.533333333333
43,"F",5.06944444444444,214.533333333333
34,"F",4.96388888888889,214.533333333333
52,"F",4.98444444444444,214.533333333333
27,"F",4.80333333333333,214.533333333333
43,"M",4.70555555555555,214.55
41,"M",4.79222222222222,214.55
46,"F",5.07777777777778,214.55
27,"F",4.94888888888889,214.55
46,"M",5.09166666666667,214.55
55,"M",5.10388888888889,214.55
49,"F",5.11,214.55
52,"M",4.92222222222222,214.566666666667
31,"F",5.01,214.566666666667
42,"M",4.89722222222222,214.566666666667
34,"F",4.83666666666667,214.566666666667
47,"F",4.95611111111111,214.566666666667
50,"M",5.00777777777778,214.583333333333
50,"M",4.97722222222222,214.583333333333
40,"F",5.07944444444444,214.583333333333
37,"F",5.14833333333333,214.583333333333
51,"M",5.11333333333333,214.6
42,"F",4.90055555555556,214.6
37,"F",5.10111111111111,214.6
27,"M",4.65555555555556,214.6
30,"F",5.01388888888889,214.616666666667
50,"M",4.96833333333333,214.616666666667
46,"M",4.84888888888889,214.616666666667
34,"F",4.99277777777778,214.633333333333
43,"M",4.81055555555556,214.633333333333
36,"F",4.95611111111111,214.633333333333
53,"M",4.875,214.633333333333
39,"F",5.02666666666667,214.633333333333
45,"M",4.64666666666667,214.65
25,"F",4.87444444444444,214.65
37,"F",4.92611111111111,214.666666666667
42,"F",5.04388888888889,214.666666666667
57,"M",4.89,214.666666666667
48,"M",4.77833333333333,214.666666666667
23,"F",4.82166666666667,214.666666666667
49,"M",4.87166666666667,214.683333333333
29,"F",4.91555555555556,214.683333333333
32,"F",5.07944444444444,214.683333333333
56,"M",5.16333333333333,214.683333333333
59,"M",4.97777777777778,214.683333333333
55,"M",4.62166666666667,214.683333333333
52,"M",4.90944444444444,214.683333333333
50,"M",4.96666666666667,214.683333333333
47,"M",4.785,214.683333333333
35,"F",5.02777777777778,214.683333333333
36,"F",4.94555555555556,214.683333333333
55,"M",5.01611111111111,214.7
47,"M",4.87,214.7
60,"M",5.11555555555556,214.7
58,"M",4.91666666666667,214.7
49,"M",5.03,214.7
26,"M",4.98722222222222,214.716666666667
41,"F",5.12777777777778,214.716666666667
54,"M",4.83388888888889,214.716666666667
48,"F",5.01555555555556,214.716666666667
36,"F",4.95722222222222,214.716666666667
24,"F",4.99333333333333,214.733333333333
35,"F",4.89777777777778,214.733333333333
58,"M",5.08111111111111,214.733333333333
49,"M",4.87277777777778,214.733333333333
55,"M",5.09388888888889,214.733333333333
38,"F",4.93444444444444,214.733333333333
31,"F",4.95777777777778,214.733333333333
26,"M",5.06722222222222,214.75
53,"M",4.93055555555556,214.75
39,"F",5.01666666666667,214.75
33,"F",4.99388888888889,214.75
50,"M",4.85555555555556,214.75
44,"F",5.04444444444445,214.75
37,"F",4.93444444444444,214.766666666667
47,"F",4.94611111111111,214.766666666667
57,"M",5.01444444444444,214.766666666667
24,"F",4.94055555555556,214.766666666667
52,"F",5.10666666666667,214.766666666667
50,"M",4.82944444444444,214.766666666667
44,"F",5.01055555555556,214.783333333333
37,"F",5.04055555555556,214.783333333333
53,"M",5.01166666666667,214.783333333333
36,"F",5.09277777777778,214.783333333333
60,"F",4.99388888888889,214.783333333333
50,"M",4.94611111111111,214.783333333333
31,"F",4.93444444444444,214.783333333333
29,"F",5.04888888888889,214.783333333333
54,"M",4.84611111111111,214.783333333333
48,"M",4.82444444444444,214.783333333333
36,"F",4.82388888888889,214.8
35,"F",4.955,214.8
42,"M",4.71944444444444,214.8
40,"F",5.02,214.816666666667
55,"M",4.98111111111111,214.816666666667
37,"F",5.04555555555556,214.816666666667
35,"F",4.98611111111111,214.816666666667
46,"F",5.045,214.816666666667
32,"F",5.04611111111111,214.816666666667
48,"M",5.01944444444444,214.833333333333
58,"M",4.88555555555556,214.85
48,"F",4.92444444444444,214.85
45,"M",4.765,214.85
61,"M",4.91833333333333,214.85
52,"F",5.10777777777778,214.85
52,"M",5.09166666666667,214.85
56,"F",5.03888888888889,214.85
57,"M",4.95722222222222,214.866666666667
40,"F",5.01166666666667,214.866666666667
46,"M",5.13,214.866666666667
59,"M",4.84388888888889,214.866666666667
42,"F",5.06277777777778,214.866666666667
51,"M",4.95,214.866666666667
53,"M",4.94888888888889,214.866666666667
59,"M",4.75944444444444,214.866666666667
41,"M",4.71722222222222,214.883333333333
40,"F",4.99666666666667,214.883333333333
32,"F",4.98833333333333,214.883333333333
54,"M",4.98444444444444,214.883333333333
45,"F",5.02944444444444,214.883333333333
55,"M",4.98777777777778,214.883333333333
56,"M",5.04333333333333,214.883333333333
45,"F",4.99277777777778,214.883333333333
36,"F",5.09166666666667,214.9
58,"M",5.07333333333333,214.9
47,"M",5.02277777777778,214.9
35,"F",4.97111111111111,214.9
40,"F",5.01888888888889,214.916666666667
50,"F",5.00666666666667,214.916666666667
50,"M",4.95555555555555,214.916666666667
45,"F",5.07,214.916666666667
24,"F",4.93277777777778,214.916666666667
29,"F",5.00888888888889,214.916666666667
46,"M",4.85666666666667,214.916666666667
39,"F",4.81055555555556,214.916666666667
37,"M",4.70666666666667,214.916666666667
39,"M",4.85388888888889,214.916666666667
43,"F",5.04333333333333,214.916666666667
50,"M",4.90555555555556,214.916666666667
30,"F",4.92166666666667,214.916666666667
34,"F",4.98833333333333,214.933333333333
22,"F",4.91888888888889,214.933333333333
45,"F",4.79666666666667,214.933333333333
50,"M",4.88944444444444,214.933333333333
46,"F",4.89111111111111,214.933333333333
28,"F",5.04222222222222,214.933333333333
48,"F",5.03166666666667,214.933333333333
21,"F",5.03166666666667,214.933333333333
40,"F",5.08111111111111,214.933333333333
50,"M",4.87111111111111,214.95
30,"M",5.04444444444445,214.95
30,"F",4.92777777777778,214.95
23,"M",4.88944444444444,214.95
35,"F",5.03333333333333,214.966666666667
50,"M",4.88611111111111,214.966666666667
52,"M",4.76611111111111,214.966666666667
45,"M",5.00055555555556,214.966666666667
28,"F",5.04444444444445,214.983333333333
50,"F",5.03277777777778,214.983333333333
47,"M",5.06388888888889,214.983333333333
47,"M",5,214.983333333333
39,"F",5.03444444444444,215
39,"F",5.12222222222222,215
52,"F",5.05888888888889,215
54,"M",5.01666666666667,215
45,"M",4.88722222222222,215.016666666667
47,"M",4.875,215.016666666667
45,"F",4.94722222222222,215.016666666667
21,"F",5.05166666666667,215.016666666667
40,"F",5.02888888888889,215.033333333333
36,"F",5.08777777777778,215.033333333333
57,"M",5.00111111111111,215.033333333333
50,"M",4.98055555555556,215.033333333333
32,"F",4.92111111111111,215.033333333333
38,"F",5.01777777777778,215.033333333333
51,"M",5.00111111111111,215.05
56,"M",4.93277777777778,215.05
38,"F",5.04611111111111,215.05
45,"M",4.91277777777778,215.05
33,"M",5.065,215.05
34,"F",4.95333333333333,215.05
22,"F",4.99166666666667,215.066666666667
30,"F",4.87833333333333,215.066666666667
27,"F",5.03166666666667,215.066666666667
38,"F",5.03944444444444,215.066666666667
32,"F",5.14166666666667,215.083333333333
37,"F",5.01,215.083333333333
43,"F",5.00944444444444,215.083333333333
36,"F",4.99333333333333,215.083333333333
58,"M",5.06055555555556,215.083333333333
28,"F",5.08388888888889,215.083333333333
30,"F",4.9,215.1
29,"F",4.92777777777778,215.1
47,"M",5.16777777777778,215.1
53,"F",4.98833333333333,215.1
27,"F",4.82833333333333,215.1
57,"M",4.98055555555556,215.116666666667
43,"M",4.92777777777778,215.116666666667
48,"M",4.87277777777778,215.116666666667
52,"M",5.03166666666667,215.116666666667
53,"M",4.88944444444444,215.116666666667
55,"M",4.98666666666667,215.116666666667
36,"M",4.90555555555556,215.116666666667
43,"M",4.83611111111111,215.116666666667
61,"M",5.09111111111111,215.133333333333
35,"F",5.13333333333333,215.133333333333
40,"F",4.96777777777778,215.133333333333
56,"M",5.065,215.133333333333
41,"F",5.02,215.133333333333
38,"F",4.98833333333333,215.15
27,"F",4.95388888888889,215.15
55,"M",4.94555555555556,215.15
31,"F",4.83277777777778,215.15
33,"F",4.95666666666667,215.15
48,"M",4.82333333333333,215.15
37,"F",5.08277777777778,215.166666666667
22,"F",5.04611111111111,215.183333333333
33,"F",4.96722222222222,215.183333333333
52,"M",4.91166666666667,215.183333333333
56,"M",4.94277777777778,215.183333333333
45,"M",4.82944444444444,215.2
29,"M",4.78888888888889,215.2
25,"F",4.87388888888889,215.2
52,"F",5.06722222222222,215.2
46,"F",5.13055555555556,215.2
58,"M",4.99111111111111,215.2
37,"F",4.97722222222222,215.2
55,"M",5.08611111111111,215.216666666667
40,"M",4.91277777777778,215.233333333333
51,"M",4.84,215.233333333333
39,"M",4.26,215.233333333333
26,"F",4.91166666666667,215.233333333333
46,"M",5.08277777777778,215.233333333333
60,"M",4.96444444444444,215.233333333333
35,"F",4.965,215.25
52,"M",5.015,215.25
55,"F",4.99277777777778,215.25
32,"F",5.03888888888889,215.25
49,"F",4.99555555555556,215.266666666667
46,"M",4.985,215.266666666667
32,"F",4.83055555555555,215.266666666667
27,"F",5.08166666666667,215.266666666667
48,"F",5.01722222222222,215.266666666667
25,"M",4.79555555555556,215.283333333333
47,"M",4.95055555555556,215.283333333333
47,"M",4.86666666666667,215.283333333333
52,"M",4.81777777777778,215.283333333333
48,"M",5.15111111111111,215.283333333333
48,"F",5.06222222222222,215.283333333333
35,"F",5.01722222222222,215.3
27,"F",4.96888888888889,215.3
53,"M",5.075,215.3
53,"F",4.89666666666667,215.3
57,"M",5.00944444444444,215.316666666667
43,"M",4.92166666666667,215.316666666667
35,"M",4.80833333333333,215.333333333333
58,"M",4.97722222222222,215.333333333333
23,"F",4.95722222222222,215.333333333333
48,"M",4.89277777777778,215.333333333333
55,"M",4.98722222222222,215.333333333333
36,"M",4.58833333333333,215.333333333333
54,"M",5.05388888888889,215.35
45,"F",4.92111111111111,215.35
76,"M",5.05222222222222,215.35
36,"F",5.08555555555556,215.35
25,"F",5.05166666666667,215.35
66,"M",5.10555555555556,215.366666666667
36,"F",4.94666666666667,215.366666666667
26,"F",4.97611111111111,215.366666666667
26,"F",5.02,215.366666666667
46,"M",5.03444444444444,215.366666666667
48,"M",4.96,215.366666666667
52,"M",5.06111111111111,215.366666666667
58,"M",5.03,215.366666666667
55,"M",5.055,215.383333333333
39,"F",5.06388888888889,215.383333333333
32,"F",5.08277777777778,215.4
52,"F",5.01388888888889,215.4
40,"F",5.03111111111111,215.4
25,"F",5.04944444444444,215.4
32,"M",4.98666666666667,215.4
56,"M",5.01944444444444,215.4
54,"M",4.95388888888889,215.4
43,"F",5.00277777777778,215.416666666667
24,"F",4.86055555555556,215.416666666667
55,"M",5.03222222222222,215.416666666667
24,"F",5.07,215.416666666667
37,"F",5.00611111111111,215.416666666667
22,"F",4.99611111111111,215.416666666667
55,"M",5.02722222222222,215.416666666667
44,"M",4.79388888888889,215.416666666667
29,"F",4.96722222222222,215.416666666667
50,"M",4.93055555555556,215.416666666667
23,"F",4.96111111111111,215.433333333333
41,"F",5.09888888888889,215.433333333333
27,"F",4.98888888888889,215.433333333333
57,"M",5.01555555555556,215.433333333333
39,"F",4.98777777777778,215.433333333333
54,"M",4.98055555555556,215.433333333333
61,"F",5.16444444444444,215.433333333333
37,"F",4.81,215.433333333333
42,"M",4.72111111111111,215.433333333333
46,"F",4.97722222222222,215.433333333333
43,"F",5.05777777777778,215.45
40,"F",5.11888888888889,215.45
49,"F",5.07444444444444,215.45
37,"F",5.01888888888889,215.466666666667
23,"F",4.645,215.466666666667
39,"F",5.12833333333333,215.466666666667
37,"F",5.07888888888889,215.466666666667
42,"F",4.89944444444444,215.466666666667
32,"F",5.05111111111111,215.466666666667
38,"F",4.98833333333333,215.466666666667
28,"F",5.00666666666667,215.466666666667
59,"M",4.94111111111111,215.466666666667
37,"F",5.00611111111111,215.483333333333
50,"F",4.99777777777778,215.483333333333
58,"M",4.87722222222222,215.483333333333
43,"F",4.96166666666667,215.483333333333
26,"F",5.04888888888889,215.483333333333
57,"M",4.905,215.483333333333
46,"M",5.03222222222222,215.483333333333
37,"F",4.95444444444444,215.483333333333
38,"M",4.93944444444444,215.5
44,"F",4.99777777777778,215.5
38,"F",5.04166666666667,215.5
56,"M",5.185,215.5
46,"F",5.00611111111111,215.5
40,"F",4.91833333333333,215.5
25,"F",4.98611111111111,215.5
43,"F",4.89944444444444,215.516666666667
43,"F",4.99277777777778,215.516666666667
38,"M",5.08722222222222,215.516666666667
60,"M",4.90888888888889,215.533333333333
43,"M",5.03166666666667,215.533333333333
41,"F",4.91444444444444,215.533333333333
47,"M",4.93666666666667,215.533333333333
39,"F",5.05388888888889,215.533333333333
51,"M",4.85222222222222,215.55
32,"M",4.95388888888889,215.55
37,"F",4.98388888888889,215.55
52,"M",5.055,215.566666666667
58,"M",5.03444444444444,215.566666666667
38,"F",5.10333333333333,215.566666666667
34,"F",5.09111111111111,215.566666666667
45,"F",5.04222222222222,215.566666666667
38,"F",5.10388888888889,215.566666666667
43,"F",5.14555555555556,215.566666666667
31,"M",5.04833333333333,215.566666666667
26,"F",4.76333333333333,215.566666666667
42,"F",5.11111111111111,215.566666666667
42,"F",5.09166666666667,215.566666666667
43,"F",4.96,215.566666666667
37,"F",4.87944444444444,215.566666666667
47,"F",5.06388888888889,215.583333333333
42,"M",4.66555555555556,215.583333333333
43,"F",5.16333333333333,215.583333333333
26,"F",5.14388888888889,215.583333333333
55,"M",4.97333333333333,215.583333333333
48,"F",5.06,215.583333333333
49,"F",5.02055555555556,215.583333333333
27,"F",4.95444444444444,215.583333333333
34,"F",5.11888888888889,215.583333333333
37,"F",5.07333333333333,215.6
52,"F",5.09166666666667,215.6
46,"M",4.89944444444444,215.616666666667
46,"F",5.21611111111111,215.616666666667
42,"F",5.06166666666667,215.616666666667
47,"F",5.16111111111111,215.616666666667
23,"F",4.83111111111111,215.616666666667
56,"M",4.82666666666667,215.633333333333
53,"M",5.07333333333333,215.633333333333
38,"F",5.15388888888889,215.65
27,"F",5.13277777777778,215.666666666667
38,"F",5.15388888888889,215.666666666667
32,"F",4.99277777777778,215.666666666667
31,"F",5.05833333333333,215.666666666667
21,"F",4.97777777777778,215.683333333333
40,"M",4.74666666666667,215.683333333333
44,"F",5.055,215.683333333333
55,"M",4.65777777777778,215.683333333333
49,"M",5.115,215.683333333333
57,"M",5.07055555555556,215.683333333333
36,"F",5.04944444444444,215.7
41,"F",4.94388888888889,215.7
51,"F",5.06722222222222,215.7
45,"F",5.10555555555556,215.7
53,"M",4.90888888888889,215.7
38,"F",5.13333333333333,215.7
28,"F",5.02333333333333,215.7
57,"M",5.14333333333333,215.716666666667
31,"M",4.95833333333333,215.716666666667
34,"F",5.08277777777778,215.716666666667
38,"M",5.11722222222222,215.716666666667
49,"F",5.01,215.716666666667
61,"M",4.88111111111111,215.716666666667
55,"M",4.98833333333333,215.716666666667
30,"F",4.98055555555556,215.716666666667
44,"M",4.87166666666667,215.733333333333
42,"M",4.59944444444444,215.733333333333
38,"F",5.04166666666667,215.75
48,"M",4.73666666666667,215.75
44,"F",4.93833333333333,215.75
29,"F",5.03333333333333,215.75
25,"F",4.93777777777778,215.75
29,"F",4.87888888888889,215.766666666667
52,"M",4.94555555555556,215.766666666667
47,"M",4.99444444444444,215.766666666667
28,"F",4.99666666666667,215.766666666667
45,"F",5.10611111111111,215.783333333333
47,"M",4.65833333333333,215.783333333333
60,"M",5.01666666666667,215.783333333333
23,"F",4.94666666666667,215.783333333333
46,"M",5.03111111111111,215.783333333333
33,"F",5.11611111111111,215.783333333333
55,"M",5.01277777777778,215.783333333333
50,"M",4.98055555555556,215.783333333333
40,"M",4.88055555555556,215.8
24,"M",5.15833333333333,215.8
50,"M",5.10444444444444,215.8
26,"F",5.05388888888889,215.816666666667
48,"M",4.90888888888889,215.816666666667
41,"F",4.85444444444444,215.816666666667
43,"F",4.95277777777778,215.816666666667
35,"F",5.085,215.816666666667
57,"M",5.13,215.816666666667
51,"M",4.88944444444444,215.816666666667
30,"M",4.97611111111111,215.816666666667
28,"F",5.07611111111111,215.816666666667
51,"F",5.07222222222222,215.833333333333
39,"F",4.92388888888889,215.833333333333
33,"F",5.05777777777778,215.833333333333
37,"M",5.00611111111111,215.833333333333
36,"F",4.94666666666667,215.833333333333
75,"M",4.74333333333333,215.833333333333
57,"F",4.99277777777778,215.85
38,"M",4.50222222222222,215.85
38,"F",5.04166666666667,215.85
46,"F",5.08222222222222,215.85
27,"F",5.17055555555556,215.85
40,"M",5.17055555555556,215.85
35,"F",5.09833333333333,215.85
27,"F",5.00888888888889,215.85
40,"M",5.00388888888889,215.85
43,"F",5.18388888888889,215.85
42,"F",4.99722222222222,215.85
34,"F",5.01444444444444,215.866666666667
50,"M",5.02944444444444,215.866666666667
38,"F",4.93666666666667,215.866666666667
39,"F",5.10388888888889,215.866666666667
25,"F",5.18277777777778,215.883333333333
39,"F",5.01222222222222,215.883333333333
38,"F",5.09666666666667,215.883333333333
53,"F",5.14111111111111,215.883333333333
38,"F",5.07833333333333,215.883333333333
48,"F",5.07833333333333,215.883333333333
31,"F",5.13388888888889,215.9
28,"F",5.02333333333333,215.9
50,"M",4.92611111111111,215.9
35,"F",5.05055555555556,215.9
41,"F",4.85444444444444,215.9
41,"F",5.01277777777778,215.9
34,"M",5.20055555555556,215.9
57,"M",5.07666666666667,215.916666666667
46,"F",4.98055555555556,215.916666666667
51,"F",4.94666666666667,215.916666666667
58,"M",5.09444444444444,215.916666666667
36,"F",5.11388888888889,215.916666666667
35,"F",5.08611111111111,215.916666666667
34,"F",4.96166666666667,215.933333333333
31,"M",4.94111111111111,215.933333333333
26,"F",5.02611111111111,215.933333333333
27,"F",4.89666666666667,215.933333333333
46,"F",5.07333333333333,215.933333333333
44,"F",5.04888888888889,215.933333333333
27,"F",4.95666666666667,215.933333333333
56,"M",5.01555555555556,215.95
59,"M",4.95222222222222,215.95
30,"F",5.02277777777778,215.95
27,"F",5.025,215.966666666667
51,"M",4.97222222222222,215.966666666667
33,"F",4.98833333333333,215.983333333333
37,"F",5.18666666666667,215.983333333333
36,"F",4.96555555555556,215.983333333333
52,"M",4.69777777777778,215.983333333333
27,"F",4.94055555555556,215.983333333333
40,"M",4.84388888888889,215.983333333333
38,"F",4.99333333333333,215.983333333333
45,"M",5.05611111111111,216
35,"M",4.48222222222222,216
45,"F",5.19277777777778,216
40,"F",5.03833333333333,216
56,"M",4.90166666666667,216
57,"M",4.87888888888889,216
40,"F",5.02388888888889,216.016666666667
48,"M",4.96555555555556,216.016666666667
65,"M",4.97333333333333,216.016666666667
52,"M",4.87444444444444,216.016666666667
46,"M",4.785,216.016666666667
36,"F",4.96,216.033333333333
43,"M",4.72833333333333,216.033333333333
38,"M",5.11,216.033333333333
38,"F",5.02388888888889,216.05
58,"M",4.91888888888889,216.05
33,"F",4.87055555555556,216.05
49,"F",5.02722222222222,216.05
55,"M",4.98888888888889,216.05
48,"F",5.08,216.05
24,"F",5.03833333333333,216.05
40,"M",5.02333333333333,216.05
38,"F",5.02333333333333,216.05
39,"F",4.98611111111111,216.05
38,"F",5.08722222222222,216.05
23,"F",5.20055555555556,216.066666666667
39,"F",5.14166666666667,216.083333333333
31,"F",5.00111111111111,216.083333333333
53,"F",4.98722222222222,216.083333333333
60,"M",4.94333333333333,216.083333333333
63,"M",4.76222222222222,216.083333333333
47,"F",5.06111111111111,216.1
44,"F",5.06833333333333,216.1
39,"F",5.085,216.116666666667
37,"F",4.97555555555556,216.116666666667
51,"M",4.70833333333333,216.116666666667
40,"M",4.83111111111111,216.116666666667
47,"F",5.00722222222222,216.116666666667
28,"F",5.07388888888889,216.116666666667
46,"F",4.87777777777778,216.133333333333
28,"F",5.16,216.133333333333
58,"M",4.80777777777778,216.15
41,"F",5.10055555555556,216.15
59,"M",5.07555555555556,216.15
45,"M",5.14333333333333,216.15
49,"M",5.10722222222222,216.15
39,"M",4.93444444444444,216.15
57,"M",4.95611111111111,216.166666666667
44,"F",5.14055555555556,216.166666666667
35,"F",5.12777777777778,216.166666666667
38,"M",5.06777777777778,216.166666666667
32,"F",5.12777777777778,216.166666666667
60,"M",5.13111111111111,216.166666666667
32,"F",5.12833333333333,216.166666666667
37,"F",5.08,216.166666666667
42,"F",5.10888888888889,216.183333333333
25,"F",4.93555555555556,216.183333333333
26,"F",4.87222222222222,216.183333333333
43,"F",5.03833333333333,216.183333333333
26,"F",4.83944444444444,216.183333333333
40,"F",5.01777777777778,216.183333333333
37,"F",4.92444444444444,216.2
49,"F",4.99944444444444,216.2
55,"M",4.945,216.2
61,"M",4.78277777777778,216.2
49,"M",5.02444444444444,216.216666666667
57,"M",5.05277777777778,216.216666666667
38,"F",4.99055555555556,216.216666666667
33,"F",4.95,216.216666666667
55,"F",4.93444444444444,216.216666666667
64,"M",5.17666666666667,216.216666666667
54,"F",4.99833333333333,216.216666666667
19,"F",5.19,216.216666666667
32,"F",4.95055555555556,216.233333333333
43,"F",4.98722222222222,216.233333333333
32,"F",4.98666666666667,216.233333333333
52,"M",5.12444444444444,216.25
28,"M",4.95166666666667,216.25
40,"F",5.095,216.25
39,"F",5.15166666666667,216.25
55,"M",5.10444444444444,216.25
50,"M",5.03833333333333,216.25
56,"M",4.94944444444444,216.25
56,"M",4.97888888888889,216.266666666667
46,"M",4.98666666666667,216.266666666667
57,"M",5.02222222222222,216.266666666667
36,"M",5,216.266666666667
57,"M",4.87333333333333,216.266666666667
44,"F",5.11833333333333,216.283333333333
49,"M",4.92444444444444,216.283333333333
60,"M",5.01388888888889,216.283333333333
61,"M",5.15611111111111,216.283333333333
39,"F",5.08333333333333,216.283333333333
74,"M",4.90888888888889,216.283333333333
28,"F",4.97277777777778,216.3
27,"F",5.15611111111111,216.3
29,"F",5.17333333333333,216.3
54,"M",5.03833333333333,216.3
58,"M",5.07222222222222,216.3
54,"M",5.04333333333333,216.316666666667
34,"F",5.05944444444444,216.316666666667
47,"F",4.91444444444444,216.316666666667
51,"M",5.05666666666667,216.316666666667
43,"M",4.89333333333333,216.333333333333
36,"F",4.965,216.333333333333
39,"F",5.10166666666667,216.333333333333
48,"F",5.00888888888889,216.35
29,"F",4.93444444444444,216.35
43,"M",4.93777777777778,216.35
32,"F",4.99277777777778,216.35
60,"M",4.99555555555556,216.366666666667
46,"M",4.74666666666667,216.366666666667
42,"F",4.76777777777778,216.383333333333
51,"M",4.72166666666667,216.383333333333
30,"F",5.07277777777778,216.383333333333
35,"F",4.92166666666667,216.383333333333
46,"F",4.92444444444444,216.383333333333
45,"M",4.90444444444444,216.383333333333
40,"F",5.15277777777778,216.383333333333
50,"M",5.00444444444444,216.4
56,"M",5.07388888888889,216.4
26,"F",5.01888888888889,216.4
25,"F",5.12888888888889,216.4
35,"M",5.06611111111111,216.4
34,"F",5.00777777777778,216.416666666667
40,"F",5.04388888888889,216.416666666667
54,"M",5.06833333333333,216.416666666667
32,"F",4.95666666666667,216.416666666667
50,"M",4.94666666666667,216.416666666667
45,"F",4.97722222222222,216.416666666667
55,"M",5.09333333333333,216.416666666667
50,"F",4.99333333333333,216.433333333333
28,"F",5.07611111111111,216.433333333333
36,"F",5.06444444444444,216.433333333333
34,"F",5.00333333333333,216.433333333333
33,"M",4.78111111111111,216.433333333333
55,"M",5.13777777777778,216.433333333333
46,"F",5.07166666666667,216.433333333333
52,"M",5.00777777777778,216.433333333333
29,"F",5.11722222222222,216.45
41,"F",4.99888888888889,216.45
27,"F",5.03388888888889,216.45
54,"M",4.75944444444444,216.45
45,"M",4.95833333333333,216.45
58,"M",5.00722222222222,216.45
34,"F",5.04722222222222,216.45
36,"F",5.02777777777778,216.466666666667
59,"M",5.07444444444444,216.466666666667
37,"F",5.13722222222222,216.466666666667
48,"M",4.82166666666667,216.483333333333
44,"F",4.98055555555556,216.483333333333
35,"F",4.98277777777778,216.483333333333
47,"M",5.05055555555556,216.483333333333
39,"F",5.08555555555556,216.5
35,"F",4.93888888888889,216.5
48,"M",5.05888888888889,216.5
47,"M",4.65722222222222,216.5
36,"F",5.04111111111111,216.5
48,"F",5.10555555555556,216.516666666667
43,"F",5.03722222222222,216.516666666667
42,"M",5.13166666666667,216.516666666667
37,"F",5.15166666666667,216.516666666667
52,"M",4.83055555555555,216.533333333333
26,"M",5.00944444444444,216.533333333333
45,"M",4.92444444444444,216.533333333333
51,"M",4.95055555555556,216.533333333333
44,"M",5.075,216.533333333333
53,"M",4.81388888888889,216.533333333333
42,"F",5.10277777777778,216.533333333333
56,"M",5.01666666666667,216.55
36,"F",5.03611111111111,216.55
55,"M",5.04944444444444,216.55
28,"M",4.93722222222222,216.566666666667
35,"F",5.00888888888889,216.566666666667
58,"M",4.96722222222222,216.566666666667
41,"F",5.11944444444444,216.566666666667
42,"F",4.99444444444444,216.583333333333
55,"M",5.09388888888889,216.583333333333
57,"M",4.93111111111111,216.583333333333
38,"F",5.01611111111111,216.583333333333
41,"M",5.20666666666667,216.583333333333
27,"F",5.03722222222222,216.583333333333
42,"F",5.10333333333333,216.583333333333
61,"M",5.11611111111111,216.583333333333
51,"M",4.91944444444445,216.6
60,"M",5.01722222222222,216.6
38,"F",5.08944444444444,216.6
51,"M",4.95888888888889,216.616666666667
37,"F",4.99055555555556,216.616666666667
52,"M",5.03555555555556,216.616666666667
24,"M",5.02,216.616666666667
35,"F",5.08277777777778,216.616666666667
25,"F",4.87666666666667,216.616666666667
34,"F",4.95111111111111,216.616666666667
29,"F",5.1,216.616666666667
42,"F",4.96111111111111,216.633333333333
51,"F",5.10444444444444,216.633333333333
56,"F",5.04388888888889,216.633333333333
28,"F",5.11222222222222,216.633333333333
34,"F",5.01666666666667,216.633333333333
26,"F",5.27222222222222,216.65
56,"M",5.06333333333333,216.65
26,"F",5.00333333333333,216.65
31,"F",5.05111111111111,216.65
44,"F",5.03111111111111,216.65
37,"F",4.95722222222222,216.65
29,"F",4.95222222222222,216.666666666667
30,"F",5.15333333333333,216.666666666667
46,"F",5.075,216.666666666667
30,"M",4.75277777777778,216.666666666667
41,"F",5.11777777777778,216.683333333333
56,"M",4.95277777777778,216.683333333333
46,"F",4.91611111111111,216.683333333333
45,"F",4.915,216.683333333333
37,"F",5.16833333333333,216.683333333333
57,"M",4.765,216.7
52,"M",4.83888888888889,216.7
42,"F",5.00222222222222,216.7
43,"F",5.14888888888889,216.7
37,"M",5.145,216.7
36,"F",5.10888888888889,216.7
26,"M",4.80833333333333,216.7
50,"F",5.01555555555556,216.716666666667
46,"F",5.18666666666667,216.716666666667
43,"F",4.95777777777778,216.716666666667
44,"F",5.13,216.716666666667
53,"F",5.06388888888889,216.716666666667
52,"M",4.93055555555556,216.733333333333
59,"M",5.00555555555556,216.733333333333
49,"F",5.03777777777778,216.733333333333
41,"M",4.79777777777778,216.75
59,"M",5.04444444444445,216.75
38,"M",4.9,216.75
18,"F",5.17833333333333,216.75
42,"M",4.91444444444444,216.75
21,"F",5.065,216.75
53,"F",5.11944444444444,216.75
32,"F",5.04222222222222,216.75
51,"F",4.97722222222222,216.766666666667
49,"F",5.01888888888889,216.766666666667
51,"M",5.02388888888889,216.766666666667
31,"F",4.94666666666667,216.766666666667
53,"M",4.86055555555556,216.766666666667
38,"F",5.11166666666667,216.766666666667
61,"M",5.05944444444444,216.766666666667
50,"M",5.12888888888889,216.766666666667
25,"F",4.99888888888889,216.783333333333
43,"F",5.09777777777778,216.783333333333
39,"F",4.975,216.783333333333
53,"M",5.00222222222222,216.783333333333
41,"M",4.96611111111111,216.783333333333
55,"M",5.08944444444444,216.8
53,"M",4.88888888888889,216.8
35,"M",4.865,216.8
48,"M",5.01166666666667,216.8
46,"F",5.11,216.8
40,"F",4.88777777777778,216.8
30,"F",5.07166666666667,216.8
51,"M",4.64833333333333,216.816666666667
46,"F",5.17777777777778,216.816666666667
52,"M",5.11555555555556,216.816666666667
27,"F",5.06444444444444,216.816666666667
56,"M",5.10111111111111,216.833333333333
41,"F",5.13111111111111,216.833333333333
41,"F",5.05277777777778,216.833333333333
28,"F",5.065,216.833333333333
47,"F",5.12611111111111,216.833333333333
40,"F",5.07833333333333,216.85
35,"M",4.83944444444444,216.85
46,"F",4.95888888888889,216.85
31,"F",5.04611111111111,216.85
41,"F",5.075,216.85
50,"F",4.91444444444444,216.85
48,"M",5.11666666666667,216.866666666667
44,"M",4.95611111111111,216.866666666667
50,"F",5.13222222222222,216.866666666667
40,"F",5.03944444444444,216.883333333333
51,"M",4.88111111111111,216.883333333333
42,"F",5.16888888888889,216.883333333333
41,"F",5.11111111111111,216.883333333333
38,"F",5.06888888888889,216.883333333333
50,"M",4.96944444444444,216.883333333333
36,"F",5.16444444444444,216.883333333333
50,"M",5.09944444444444,216.883333333333
39,"F",5.04111111111111,216.9
43,"F",5.15833333333333,216.9
53,"M",4.945,216.9
60,"M",4.92222222222222,216.9
42,"M",4.90833333333333,216.916666666667
35,"F",5.03611111111111,216.916666666667
56,"M",5.095,216.916666666667
38,"F",4.98222222222222,216.933333333333
29,"F",5.13611111111111,216.933333333333
39,"F",4.96944444444444,216.933333333333
41,"M",5.10055555555556,216.933333333333
36,"F",5.04388888888889,216.933333333333
25,"F",4.945,216.933333333333
47,"M",5.12055555555556,216.933333333333
26,"F",4.71166666666667,216.933333333333
34,"F",5.06,216.933333333333
46,"M",4.90444444444444,216.95
39,"F",5.06555555555556,216.95
46,"M",4.71666666666667,216.95
50,"M",4.94888888888889,216.95
54,"M",5,216.966666666667
34,"M",5.02333333333333,216.966666666667
41,"F",5.03111111111111,216.966666666667
37,"F",5.12888888888889,216.966666666667
46,"F",5.14,216.966666666667
40,"F",4.91666666666667,216.983333333333
55,"M",5.06833333333333,216.983333333333
38,"F",5.04277777777778,216.983333333333
28,"F",5.11111111111111,216.983333333333
51,"M",4.98944444444444,216.983333333333
51,"F",5,216.983333333333
32,"F",4.95722222222222,217
61,"M",5.14,217
50,"F",5.06555555555556,217
39,"M",4.94277777777778,217
57,"M",5.08,217
50,"M",4.99611111111111,217
45,"F",4.87277777777778,217
50,"F",5.09944444444444,217
43,"F",5.15611111111111,217
40,"M",4.91611111111111,217
25,"F",5.13555555555556,217.016666666667
43,"F",5.04111111111111,217.016666666667
35,"F",5.07388888888889,217.016666666667
44,"F",5.06222222222222,217.016666666667
43,"F",5.06166666666667,217.033333333333
30,"F",5.10666666666667,217.033333333333
34,"F",4.91,217.05
31,"F",5.07333333333333,217.05
59,"M",4.955,217.05
39,"F",5.11833333333333,217.05
33,"M",4.95,217.05
52,"M",4.99277777777778,217.05
33,"F",5.02555555555556,217.05
35,"F",4.89388888888889,217.066666666667
33,"F",4.61722222222222,217.066666666667
61,"M",4.61777777777778,217.066666666667
22,"F",4.91555555555556,217.066666666667
40,"M",4.96222222222222,217.066666666667
51,"M",4.98111111111111,217.083333333333
50,"M",5.08555555555556,217.083333333333
43,"F",5.01722222222222,217.083333333333
39,"F",5.05944444444444,217.1
43,"F",5.01555555555556,217.1
38,"F",5.05944444444444,217.1
49,"F",4.98444444444444,217.1
54,"M",5.05277777777778,217.1
57,"M",5.08388888888889,217.1
40,"F",5.04111111111111,217.1
35,"F",4.98,217.1
36,"F",4.75555555555556,217.116666666667
46,"M",5.01611111111111,217.116666666667
54,"F",5.13111111111111,217.116666666667
47,"F",5.10555555555556,217.116666666667
37,"F",5.12777777777778,217.116666666667
40,"F",5.04388888888889,217.116666666667
40,"M",5.06611111111111,217.133333333333
43,"F",5.02166666666667,217.133333333333
38,"F",5.04166666666667,217.133333333333
39,"F",4.99777777777778,217.133333333333
52,"M",4.82166666666667,217.133333333333
55,"M",5.095,217.133333333333
27,"F",5.12888888888889,217.133333333333
39,"F",4.81055555555556,217.15
43,"M",5.06888888888889,217.15
34,"M",4.81111111111111,217.15
29,"M",4.98611111111111,217.15
47,"F",5.07944444444444,217.15
46,"M",4.86833333333333,217.15
24,"F",4.95444444444444,217.166666666667
38,"F",5.13222222222222,217.166666666667
56,"M",5.03722222222222,217.166666666667
58,"M",5.09277777777778,217.166666666667
57,"M",5.13444444444444,217.166666666667
32,"F",4.99555555555556,217.166666666667
25,"F",5.04944444444444,217.166666666667
41,"M",4.87888888888889,217.183333333333
58,"M",5.11777777777778,217.183333333333
30,"F",5.06611111111111,217.183333333333
33,"F",5.02055555555556,217.183333333333
38,"F",5.05944444444444,217.2
40,"F",5.10722222222222,217.2
23,"F",4.87833333333333,217.2
36,"F",4.90055555555556,217.2
56,"M",5.03833333333333,217.2
50,"F",5.13388888888889,217.216666666667
60,"M",5.01666666666667,217.233333333333
45,"M",4.63611111111111,217.233333333333
43,"F",5.13722222222222,217.233333333333
29,"F",5.005,217.25
45,"M",4.90333333333333,217.25
46,"M",4.99944444444444,217.25
38,"M",4.67722222222222,217.25
25,"F",5.04944444444444,217.25
45,"F",5.04277777777778,217.25
21,"M",4.97388888888889,217.266666666667
45,"M",4.945,217.266666666667
59,"M",5.05055555555556,217.266666666667
38,"F",4.97611111111111,217.266666666667
41,"F",5.175,217.283333333333
36,"F",5.01333333333333,217.283333333333
33,"M",4.73333333333333,217.283333333333
52,"F",5.04777777777778,217.283333333333
52,"M",4.92333333333333,217.283333333333
41,"M",4.91333333333333,217.283333333333
40,"F",5.02611111111111,217.283333333333
62,"M",5.04,217.283333333333
48,"M",4.86166666666667,217.3
28,"F",4.98666666666667,217.3
44,"F",5.12722222222222,217.3
35,"F",5.18,217.3
54,"M",5.05611111111111,217.3
59,"M",4.99333333333333,217.3
52,"M",5.03555555555556,217.316666666667
38,"F",5.02888888888889,217.316666666667
36,"F",5.01333333333333,217.316666666667
51,"M",5.00777777777778,217.316666666667
35,"F",5.17555555555556,217.316666666667
53,"M",4.90333333333333,217.333333333333
34,"M",4.995,217.333333333333
36,"F",4.985,217.333333333333
48,"M",4.74222222222222,217.333333333333
43,"M",4.99722222222222,217.333333333333
28,"F",4.93333333333333,217.333333333333
37,"M",4.95166666666667,217.35
55,"F",5.13388888888889,217.35
45,"M",4.89222222222222,217.35
39,"F",5.09777777777778,217.35
51,"M",5.13166666666667,217.35
44,"F",5.01166666666667,217.366666666667
36,"F",5.03055555555556,217.366666666667
54,"M",5.03944444444444,217.366666666667
49,"M",4.96055555555556,217.366666666667
52,"F",5.08722222222222,217.366666666667
39,"F",4.98388888888889,217.383333333333
37,"F",5.03388888888889,217.383333333333
39,"F",5.03888888888889,217.383333333333
46,"M",4.97666666666667,217.383333333333
39,"F",4.99944444444444,217.383333333333
63,"M",5.03777777777778,217.383333333333
27,"F",5.07277777777778,217.4
52,"M",5.12944444444444,217.4
54,"M",4.97111111111111,217.4
39,"M",4.89555555555556,217.4
46,"M",5.18388888888889,217.4
39,"F",5.13166666666667,217.4
47,"F",5.17444444444444,217.4
55,"M",4.99888888888889,217.416666666667
35,"F",5.18055555555556,217.416666666667
54,"M",5.12388888888889,217.416666666667
41,"F",5.04666666666667,217.416666666667
42,"M",5.02611111111111,217.416666666667
46,"M",5.06277777777778,217.416666666667
48,"M",4.99555555555556,217.416666666667
55,"M",5.13722222222222,217.433333333333
51,"M",5.07111111111111,217.433333333333
40,"F",5.04555555555556,217.433333333333
54,"M",5.00555555555556,217.433333333333
55,"M",4.98388888888889,217.45
39,"M",5.07555555555556,217.45
42,"F",5.09833333333333,217.45
38,"F",5.06444444444444,217.45
36,"F",5.07833333333333,217.45
50,"M",4.79222222222222,217.466666666667
26,"F",4.95277777777778,217.466666666667
40,"M",5.03666666666667,217.466666666667
38,"F",4.99444444444444,217.466666666667
47,"M",4.91888888888889,217.466666666667
27,"F",5.00055555555556,217.466666666667
47,"M",4.96222222222222,217.483333333333
34,"M",5.10888888888889,217.483333333333
38,"F",5.04722222222222,217.483333333333
41,"F",4.96111111111111,217.483333333333
43,"M",5.05222222222222,217.483333333333
41,"F",5.06555555555556,217.483333333333
41,"F",5.18277777777778,217.5
40,"F",4.89944444444444,217.5
33,"F",5.00333333333333,217.516666666667
34,"F",5.00444444444444,217.516666666667
38,"M",5.19,217.516666666667
50,"F",5,217.516666666667
29,"F",5.00777777777778,217.516666666667
37,"F",4.95666666666667,217.533333333333
55,"M",5.05944444444444,217.533333333333
46,"M",4.99444444444444,217.533333333333
64,"M",5.19111111111111,217.55
50,"F",5.135,217.55
36,"F",5.03944444444444,217.55
54,"M",4.98944444444444,217.55
43,"F",5.10111111111111,217.55
47,"M",4.91388888888889,217.55
36,"F",5.11888888888889,217.55
40,"F",5.2,217.566666666667
28,"M",4.39166666666667,217.566666666667
62,"M",5.08666666666667,217.566666666667
47,"F",5.11222222222222,217.566666666667
24,"F",4.86944444444444,217.566666666667
42,"M",5.11777777777778,217.566666666667
46,"M",4.92777777777778,217.566666666667
47,"M",5,217.566666666667
54,"M",5.11777777777778,217.566666666667
40,"M",5.18666666666667,217.583333333333
54,"M",5.11055555555556,217.583333333333
48,"F",5.04222222222222,217.583333333333
44,"F",5.02166666666667,217.583333333333
48,"F",5.13277777777778,217.583333333333
42,"F",5.08,217.6
55,"M",5.02277777777778,217.6
49,"F",5.10444444444444,217.6
29,"F",4.88722222222222,217.616666666667
39,"M",5.12722222222222,217.616666666667
36,"M",4.93333333333333,217.616666666667
22,"F",4.99277777777778,217.633333333333
56,"M",5.09777777777778,217.633333333333
33,"F",5.04888888888889,217.633333333333
56,"M",4.98944444444444,217.65
49,"F",5.00777777777778,217.65
46,"M",5.13722222222222,217.65
39,"F",5.11944444444444,217.666666666667
37,"F",5.12944444444444,217.666666666667
55,"M",5.03388888888889,217.666666666667
51,"M",4.91666666666667,217.666666666667
51,"M",4.91666666666667,217.683333333333
43,"F",5.16666666666667,217.683333333333
57,"M",5.03777777777778,217.683333333333
31,"F",5.06222222222222,217.683333333333
37,"F",5.14777777777778,217.683333333333
41,"F",5.10277777777778,217.683333333333
28,"F",5.07555555555556,217.7
48,"F",5.17277777777778,217.7
36,"F",5.14388888888889,217.7
51,"M",4.69277777777778,217.7
40,"F",5.04,217.7
55,"M",5.05166666666667,217.7
58,"M",4.88111111111111,217.7
41,"F",5.13611111111111,217.716666666667
51,"F",5.15055555555556,217.716666666667
46,"M",4.96777777777778,217.716666666667
42,"F",5.13444444444444,217.733333333333
42,"F",5.06111111111111,217.733333333333
31,"F",4.89055555555556,217.733333333333
45,"F",5.02666666666667,217.75
57,"M",5.04777777777778,217.75
23,"F",5.03111111111111,217.75
50,"F",4.86888888888889,217.75
31,"M",5.09722222222222,217.75
38,"F",5.075,217.75
45,"F",5.05777777777778,217.766666666667
31,"F",4.95333333333333,217.766666666667
36,"M",5.15388888888889,217.766666666667
58,"M",5.12611111111111,217.783333333333
23,"F",5.16,217.783333333333
56,"F",5.01388888888889,217.783333333333
43,"M",5.02222222222222,217.783333333333
43,"F",5.19611111111111,217.783333333333
59,"M",4.98444444444444,217.783333333333
53,"M",5.11666666666667,217.783333333333
42,"F",5.09388888888889,217.783333333333
44,"F",5.145,217.8
38,"F",5.155,217.8
56,"M",4.95944444444444,217.8
51,"M",5.00722222222222,217.8
37,"F",4.95777777777778,217.8
47,"F",5.10944444444444,217.816666666667
53,"M",5.06333333333333,217.816666666667
27,"F",5.07777777777778,217.816666666667
46,"F",5.01277777777778,217.816666666667
28,"M",4.80388888888889,217.833333333333
57,"M",4.92722222222222,217.833333333333
31,"F",5.11166666666667,217.833333333333
64,"M",4.95777777777778,217.833333333333
50,"M",5.00722222222222,217.833333333333
55,"M",4.96111111111111,217.833333333333
58,"M",5.10166666666667,217.833333333333
41,"F",5.18666666666667,217.85
53,"M",4.90444444444444,217.85
47,"F",5.05722222222222,217.85
37,"F",5.07166666666667,217.85
55,"M",4.98222222222222,217.866666666667
34,"F",5.14666666666667,217.866666666667
41,"M",4.89388888888889,217.866666666667
36,"F",5.11388888888889,217.883333333333
55,"M",5.025,217.883333333333
54,"M",4.77166666666667,217.883333333333
35,"F",5.18555555555556,217.883333333333
22,"F",5.01111111111111,217.883333333333
39,"F",5.06,217.883333333333
39,"F",5.14388888888889,217.9
37,"M",4.86555555555556,217.916666666667
57,"M",5.21,217.916666666667
51,"M",4.83888888888889,217.916666666667
42,"F",4.94388888888889,217.916666666667
40,"M",4.99111111111111,217.916666666667
35,"F",5.09166666666667,217.916666666667
37,"M",5.09111111111111,217.916666666667
43,"F",5.07666666666667,217.916666666667
51,"F",5.08555555555556,217.933333333333
55,"F",5.13611111111111,217.95
52,"M",4.92333333333333,217.95
26,"F",4.72944444444444,217.95
44,"F",4.71777777777778,217.95
50,"M",4.955,217.966666666667
50,"M",5.125,217.966666666667
40,"F",5.15944444444444,217.966666666667
51,"M",5.07055555555556,217.966666666667
41,"F",5.215,217.966666666667
47,"F",4.98555555555556,217.966666666667
47,"F",5.145,217.966666666667
48,"F",5.03444444444444,217.966666666667
47,"M",4.92944444444444,217.966666666667
52,"M",5.07777777777778,217.983333333333
57,"M",5.08166666666667,217.983333333333
48,"F",4.93444444444444,217.983333333333
49,"M",5.10222222222222,217.983333333333
53,"F",5.05833333333333,218
45,"M",5.04833333333333,218
39,"F",5.035,218
47,"M",4.97111111111111,218
47,"M",5.04166666666667,218
27,"M",4.53444444444444,218
34,"F",5.05833333333333,218
25,"F",5.08333333333333,218.016666666667
45,"M",4.58611111111111,218.016666666667
39,"F",5.10611111111111,218.016666666667
38,"F",5.05722222222222,218.016666666667
27,"F",5.14111111111111,218.016666666667
65,"M",5.18611111111111,218.016666666667
27,"F",5.11277777777778,218.016666666667
34,"F",4.98944444444444,218.016666666667
51,"M",5.045,218.033333333333
27,"M",4.78555555555556,218.033333333333
53,"M",5.10944444444444,218.033333333333
23,"F",4.825,218.033333333333
36,"F",4.99944444444444,218.033333333333
60,"M",5.07055555555556,218.033333333333
20,"M",5.11,218.033333333333
57,"M",5.12055555555556,218.033333333333
20,"F",5.16555555555556,218.033333333333
60,"M",5.145,218.05
37,"F",5.15388888888889,218.05
40,"F",5.15388888888889,218.05
29,"F",4.83833333333333,218.05
38,"F",5.14444444444444,218.05
42,"F",5.14055555555556,218.05
51,"F",4.99222222222222,218.05
19,"M",4.85777777777778,218.05
42,"F",5.06333333333333,218.066666666667
36,"F",5.11055555555556,218.066666666667
25,"F",5.02888888888889,218.066666666667
59,"M",5.135,218.066666666667
57,"M",5.05166666666667,218.083333333333
37,"F",5.115,218.083333333333
41,"F",5.08666666666667,218.083333333333
41,"F",5.05666666666667,218.083333333333
57,"M",5.13722222222222,218.1
48,"M",4.94944444444444,218.1
47,"M",5.19333333333333,218.1
42,"F",5.10888888888889,218.1
35,"F",5.08277777777778,218.1
51,"M",5.00666666666667,218.1
41,"F",5.07055555555556,218.116666666667
56,"M",5.175,218.116666666667
33,"F",5.145,218.116666666667
37,"F",5.13833333333333,218.116666666667
47,"F",5.08555555555556,218.133333333333
55,"M",5.06277777777778,218.133333333333
42,"F",5.06333333333333,218.133333333333
43,"F",5.18666666666667,218.15
40,"F",4.84611111111111,218.15
42,"F",5.06388888888889,218.15
47,"M",4.92611111111111,218.15
21,"F",4.88222222222222,218.15
45,"M",4.65277777777778,218.15
66,"M",4.74833333333333,218.15
32,"F",5.09055555555556,218.15
46,"M",4.93666666666667,218.15
48,"F",5.14722222222222,218.15
32,"F",5.22,218.15
38,"F",5.07388888888889,218.166666666667
38,"M",4.85222222222222,218.166666666667
35,"F",5.14722222222222,218.166666666667
43,"F",5.17944444444444,218.166666666667
35,"F",5.07388888888889,218.166666666667
42,"F",5.12944444444444,218.166666666667
50,"M",4.97277777777778,218.166666666667
53,"M",5.04944444444444,218.183333333333
46,"M",5.00388888888889,218.183333333333
51,"F",5.15055555555556,218.183333333333
24,"F",5.04888888888889,218.183333333333
41,"M",4.69277777777778,218.183333333333
55,"F",5.01333333333333,218.183333333333
32,"F",5.05055555555556,218.2
35,"F",5.08944444444444,218.2
41,"F",4.99833333333333,218.2
35,"F",5.09333333333333,218.2
34,"F",4.79777777777778,218.2
50,"M",4.89388888888889,218.216666666667
42,"F",5.08444444444444,218.216666666667
45,"F",5.14388888888889,218.216666666667
54,"F",5.11666666666667,218.216666666667
51,"M",4.87166666666667,218.216666666667
49,"F",5.10555555555556,218.233333333333
40,"F",5.05944444444444,218.233333333333
51,"M",4.92611111111111,218.233333333333
45,"M",4.97444444444444,218.233333333333
51,"M",5.14944444444444,218.233333333333
36,"F",5.03555555555556,218.233333333333
41,"F",5.175,218.233333333333
50,"M",4.88277777777778,218.233333333333
25,"F",5.15111111111111,218.25
50,"F",4.96722222222222,218.25
47,"F",5.19277777777778,218.25
35,"F",4.92833333333333,218.266666666667
51,"F",4.71055555555556,218.266666666667
30,"F",4.95388888888889,218.266666666667
36,"M",5.115,218.266666666667
35,"F",5.13388888888889,218.266666666667
39,"F",5.17555555555556,218.266666666667
45,"F",5.03944444444444,218.266666666667
52,"M",4.83166666666667,218.266666666667
37,"F",5.17555555555556,218.266666666667
55,"M",5.16,218.266666666667
46,"M",4.92,218.266666666667
29,"F",4.98333333333333,218.266666666667
52,"F",5.04888888888889,218.283333333333
43,"M",4.82777777777778,218.283333333333
54,"M",5.08444444444444,218.283333333333
41,"F",5.15722222222222,218.283333333333
38,"F",5.13333333333333,218.283333333333
35,"F",5.04611111111111,218.283333333333
57,"M",5.13555555555556,218.283333333333
53,"M",4.98611111111111,218.283333333333
55,"M",5.03555555555556,218.283333333333
29,"M",4.74777777777778,218.283333333333
40,"F",5.14611111111111,218.3
31,"F",5.02444444444444,218.3
38,"F",4.64833333333333,218.3
32,"F",5.06666666666667,218.3
55,"M",5.17833333333333,218.3
46,"F",5.08944444444444,218.3
27,"F",5.02222222222222,218.3
45,"F",5.14111111111111,218.316666666667
34,"F",5.10444444444444,218.316666666667
54,"M",5.04111111111111,218.316666666667
20,"F",5.23277777777778,218.316666666667
53,"M",5.04444444444445,218.316666666667
40,"F",5.04111111111111,218.316666666667
45,"M",4.90722222222222,218.316666666667
46,"M",4.90388888888889,218.316666666667
46,"M",5.03555555555556,218.316666666667
56,"M",5.19277777777778,218.316666666667
34,"F",5.02055555555556,218.316666666667
53,"M",5.06333333333333,218.333333333333
32,"F",4.98888888888889,218.333333333333
51,"F",5.12888888888889,218.333333333333
44,"M",5.02166666666667,218.35
37,"F",5.00722222222222,218.35
48,"F",5.17166666666667,218.35
30,"F",5.12388888888889,218.35
36,"F",5.19333333333333,218.35
43,"F",5.04,218.35
36,"M",4.69611111111111,218.35
37,"F",5.01055555555556,218.35
52,"M",5.11555555555556,218.35
40,"F",5.18555555555556,218.366666666667
56,"F",5.055,218.366666666667
45,"M",4.92444444444444,218.366666666667
54,"M",4.83,218.366666666667
62,"M",5.02944444444444,218.366666666667
42,"F",5.045,218.383333333333
48,"M",4.99333333333333,218.383333333333
56,"M",5.12611111111111,218.383333333333
39,"M",4.46,218.383333333333
36,"F",4.71333333333333,218.383333333333
35,"F",5.285,218.4
39,"M",4.47111111111111,218.416666666667
39,"F",4.99722222222222,218.416666666667
44,"M",4.79555555555556,218.416666666667
53,"M",4.88055555555556,218.416666666667
26,"F",4.51666666666667,218.433333333333
26,"F",4.99222222222222,218.433333333333
46,"F",4.97111111111111,218.433333333333
38,"F",5.19222222222222,218.45
36,"F",5.15388888888889,218.45
50,"M",5.07666666666667,218.45
68,"M",5.15111111111111,218.45
48,"M",5.03777777777778,218.45
23,"F",4.84388888888889,218.45
41,"F",5.04888888888889,218.45
46,"F",5.05777777777778,218.45
28,"F",5.09777777777778,218.466666666667
50,"F",4.99111111111111,218.466666666667
24,"F",4.98555555555556,218.466666666667
43,"M",5.01666666666667,218.466666666667
55,"M",5.22833333333333,218.483333333333
48,"M",4.825,218.483333333333
53,"M",5.05,218.483333333333
39,"F",5.00222222222222,218.5
19,"F",5.07111111111111,218.5
60,"M",4.88444444444444,218.5
45,"F",5.07777777777778,218.516666666667
41,"M",5.04555555555556,218.516666666667
25,"F",4.94944444444444,218.516666666667
23,"F",4.92666666666667,218.516666666667
44,"M",4.96222222222222,218.516666666667
44,"M",5.18777777777778,218.516666666667
42,"F",5.15666666666667,218.533333333333
55,"M",4.98777777777778,218.533333333333
49,"F",5.11333333333333,218.533333333333
33,"F",5.06722222222222,218.533333333333
37,"F",5.01,218.533333333333
49,"M",4.77333333333333,218.533333333333
37,"F",5.16888888888889,218.533333333333
27,"F",4.96333333333333,218.533333333333
27,"F",5.00777777777778,218.533333333333
36,"F",5.09722222222222,218.533333333333
53,"M",5.09555555555556,218.55
30,"F",5.11333333333333,218.55
47,"F",5.00222222222222,218.55
33,"F",4.94944444444444,218.55
43,"F",5.14777777777778,218.55
52,"M",5.00111111111111,218.55
34,"F",5.07055555555556,218.566666666667
43,"F",5.12222222222222,218.566666666667
47,"F",5.10722222222222,218.583333333333
55,"M",5.12888888888889,218.583333333333
46,"M",5.01555555555556,218.583333333333
54,"M",5.00277777777778,218.583333333333
50,"F",5.14777777777778,218.6
26,"M",5.15722222222222,218.6
56,"M",5.17,218.616666666667
34,"F",5.16611111111111,218.616666666667
32,"F",5.15333333333333,218.616666666667
42,"F",5.15444444444444,218.616666666667
42,"F",5.15777777777778,218.616666666667
36,"M",5.18166666666667,218.616666666667
27,"M",4.89333333333333,218.616666666667
53,"F",5.07388888888889,218.616666666667
33,"M",5.12333333333333,218.633333333333
55,"M",4.94611111111111,218.633333333333
30,"M",4.92055555555556,218.65
51,"M",4.97111111111111,218.65
48,"F",5.04555555555556,218.65
52,"M",4.98611111111111,218.65
30,"F",4.82055555555556,218.65
48,"F",4.96,218.65
37,"F",5.10611111111111,218.666666666667
31,"F",5.03277777777778,218.666666666667
46,"M",4.86777777777778,218.666666666667
57,"M",4.98888888888889,218.666666666667
29,"M",4.73,218.666666666667
45,"F",5.11611111111111,218.666666666667
55,"M",5.01888888888889,218.683333333333
51,"F",5.08888888888889,218.683333333333
54,"M",5.11444444444444,218.683333333333
54,"M",5.11722222222222,218.7
24,"F",5.10944444444444,218.7
26,"F",5.02388888888889,218.7
43,"F",5.11888888888889,218.7
55,"M",4.77777777777778,218.716666666667
35,"F",5.11111111111111,218.716666666667
44,"F",4.99944444444444,218.716666666667
40,"F",5.07166666666667,218.716666666667
37,"M",5.10833333333333,218.716666666667
35,"F",5.10722222222222,218.716666666667
50,"M",5.00277777777778,218.716666666667
20,"F",5.03166666666667,218.716666666667
50,"M",4.85666666666667,218.716666666667
34,"F",5.04666666666667,218.716666666667
57,"M",4.92222222222222,218.733333333333
51,"M",5.07166666666667,218.733333333333
37,"F",5.16111111111111,218.733333333333
45,"M",4.93333333333333,218.733333333333
51,"F",5.22833333333333,218.733333333333
64,"M",5.13277777777778,218.75
55,"M",5.21222222222222,218.75
29,"F",4.83944444444444,218.75
55,"M",4.98222222222222,218.75
49,"M",5.21333333333333,218.75
35,"F",4.84722222222222,218.766666666667
27,"M",5.16,218.766666666667
40,"F",5.10444444444444,218.783333333333
31,"M",4.81777777777778,218.783333333333
51,"M",5.02222222222222,218.783333333333
44,"M",4.77722222222222,218.783333333333
49,"F",5.06666666666667,218.783333333333
49,"M",5.11722222222222,218.783333333333
46,"F",5.11666666666667,218.8
47,"F",5.03555555555556,218.8
43,"F",5.16166666666667,218.8
46,"M",5.15666666666667,218.8
28,"F",5.06444444444444,218.8
44,"M",5.38444444444444,218.8
50,"M",5.22111111111111,218.8
44,"F",5.15611111111111,218.8
39,"F",5.08666666666667,218.8
51,"F",5.15555555555556,218.8
31,"M",5.05166666666667,218.816666666667
42,"F",5.17666666666667,218.816666666667
55,"M",5.08888888888889,218.816666666667
34,"F",5.08277777777778,218.816666666667
35,"F",5.18722222222222,218.816666666667
46,"F",5.12611111111111,218.816666666667
55,"M",4.98111111111111,218.816666666667
49,"M",4.95888888888889,218.816666666667
37,"F",5.15666666666667,218.833333333333
55,"M",5.17222222222222,218.833333333333
51,"M",5.02444444444444,218.833333333333
55,"M",4.84722222222222,218.833333333333
40,"M",4.88333333333333,218.85
29,"F",4.995,218.85
43,"M",4.98055555555556,218.85
54,"M",4.985,218.85
38,"F",5.17,218.85
52,"M",5.15666666666667,218.866666666667
24,"M",4.98611111111111,218.866666666667
36,"F",5.06277777777778,218.866666666667
46,"F",5.08666666666667,218.866666666667
52,"M",4.97666666666667,218.866666666667
52,"F",5.09888888888889,218.866666666667
29,"F",5.15833333333333,218.866666666667
57,"M",5.15722222222222,218.883333333333
42,"F",5.08388888888889,218.883333333333
45,"F",5.15277777777778,218.883333333333
30,"F",5.03222222222222,218.883333333333
22,"M",4.75166666666667,218.9
29,"M",5.17388888888889,218.9
50,"M",5.08222222222222,218.916666666667
30,"F",4.985,218.916666666667
50,"M",5.10777777777778,218.916666666667
37,"M",4.75166666666667,218.916666666667
45,"M",5.09166666666667,218.933333333333
43,"M",4.95944444444444,218.933333333333
54,"M",5.06666666666667,218.933333333333
34,"F",5.04166666666667,218.933333333333
38,"F",5.03555555555556,218.933333333333
58,"M",5.15833333333333,218.933333333333
41,"F",5.14111111111111,218.95
35,"F",5.09555555555556,218.95
53,"M",4.91944444444445,218.95
30,"M",5.19833333333333,218.95
39,"F",4.96611111111111,218.95
25,"F",4.97166666666667,218.95
33,"F",5.12555555555556,218.95
62,"M",5.08666666666667,218.95
50,"M",5.16666666666667,218.95
47,"F",5.05222222222222,218.95
63,"M",5.15111111111111,218.95
27,"F",5.12777777777778,218.966666666667
32,"F",5.08611111111111,218.966666666667
51,"M",4.99166666666667,218.966666666667
55,"M",5.09222222222222,218.966666666667
42,"F",4.99,218.966666666667
49,"M",5.15722222222222,218.983333333333
46,"F",5.10944444444444,218.983333333333
40,"M",5.135,218.983333333333
56,"M",5.12555555555556,219
22,"F",5.13555555555556,219
51,"M",4.93722222222222,219
47,"F",5.08333333333333,219
33,"F",5.15888888888889,219.016666666667
46,"F",5.06,219.016666666667
29,"F",5.06611111111111,219.016666666667
24,"F",5.18555555555556,219.016666666667
48,"M",5.13944444444444,219.016666666667
46,"M",4.90777777777778,219.016666666667
23,"F",4.995,219.016666666667
25,"F",5.14166666666667,219.016666666667
45,"F",5.11333333333333,219.016666666667
46,"F",5.01388888888889,219.016666666667
50,"F",5.23055555555556,219.016666666667
32,"F",4.90944444444444,219.033333333333
50,"M",5.14166666666667,219.033333333333
30,"F",5.07722222222222,219.033333333333
28,"F",5.10111111111111,219.05
36,"F",5.20611111111111,219.05
53,"F",5.14222222222222,219.05
26,"F",5.025,219.05
55,"M",4.825,219.05
43,"F",5.16666666666667,219.05
39,"F",5.14777777777778,219.05
54,"M",4.97111111111111,219.066666666667
59,"M",5.05277777777778,219.066666666667
39,"F",4.97166666666667,219.066666666667
47,"F",4.96055555555556,219.083333333333
50,"F",5.04222222222222,219.083333333333
28,"F",5.05833333333333,219.083333333333
19,"F",4.90944444444444,219.083333333333
52,"F",5.16722222222222,219.083333333333
35,"F",5.12611111111111,219.083333333333
38,"M",5.04277777777778,219.083333333333
49,"F",5.08888888888889,219.083333333333
27,"M",5.34055555555556,219.083333333333
48,"F",5.09944444444444,219.1
40,"M",5.03944444444444,219.1
46,"F",5.06222222222222,219.1
60,"M",5.25888888888889,219.1
55,"M",4.85944444444444,219.1
38,"F",5.08666666666667,219.116666666667
28,"F",5.16,219.116666666667
29,"F",5.04944444444444,219.116666666667
54,"M",5.11166666666667,219.116666666667
40,"F",5.14111111111111,219.133333333333
46,"M",5.21166666666667,219.133333333333
55,"M",5.18444444444444,219.133333333333
40,"F",4.97444444444444,219.133333333333
45,"M",4.88833333333333,219.133333333333
29,"F",5.045,219.133333333333
60,"M",4.99666666666667,219.15
26,"M",4.16055555555556,219.15
53,"F",5.07555555555556,219.15
52,"M",4.98166666666667,219.15
33,"F",5.21944444444444,219.15
31,"F",5.09055555555556,219.15
60,"M",5.13555555555556,219.15
23,"F",4.80944444444444,219.166666666667
42,"F",5.14666666666667,219.166666666667
45,"M",4.95833333333333,219.166666666667
40,"F",5.00944444444444,219.166666666667
56,"M",5.12722222222222,219.183333333333
41,"F",5.19222222222222,219.183333333333
45,"M",5.35111111111111,219.183333333333
55,"F",5.16833333333333,219.183333333333
38,"F",5.15666666666667,219.183333333333
46,"M",4.76611111111111,219.2
34,"F",5.18055555555556,219.2
55,"M",5.03,219.216666666667
40,"F",5.17222222222222,219.216666666667
44,"F",5.03,219.216666666667
33,"F",4.955,219.216666666667
36,"F",5.11,219.216666666667
29,"F",5.07833333333333,219.216666666667
38,"F",5.02666666666667,219.216666666667
45,"F",4.73722222222222,219.216666666667
55,"M",4.99055555555556,219.233333333333
52,"F",5.04833333333333,219.233333333333
40,"M",4.79555555555556,219.25
52,"M",5.07611111111111,219.25
40,"F",5.18888888888889,219.25
27,"F",5.08611111111111,219.25
36,"F",5.15944444444444,219.25
48,"M",5.01666666666667,219.25
35,"M",4.60222222222222,219.266666666667
51,"M",4.81277777777778,219.266666666667
29,"F",5.205,219.266666666667
32,"F",5.06277777777778,219.266666666667
49,"F",5.16333333333333,219.266666666667
42,"F",4.96611111111111,219.266666666667
38,"F",5.04222222222222,219.266666666667
52,"M",4.99944444444444,219.266666666667
52,"M",5.11555555555556,219.266666666667
62,"M",5.00222222222222,219.283333333333
41,"M",5.02277777777778,219.283333333333
36,"F",4.95888888888889,219.283333333333
41,"M",4.78666666666667,219.283333333333
48,"M",4.98611111111111,219.283333333333
48,"F",5.15055555555556,219.283333333333
37,"F",5.09611111111111,219.283333333333
44,"F",5.03222222222222,219.283333333333
37,"F",4.52777777777778,219.283333333333
50,"M",5.06055555555556,219.3
55,"M",5.16666666666667,219.3
31,"F",5.15944444444444,219.3
37,"F",5.11222222222222,219.3
47,"M",5.08388888888889,219.316666666667
57,"M",5.07055555555556,219.316666666667
55,"M",5.105,219.316666666667
37,"M",4.98277777777778,219.316666666667
54,"M",5.03666666666667,219.316666666667
26,"F",5.03111111111111,219.333333333333
51,"M",4.86055555555556,219.333333333333
52,"M",5.12555555555556,219.333333333333
30,"F",5.05,219.333333333333
52,"M",4.89055555555556,219.333333333333
28,"F",4.955,219.333333333333
23,"M",5.17,219.333333333333
28,"F",5.00333333333333,219.333333333333
36,"M",4.91166666666667,219.333333333333
47,"M",5.13888888888889,219.333333333333
26,"M",5.00333333333333,219.333333333333
43,"F",5.18611111111111,219.333333333333
45,"M",5.10333333333333,219.333333333333
26,"M",5.00388888888889,219.35
42,"F",5.16611111111111,219.35
48,"F",5.12277777777778,219.35
43,"F",5.08333333333333,219.35
25,"F",5.16555555555556,219.35
31,"F",5.18333333333333,219.383333333333
55,"M",5.1,219.383333333333
56,"M",5.23222222222222,219.383333333333
45,"M",4.96611111111111,219.383333333333
61,"M",5.10222222222222,219.4
44,"F",5.21833333333333,219.4
30,"F",5.19555555555556,219.4
56,"M",5.115,219.416666666667
49,"F",4.81888888888889,219.416666666667
37,"F",5.20388888888889,219.416666666667
57,"M",5.09444444444444,219.416666666667
25,"F",5.12611111111111,219.416666666667
37,"F",5.01888888888889,219.433333333333
47,"F",5.02,219.433333333333
57,"M",5.05611111111111,219.433333333333
45,"F",5.12666666666667,219.433333333333
53,"M",5.06611111111111,219.45
41,"F",5.15222222222222,219.45
49,"M",5.20222222222222,219.45
47,"F",5.14611111111111,219.45
49,"M",4.83222222222222,219.45
40,"F",5.17055555555556,219.45
55,"F",5.15722222222222,219.45
32,"F",4.85,219.466666666667
20,"F",5.19833333333333,219.466666666667
37,"F",5.16555555555556,219.483333333333
55,"M",5.17388888888889,219.483333333333
51,"M",5.07666666666667,219.483333333333
35,"F",5.11222222222222,219.483333333333
57,"M",5.06611111111111,219.483333333333
37,"F",5.19555555555556,219.483333333333
29,"F",5.15277777777778,219.483333333333
26,"F",5.15388888888889,219.483333333333
40,"F",5.10055555555556,219.483333333333
62,"M",5.07944444444444,219.483333333333
27,"F",4.95722222222222,219.483333333333
49,"F",5.15055555555556,219.483333333333
32,"M",5.05777777777778,219.5
26,"F",4.92,219.5
46,"F",5.17888888888889,219.5
54,"M",4.93833333333333,219.516666666667
41,"F",5.22555555555556,219.516666666667
26,"F",5.04611111111111,219.516666666667
46,"F",5.20611111111111,219.516666666667
43,"F",5.09055555555556,219.516666666667
23,"F",5.06722222222222,219.516666666667
44,"F",5.24555555555556,219.516666666667
41,"F",5.10222222222222,219.533333333333
49,"F",5.05722222222222,219.533333333333
55,"M",4.98888888888889,219.533333333333
50,"M",4.90833333333333,219.533333333333
55,"M",5.04611111111111,219.533333333333
37,"F",5.18833333333333,219.533333333333
36,"F",5.18833333333333,219.55
49,"F",5.27722222222222,219.55
56,"M",5.21111111111111,219.55
40,"F",5.25388888888889,219.566666666667
23,"M",5.25888888888889,219.566666666667
43,"F",5.20555555555555,219.566666666667
20,"M",5.04333333333333,219.566666666667
67,"F",4.93666666666667,219.566666666667
50,"M",4.90944444444444,219.583333333333
21,"F",4.91833333333333,219.583333333333
63,"M",5.11111111111111,219.583333333333
34,"M",4.87722222222222,219.583333333333
38,"F",5.08055555555555,219.583333333333
26,"M",5.09722222222222,219.583333333333
55,"M",5.12222222222222,219.583333333333
56,"M",5.03277777777778,219.583333333333
55,"M",5.05888888888889,219.6
53,"F",5.17722222222222,219.6
43,"F",5.18388888888889,219.6
59,"M",5.08833333333333,219.6
42,"F",5.09166666666667,219.6
41,"F",5.13722222222222,219.6
45,"F",5.17722222222222,219.6
32,"F",5.13388888888889,219.6
39,"F",5.05611111111111,219.616666666667
39,"F",5.18833333333333,219.616666666667
37,"F",4.88055555555556,219.616666666667
27,"F",5.23444444444444,219.616666666667
40,"M",5.00666666666667,219.633333333333
38,"F",5.17055555555556,219.633333333333
60,"F",5.13888888888889,219.633333333333
55,"M",5.11888888888889,219.633333333333
50,"M",4.95444444444444,219.633333333333
35,"F",5.19,219.65
56,"M",5.08666666666667,219.65
27,"F",5.03333333333333,219.65
27,"F",5.01944444444444,219.666666666667
55,"M",5.08055555555555,219.666666666667
45,"M",5.19222222222222,219.666666666667
52,"F",4.98555555555556,219.666666666667
26,"F",4.94111111111111,219.666666666667
36,"F",5.12222222222222,219.666666666667
49,"F",5.13888888888889,219.683333333333
42,"M",5.00055555555556,219.683333333333
44,"F",5.16166666666667,219.683333333333
37,"F",5.04111111111111,219.683333333333
38,"F",4.935,219.683333333333
26,"M",4.96277777777778,219.7
27,"M",5.25,219.7
37,"F",5.12444444444444,219.7
25,"F",4.96277777777778,219.7
52,"M",5.01055555555556,219.7
56,"M",5.02333333333333,219.7
32,"F",5.19,219.7
36,"F",5.02944444444444,219.716666666667
55,"M",4.80888888888889,219.716666666667
35,"F",5.09944444444444,219.716666666667
34,"F",5.03277777777778,219.716666666667
40,"M",5.23277777777778,219.733333333333
44,"F",5.10055555555556,219.733333333333
37,"F",5.17444444444444,219.733333333333
25,"F",4.705,219.733333333333
38,"M",4.76277777777778,219.733333333333
34,"M",5.14055555555556,219.733333333333
53,"M",5.12722222222222,219.75
37,"F",5.16555555555556,219.75
46,"F",5.17611111111111,219.75
29,"F",4.98388888888889,219.75
47,"F",5.29111111111111,219.75
33,"M",4.95333333333333,219.75
41,"F",5.16777777777778,219.766666666667
50,"F",5.25888888888889,219.766666666667
58,"M",5.075,219.766666666667
52,"M",5.07777777777778,219.766666666667
52,"F",5.12222222222222,219.783333333333
61,"M",4.96166666666667,219.783333333333
54,"F",5.23055555555556,219.783333333333
50,"M",5.08888888888889,219.783333333333
46,"F",5.06888888888889,219.8
56,"M",5.055,219.8
31,"F",5.15833333333333,219.8
32,"F",5.15777777777778,219.8
27,"F",5.15833333333333,219.8
50,"M",4.99555555555556,219.8
53,"M",5.00666666666667,219.8
34,"F",5.01666666666667,219.8
34,"F",5.12222222222222,219.816666666667
61,"M",5.105,219.816666666667
61,"M",5.14111111111111,219.816666666667
46,"M",4.95,219.833333333333
50,"F",5.07333333333333,219.833333333333
53,"M",5.15777777777778,219.833333333333
40,"M",4.95277777777778,219.833333333333
26,"F",5.22944444444444,219.833333333333
45,"M",5.07277777777778,219.85
41,"M",5.25,219.85
54,"M",4.94055555555556,219.85
36,"F",5.07277777777778,219.85
45,"F",5.16388888888889,219.85
50,"M",4.99166666666667,219.866666666667
41,"F",5.20222222222222,219.883333333333
42,"F",5.20333333333333,219.883333333333
36,"M",5.095,219.883333333333
49,"F",5.12277777777778,219.883333333333
40,"F",5.04055555555556,219.883333333333
37,"F",5.01,219.883333333333
38,"F",4.96055555555556,219.883333333333
53,"M",5.02166666666667,219.9
27,"F",4.725,219.9
31,"F",4.91333333333333,219.9
54,"F",5.04333333333333,219.916666666667
38,"M",4.75055555555556,219.916666666667
50,"M",5.09166666666667,219.916666666667
40,"F",5.07388888888889,219.916666666667
39,"F",5.19666666666667,219.916666666667
50,"M",4.82833333333333,219.933333333333
27,"F",5.12833333333333,219.933333333333
29,"F",5.08888888888889,219.933333333333
54,"M",5.16222222222222,219.933333333333
63,"M",5.07333333333333,219.933333333333
42,"F",5.21277777777778,219.933333333333
49,"F",5.00166666666667,219.95
58,"M",5.15888888888889,219.95
56,"M",5.28888888888889,219.95
43,"F",5.26222222222222,219.95
27,"F",5.10777777777778,219.95
32,"M",5.10722222222222,219.95
28,"F",5.09222222222222,219.95
44,"M",4.83222222222222,219.966666666667
33,"M",5.20222222222222,219.966666666667
24,"F",5.03388888888889,219.966666666667
50,"F",5.11111111111111,219.966666666667
28,"F",4.99611111111111,219.966666666667
24,"F",5.17388888888889,219.983333333333
41,"F",5.26222222222222,219.983333333333
43,"M",4.76833333333333,219.983333333333
48,"F",5.06111111111111,219.983333333333
49,"M",5.02722222222222,219.983333333333
42,"F",4.85277777777778,220
31,"F",5.02722222222222,220
40,"M",4.71555555555556,220
24,"F",5.14888888888889,220
56,"M",5.24611111111111,220
40,"M",5.22777777777778,220
50,"M",5.13944444444444,220
56,"M",4.98388888888889,220
33,"F",5.29277777777778,220.016666666667
41,"F",5.04722222222222,220.016666666667
48,"F",4.94555555555556,220.016666666667
46,"F",5.21388888888889,220.016666666667
40,"F",5.055,220.016666666667
28,"F",4.91722222222222,220.033333333333
41,"F",5.25055555555556,220.033333333333
43,"F",5.20555555555555,220.033333333333
43,"F",5.05777777777778,220.033333333333
19,"F",5.10444444444444,220.033333333333
33,"F",5.06722222222222,220.033333333333
54,"M",5.08222222222222,220.033333333333
55,"M",5.04,220.033333333333
40,"F",5.15611111111111,220.033333333333
49,"M",4.95944444444444,220.05
46,"M",4.80277777777778,220.05
60,"M",5.08888888888889,220.05
59,"M",5.04222222222222,220.05
54,"M",4.96,220.066666666667
37,"F",5.14,220.066666666667
32,"F",5.16,220.066666666667
43,"M",4.97277777777778,220.066666666667
46,"M",4.97222222222222,220.066666666667
46,"F",5.24944444444444,220.066666666667
40,"F",5.16777777777778,220.066666666667
70,"M",4.98166666666667,220.066666666667
40,"F",5.09388888888889,220.066666666667
26,"M",4.40722222222222,220.083333333333
35,"F",5.12833333333333,220.083333333333
58,"M",5.12277777777778,220.083333333333
52,"M",4.87388888888889,220.083333333333
38,"F",5.17388888888889,220.1
56,"M",5.03888888888889,220.1
42,"F",5.12444444444444,220.1
39,"F",5.225,220.1
36,"F",5.09055555555556,220.1
23,"M",5.14333333333333,220.1
45,"F",5.21166666666667,220.116666666667
47,"M",5.045,220.116666666667
27,"F",5.18555555555556,220.116666666667
27,"M",5.05277777777778,220.116666666667
45,"F",5.25111111111111,220.116666666667
46,"F",5.12222222222222,220.116666666667
36,"M",5.09055555555556,220.133333333333
41,"F",5.18277777777778,220.133333333333
59,"M",5.075,220.133333333333
50,"F",5.32333333333333,220.133333333333
37,"M",4.70222222222222,220.133333333333
46,"F",5.135,220.133333333333
36,"F",5.085,220.133333333333
49,"F",5.12222222222222,220.133333333333
36,"F",4.76222222222222,220.133333333333
52,"M",5.03444444444444,220.133333333333
24,"F",5.09555555555556,220.133333333333
41,"F",5.02666666666667,220.15
48,"M",5.18833333333333,220.15
51,"M",5.00555555555556,220.15
46,"M",4.95944444444444,220.15
40,"F",5.22166666666667,220.15
52,"M",5.07944444444444,220.166666666667
53,"F",5.13222222222222,220.166666666667
29,"F",5.21611111111111,220.166666666667
54,"M",4.96388888888889,220.166666666667
38,"F",5.10055555555556,220.166666666667
43,"F",5.10055555555556,220.166666666667
38,"F",5.19833333333333,220.183333333333
58,"F",5.16,220.183333333333
51,"F",5.16444444444444,220.183333333333
43,"F",5.13555555555556,220.183333333333
27,"F",5.20055555555556,220.183333333333
31,"M",5.17055555555556,220.183333333333
64,"F",5.25,220.2
52,"M",5.13722222222222,220.2
50,"F",5.17777777777778,220.2
46,"M",5.13222222222222,220.2
27,"F",4.97944444444444,220.2
39,"F",5.12888888888889,220.2
59,"M",5.13555555555556,220.2
58,"F",5.15333333333333,220.2
52,"M",4.98333333333333,220.2
57,"M",5.10833333333333,220.2
48,"M",5.07222222222222,220.2
22,"F",5.025,220.2
44,"F",5.05611111111111,220.2
40,"M",5.18666666666667,220.2
48,"F",5.18277777777778,220.2
41,"M",5.07388888888889,220.216666666667
51,"F",5.24944444444444,220.216666666667
46,"F",5.27055555555556,220.216666666667
36,"F",5.14555555555556,220.233333333333
40,"F",4.845,220.233333333333
29,"M",5.15333333333333,220.233333333333
40,"F",5.08722222222222,220.233333333333
54,"F",5.13777777777778,220.233333333333
41,"F",5.00222222222222,220.233333333333
56,"F",4.985,220.233333333333
50,"M",5.01,220.25
51,"F",5.15333333333333,220.25
33,"F",5.01944444444444,220.25
55,"F",5.19277777777778,220.25
70,"M",5.235,220.25
53,"M",5.17,220.266666666667
58,"M",5.00166666666667,220.266666666667
40,"F",5.20222222222222,220.283333333333
54,"M",5.13555555555556,220.283333333333
25,"F",5.00222222222222,220.283333333333
53,"F",5.13055555555556,220.3
30,"F",5.13833333333333,220.3
45,"F",5.18833333333333,220.3
55,"M",5.18222222222222,220.3
45,"F",5.18444444444444,220.316666666667
51,"M",5.045,220.316666666667
48,"F",5.17277777777778,220.316666666667
26,"F",5.14166666666667,220.316666666667
56,"M",5.14666666666667,220.316666666667
43,"F",5.17111111111111,220.316666666667
48,"M",5.16166666666667,220.316666666667
54,"M",5.13555555555556,220.316666666667
46,"M",4.84611111111111,220.316666666667
50,"M",5.17055555555556,220.333333333333
42,"F",5.20388888888889,220.333333333333
45,"M",5.19388888888889,220.333333333333
31,"F",5.16611111111111,220.333333333333
40,"F",5.10944444444444,220.333333333333
54,"F",5.03944444444444,220.333333333333
46,"M",4.795,220.333333333333
62,"M",5.19444444444444,220.35
44,"F",4.99055555555556,220.35
32,"M",4.50277777777778,220.35
42,"F",5.19388888888889,220.35
45,"F",5.16833333333333,220.35
38,"F",5.09944444444444,220.366666666667
39,"F",5.11,220.366666666667
22,"F",5.065,220.366666666667
62,"M",5.13722222222222,220.366666666667
29,"F",5.09222222222222,220.366666666667
36,"F",5.10666666666667,220.366666666667
33,"F",5.01833333333333,220.366666666667
46,"F",4.94333333333333,220.366666666667
55,"M",5.04611111111111,220.366666666667
62,"M",5.14277777777778,220.383333333333
58,"M",5.07,220.383333333333
45,"F",5.29444444444445,220.383333333333
58,"M",5.22722222222222,220.383333333333
59,"M",5.08388888888889,220.4
57,"M",5.11944444444444,220.4
53,"F",5.22777777777778,220.4
33,"F",5.12055555555556,220.4
50,"F",5.16666666666667,220.4
50,"M",5.02555555555556,220.4
29,"F",5.07722222222222,220.4
29,"F",5.21555555555556,220.4
29,"F",5.20666666666667,220.4
49,"M",5.09166666666667,220.4
45,"F",5.20722222222222,220.416666666667
42,"M",5.03444444444444,220.416666666667
49,"F",5.08277777777778,220.433333333333
27,"M",5.26944444444444,220.433333333333
46,"F",5.17055555555556,220.433333333333
55,"M",5.04555555555556,220.433333333333
57,"M",5.22833333333333,220.433333333333
42,"F",5.20777777777778,220.45
41,"M",4.97333333333333,220.45
44,"F",5.17722222222222,220.45
43,"F",5.18444444444444,220.45
38,"F",4.95111111111111,220.45
24,"F",5.10277777777778,220.45
29,"F",4.97388888888889,220.45
46,"F",5.18666666666667,220.45
50,"M",5.08222222222222,220.45
34,"F",4.995,220.45
41,"F",5.07277777777778,220.45
33,"F",5.20333333333333,220.45
50,"F",5.22444444444444,220.466666666667
37,"F",4.97888888888889,220.466666666667
25,"F",5.21111111111111,220.466666666667
55,"F",5.035,220.466666666667
45,"M",4.89388888888889,220.466666666667
45,"M",5.07055555555556,220.483333333333
57,"M",4.86166666666667,220.483333333333
33,"M",5.25055555555556,220.483333333333
39,"M",5.11444444444444,220.483333333333
52,"M",4.88444444444444,220.483333333333
45,"F",5.15388888888889,220.483333333333
51,"M",5.09611111111111,220.483333333333
36,"F",5.12944444444444,220.5
34,"F",5.07222222222222,220.5
26,"F",5.135,220.5
31,"M",5.23222222222222,220.516666666667
37,"F",5.17166666666667,220.516666666667
41,"F",5.13722222222222,220.516666666667
42,"M",4.69833333333333,220.516666666667
26,"F",5.20388888888889,220.516666666667
55,"F",5.14722222222222,220.533333333333
52,"M",5.05333333333333,220.55
47,"M",4.78055555555556,220.55
45,"F",5.24,220.55
33,"F",5.225,220.55
41,"F",5.04611111111111,220.55
50,"M",4.92388888888889,220.55
52,"F",5.15277777777778,220.566666666667
34,"M",5.12555555555556,220.566666666667
32,"F",5.12722222222222,220.566666666667
45,"F",5.06555555555556,220.566666666667
28,"F",5.16944444444445,220.566666666667
39,"F",5.13888888888889,220.566666666667
41,"F",5.19388888888889,220.583333333333
39,"F",5.05166666666667,220.583333333333
42,"F",5.21888888888889,220.583333333333
37,"F",5.17333333333333,220.583333333333
41,"M",5.20833333333333,220.6
31,"F",5.17833333333333,220.6
47,"M",5.31055555555556,220.6
57,"M",5.16555555555556,220.6
42,"F",5.13944444444444,220.6
26,"F",5.07666666666667,220.6
34,"F",5.29611111111111,220.616666666667
57,"M",5.02277777777778,220.616666666667
44,"F",5.18222222222222,220.616666666667
35,"F",5.03277777777778,220.633333333333
40,"F",5.20333333333333,220.633333333333
26,"F",5.07277777777778,220.633333333333
22,"F",5.10277777777778,220.633333333333
49,"F",5.16333333333333,220.633333333333
41,"F",5.17222222222222,220.633333333333
35,"F",5,220.633333333333
51,"M",5.14111111111111,220.633333333333
56,"M",5.19388888888889,220.633333333333
55,"M",5.15055555555556,220.65
33,"F",5.06277777777778,220.65
28,"F",4.65666666666667,220.666666666667
45,"M",5.20777777777778,220.666666666667
33,"F",5.02833333333333,220.666666666667
46,"F",5.15888888888889,220.666666666667
44,"F",5.24666666666667,220.666666666667
58,"M",5.09944444444444,220.683333333333
45,"F",5.25388888888889,220.683333333333
23,"F",5.11,220.683333333333
38,"M",4.96277777777778,220.683333333333
33,"F",5.14944444444444,220.683333333333
53,"M",5.08944444444444,220.683333333333
24,"F",5.26555555555556,220.683333333333
41,"F",5.22611111111111,220.7
46,"M",5.10166666666667,220.7
54,"M",4.98722222222222,220.7
67,"M",5.09611111111111,220.7
28,"F",4.96388888888889,220.7
38,"F",5.005,220.716666666667
40,"F",5.07388888888889,220.716666666667
30,"M",4.98777777777778,220.716666666667
42,"M",5.07333333333333,220.716666666667
41,"F",5.29555555555556,220.716666666667
53,"M",5.17611111111111,220.716666666667
46,"M",4.93944444444444,220.716666666667
40,"F",5.22277777777778,220.716666666667
45,"M",5.09,220.716666666667
49,"M",4.98,220.733333333333
49,"M",4.79333333333333,220.733333333333
56,"M",4.98,220.733333333333
45,"M",4.90277777777778,220.733333333333
34,"F",5.07777777777778,220.733333333333
27,"F",4.75666666666667,220.733333333333
43,"M",5.10444444444444,220.733333333333
35,"F",5.11333333333333,220.75
45,"M",4.92388888888889,220.75
57,"M",5.08277777777778,220.75
37,"F",5.06277777777778,220.75
47,"F",5.24222222222222,220.75
59,"M",5.19388888888889,220.766666666667
56,"M",5.31388888888889,220.766666666667
40,"F",5.22055555555556,220.766666666667
41,"F",5.225,220.766666666667
42,"F",5.24611111111111,220.766666666667
32,"F",5.28,220.766666666667
49,"M",5.14722222222222,220.766666666667
51,"F",5.22888888888889,220.766666666667
42,"M",4.88944444444444,220.783333333333
51,"M",5.02777777777778,220.783333333333
55,"M",5.04722222222222,220.8
45,"M",5.17055555555556,220.8
41,"F",5.01611111111111,220.8
40,"F",4.85222222222222,220.8
55,"M",5.03111111111111,220.8
45,"F",5.08333333333333,220.816666666667
43,"F",5.06944444444444,220.816666666667
51,"F",4.97166666666667,220.816666666667
45,"M",5.07833333333333,220.833333333333
53,"M",5.19333333333333,220.833333333333
43,"M",5.07833333333333,220.833333333333
46,"F",5.05944444444444,220.833333333333
28,"F",5.12333333333333,220.833333333333
24,"F",5.07,220.833333333333
42,"F",5.21222222222222,220.833333333333
44,"F",5.16833333333333,220.833333333333
59,"M",5.04444444444445,220.833333333333
24,"F",5.00222222222222,220.833333333333
50,"M",5.14666666666667,220.85
31,"F",5.00833333333333,220.85
25,"F",4.93444444444444,220.85
40,"M",4.77555555555556,220.85
58,"M",4.82666666666667,220.85
39,"F",5.16888888888889,220.85
46,"F",5.18944444444444,220.85
35,"F",5.00722222222222,220.866666666667
45,"F",5.21166666666667,220.866666666667
41,"F",5.09333333333333,220.866666666667
46,"F",5.01388888888889,220.866666666667
26,"F",5.07111111111111,220.866666666667
59,"M",5.01777777777778,220.866666666667
38,"F",5.055,220.866666666667
31,"F",5.21777777777778,220.883333333333
36,"F",5.11055555555556,220.883333333333
38,"F",5.15,220.9
45,"F",5.15055555555556,220.9
40,"F",5.14166666666667,220.9
48,"F",5.17166666666667,220.9
55,"M",5.12611111111111,220.916666666667
59,"M",5.06888888888889,220.916666666667
42,"F",5.22444444444444,220.916666666667
35,"F",5.09777777777778,220.916666666667
48,"F",5.10555555555556,220.916666666667
38,"F",5.15777777777778,220.916666666667
28,"F",5.11722222222222,220.916666666667
53,"M",5.07666666666667,220.916666666667
41,"F",5.22111111111111,220.916666666667
53,"F",5.19166666666667,220.916666666667
35,"F",5.06611111111111,220.916666666667
47,"M",5.10111111111111,220.916666666667
41,"F",5.22944444444444,220.933333333333
66,"M",5.165,220.95
36,"F",5.22833333333333,220.95
21,"M",4.98444444444444,220.95
23,"M",5.28388888888889,220.966666666667
25,"M",5.07777777777778,220.966666666667
39,"F",5.18277777777778,220.966666666667
51,"M",5.12,220.983333333333
63,"M",4.94166666666667,220.983333333333
53,"M",5.15944444444444,220.983333333333
51,"M",5.21111111111111,220.983333333333
56,"M",5.18111111111111,220.983333333333
47,"M",5.15277777777778,221
33,"F",5.04055555555556,221
49,"F",5.22888888888889,221
43,"F",5.21666666666667,221.016666666667
56,"M",4.95777777777778,221.016666666667
52,"M",5.05666666666667,221.016666666667
57,"M",4.90055555555556,221.016666666667
32,"M",5.10222222222222,221.033333333333
60,"M",5.07444444444444,221.033333333333
47,"F",5.185,221.033333333333
33,"M",5.10222222222222,221.033333333333
45,"F",5.24666666666667,221.033333333333
27,"F",5.25388888888889,221.033333333333
42,"M",4.86,221.033333333333
50,"M",5.31,221.033333333333
47,"M",4.70388888888889,221.033333333333
52,"M",5.01888888888889,221.033333333333
45,"M",5.04333333333333,221.033333333333
38,"F",5.20166666666667,221.05
34,"M",4.90555555555556,221.05
61,"M",5.03944444444444,221.05
37,"F",5.06,221.066666666667
48,"M",4.98611111111111,221.066666666667
39,"M",5.29833333333333,221.066666666667
23,"F",5.14388888888889,221.066666666667
56,"M",5.22555555555556,221.083333333333
46,"F",5.20722222222222,221.083333333333
24,"F",5.18111111111111,221.083333333333
54,"M",5.03277777777778,221.083333333333
37,"F",5.17833333333333,221.1
51,"M",5.09666666666667,221.1
36,"F",5.17277777777778,221.1
56,"M",5.11888888888889,221.1
42,"F",5.08,221.1
58,"M",5.20555555555555,221.1
59,"M",5.09055555555556,221.116666666667
57,"F",5.07333333333333,221.116666666667
32,"M",5.09277777777778,221.116666666667
40,"F",5.03333333333333,221.116666666667
43,"F",5.18555555555556,221.116666666667
46,"M",5.01611111111111,221.116666666667
41,"M",4.40222222222222,221.116666666667
52,"M",5.18666666666667,221.116666666667
40,"F",5.14111111111111,221.133333333333
38,"F",5.23944444444444,221.133333333333
55,"F",5.205,221.133333333333
50,"M",5.05166666666667,221.133333333333
36,"F",5.23722222222222,221.133333333333
58,"M",5.12666666666667,221.133333333333
28,"F",5.105,221.15
56,"M",4.99388888888889,221.15
26,"F",4.945,221.15
57,"M",5.20222222222222,221.15
42,"F",5.16666666666667,221.15
43,"F",5.08777777777778,221.15
46,"M",5.05666666666667,221.166666666667
41,"F",5.22222222222222,221.166666666667
26,"F",5.08444444444444,221.166666666667
46,"F",5.15111111111111,221.183333333333
46,"F",5.23388888888889,221.183333333333
37,"F",5.17055555555556,221.183333333333
45,"M",4.89222222222222,221.2
42,"F",5.20222222222222,221.2
49,"F",5.28666666666667,221.2
45,"F",5.15444444444444,221.216666666667
44,"F",4.95833333333333,221.216666666667
49,"F",5.02722222222222,221.216666666667
42,"F",5.19777777777778,221.216666666667
45,"F",5.18222222222222,221.216666666667
49,"M",5.15444444444444,221.216666666667
48,"M",5.18333333333333,221.233333333333
37,"M",4.80333333333333,221.233333333333
44,"M",4.72888888888889,221.25
39,"F",4.96833333333333,221.25
47,"F",5.25722222222222,221.25
65,"M",5.03277777777778,221.266666666667
50,"M",4.93055555555556,221.266666666667
28,"M",5.165,221.266666666667
49,"F",5.12611111111111,221.266666666667
41,"F",5.12888888888889,221.266666666667
59,"M",5.05555555555556,221.283333333333
45,"F",5.16277777777778,221.283333333333
39,"F",5.15,221.283333333333
50,"F",5.20555555555555,221.283333333333
61,"M",5.27777777777778,221.283333333333
57,"M",5.25333333333333,221.283333333333
37,"M",5.29833333333333,221.283333333333
38,"M",4.96722222222222,221.3
44,"M",5.01277777777778,221.3
55,"M",5.15888888888889,221.3
27,"F",4.96055555555556,221.3
44,"F",5.14,221.3
55,"M",4.83166666666667,221.3
21,"M",4.83555555555556,221.3
46,"F",5.15944444444444,221.316666666667
43,"F",5.15777777777778,221.316666666667
58,"M",5.105,221.316666666667
50,"M",5.15722222222222,221.316666666667
43,"F",5.22833333333333,221.333333333333
46,"F",5.19222222222222,221.333333333333
54,"M",5.15111111111111,221.333333333333
25,"F",5.29222222222222,221.333333333333
52,"F",5.15833333333333,221.333333333333
36,"F",5.11333333333333,221.333333333333
27,"F",5.29222222222222,221.333333333333
33,"F",5.08388888888889,221.35
36,"F",5.21333333333333,221.35
37,"F",5.25,221.35
46,"M",4.70277777777778,221.35
41,"M",5.145,221.366666666667
46,"F",5.14722222222222,221.366666666667
41,"F",5.21111111111111,221.366666666667
47,"M",5.08944444444444,221.383333333333
42,"F",5.05222222222222,221.383333333333
35,"M",4.99166666666667,221.383333333333
29,"F",5.15888888888889,221.383333333333
36,"M",5.19277777777778,221.383333333333
55,"M",5.18944444444444,221.4
56,"M",5.35611111111111,221.4
63,"M",5.21555555555556,221.4
55,"M",5.05444444444444,221.4
44,"F",4.89111111111111,221.4
36,"F",5.15888888888889,221.4
59,"M",5.22388888888889,221.4
23,"F",5.00611111111111,221.416666666667
56,"M",5.08444444444444,221.416666666667
41,"F",5.19111111111111,221.416666666667
43,"F",4.93888888888889,221.416666666667
45,"F",5.16111111111111,221.416666666667
41,"F",5.17444444444444,221.416666666667
52,"F",5.09666666666667,221.416666666667
46,"M",4.90777777777778,221.416666666667
56,"M",5.20166666666667,221.416666666667
27,"F",5.19777777777778,221.416666666667
60,"M",5.06,221.433333333333
39,"F",5.03277777777778,221.433333333333
45,"F",5.23388888888889,221.433333333333
40,"F",5.23388888888889,221.433333333333
28,"F",4.93722222222222,221.433333333333
48,"M",5.13944444444444,221.45
43,"F",5.14388888888889,221.45
46,"M",4.90611111111111,221.45
56,"M",5.21166666666667,221.466666666667
41,"F",5.29611111111111,221.466666666667
51,"F",5.18722222222222,221.483333333333
42,"F",5.21944444444444,221.483333333333
51,"M",4.91222222222222,221.483333333333
38,"F",5.17555555555556,221.483333333333
26,"M",4.79333333333333,221.483333333333
52,"M",5.12444444444444,221.5
39,"F",5.17277777777778,221.5
30,"F",5.05777777777778,221.5
39,"F",5.01888888888889,221.516666666667
37,"F",4.82333333333333,221.516666666667
39,"F",5.06777777777778,221.516666666667
55,"M",4.86777777777778,221.516666666667
39,"M",5.11111111111111,221.516666666667
51,"F",5.15888888888889,221.533333333333
65,"M",5.25,221.533333333333
40,"M",4.93277777777778,221.533333333333
39,"F",5.24555555555556,221.533333333333
23,"F",5.26333333333333,221.55
48,"F",5.06277777777778,221.55
31,"F",5.08944444444444,221.55
47,"F",5.19611111111111,221.55
27,"F",5.03944444444444,221.566666666667
21,"F",5.26333333333333,221.566666666667
40,"F",5.11777777777778,221.583333333333
45,"F",5.28222222222222,221.583333333333
43,"F",5.26111111111111,221.583333333333
47,"F",5.22111111111111,221.583333333333
31,"F",5.03388888888889,221.583333333333
36,"M",4.83833333333333,221.583333333333
21,"M",4.09333333333333,221.6
49,"F",5.14166666666667,221.6
57,"M",5.245,221.6
43,"F",5.125,221.6
48,"F",5.06,221.616666666667
61,"M",5.22388888888889,221.616666666667
58,"F",5.23611111111111,221.616666666667
56,"M",5.31611111111111,221.616666666667
26,"F",5.00888888888889,221.616666666667
44,"F",5.21388888888889,221.616666666667
29,"F",5.19388888888889,221.633333333333
43,"F",5.14055555555556,221.633333333333
33,"F",5.25666666666667,221.633333333333
48,"F",5.09888888888889,221.633333333333
46,"F",5.21555555555556,221.65
54,"M",5.05777777777778,221.65
43,"F",5.21222222222222,221.65
40,"M",5.27388888888889,221.65
44,"F",5.27388888888889,221.65
50,"F",5.13611111111111,221.65
45,"F",5.27055555555556,221.666666666667
71,"M",5.03444444444444,221.666666666667
40,"F",5.12888888888889,221.666666666667
33,"F",5.025,221.666666666667
45,"F",5.22666666666667,221.666666666667
52,"M",4.60722222222222,221.683333333333
26,"M",5.20277777777778,221.683333333333
61,"M",5.32277777777778,221.683333333333
57,"M",5.37222222222222,221.683333333333
43,"F",5.09944444444444,221.683333333333
46,"F",5.11833333333333,221.683333333333
50,"F",5.15166666666667,221.7
38,"F",5.15166666666667,221.7
29,"F",4.80944444444444,221.7
32,"M",4.365,221.7
55,"M",5.06555555555556,221.7
45,"M",5.27666666666667,221.7
24,"M",5.10055555555556,221.7
37,"F",5.15166666666667,221.7
60,"M",5.07611111111111,221.716666666667
41,"F",5.24888888888889,221.716666666667
52,"M",4.975,221.716666666667
41,"M",4.86388888888889,221.716666666667
40,"M",4.73888888888889,221.716666666667
43,"F",5.21388888888889,221.716666666667
48,"F",5.29333333333333,221.716666666667
34,"F",5.17777777777778,221.733333333333
31,"F",5.13722222222222,221.733333333333
44,"F",5.15833333333333,221.733333333333
47,"F",4.80888888888889,221.733333333333
39,"M",4.87722222222222,221.733333333333
42,"F",5.07833333333333,221.733333333333
29,"F",5.20666666666667,221.75
56,"M",5.15777777777778,221.75
49,"F",5.22722222222222,221.75
29,"F",5.05666666666667,221.75
27,"F",5.24722222222222,221.766666666667
41,"F",5.26444444444444,221.766666666667
45,"M",4.91722222222222,221.783333333333
53,"F",5.21277777777778,221.783333333333
37,"F",5.14388888888889,221.783333333333
45,"F",5.14611111111111,221.783333333333
45,"F",5.18444444444444,221.783333333333
44,"F",5.11055555555556,221.783333333333
58,"M",5.14,221.8
40,"F",5.09333333333333,221.8
51,"M",5.28833333333333,221.8
27,"M",5.11611111111111,221.8
49,"F",5.28,221.8
53,"M",5.00944444444444,221.8
27,"F",5.20833333333333,221.8
42,"F",5.10944444444444,221.8
40,"F",4.83611111111111,221.8
38,"F",5.22722222222222,221.8
55,"M",5.26611111111111,221.8
46,"F",5.25222222222222,221.816666666667
31,"F",5.28722222222222,221.816666666667
57,"F",5.14,221.816666666667
46,"M",5.13333333333333,221.833333333333
38,"F",4.95111111111111,221.833333333333
36,"F",5.22166666666667,221.833333333333
55,"M",5.12333333333333,221.833333333333
56,"M",5.115,221.85
52,"F",5.21944444444444,221.85
36,"F",5.24444444444444,221.85
47,"M",5.11166666666667,221.85
28,"F",5.14055555555556,221.85
38,"F",5.15777777777778,221.866666666667
40,"F",5.30555555555556,221.866666666667
53,"M",5.09777777777778,221.866666666667
42,"F",5.24444444444444,221.866666666667
42,"F",5.09777777777778,221.883333333333
35,"F",5.22333333333333,221.883333333333
57,"M",5.09388888888889,221.883333333333
29,"F",5.24777777777778,221.883333333333
46,"F",5.17555555555556,221.883333333333
43,"M",5.24611111111111,221.883333333333
50,"F",5.025,221.883333333333
29,"M",5.25055555555556,221.883333333333
59,"M",4.96833333333333,221.9
58,"M",5.13555555555556,221.9
43,"M",5.15722222222222,221.9
40,"F",5.11722222222222,221.9
44,"F",5.075,221.9
38,"M",5.27611111111111,221.916666666667
38,"F",5.05722222222222,221.916666666667
19,"F",5.16388888888889,221.933333333333
63,"M",4.70444444444444,221.933333333333
50,"F",5.23722222222222,221.933333333333
47,"F",5.03111111111111,221.933333333333
51,"F",5.16111111111111,221.933333333333
46,"F",5.15277777777778,221.933333333333
34,"M",5.22777777777778,221.95
41,"F",5.22333333333333,221.95
45,"F",5.14277777777778,221.95
63,"M",5.20277777777778,221.95
33,"F",5.09777777777778,221.95
51,"F",5.25055555555556,221.966666666667
28,"F",5.16055555555556,221.966666666667
38,"F",5.20055555555556,221.983333333333
34,"M",5.325,221.983333333333
50,"M",4.84944444444444,221.983333333333
55,"M",5.17055555555556,221.983333333333
25,"M",4.82722222222222,222
52,"F",5.195,222
62,"M",5.21555555555556,222
47,"F",5.23666666666667,222
53,"M",4.94666666666667,222.016666666667
67,"M",5.12888888888889,222.033333333333
24,"F",5.18222222222222,222.033333333333
43,"F",5.23222222222222,222.033333333333
40,"M",5.16333333333333,222.033333333333
49,"M",5.13611111111111,222.05
41,"M",5.05111111111111,222.066666666667
51,"M",5.125,222.066666666667
40,"F",5.23555555555556,222.066666666667
47,"F",5.18722222222222,222.066666666667
55,"M",5.19277777777778,222.066666666667
49,"M",4.96333333333333,222.083333333333
47,"F",5.20777777777778,222.083333333333
29,"F",5.23222222222222,222.083333333333
42,"F",5.20388888888889,222.083333333333
51,"M",5.185,222.083333333333
41,"F",5.17777777777778,222.083333333333
60,"M",5.18277777777778,222.083333333333
38,"F",5.21944444444444,222.1
60,"F",5.24277777777778,222.1
25,"M",5.59555555555556,222.1
30,"F",5.11,222.1
53,"M",5.21555555555556,222.1
44,"M",5.09833333333333,222.116666666667
53,"F",5.13277777777778,222.116666666667
44,"F",4.92111111111111,222.133333333333
39,"F",4.97444444444444,222.133333333333
50,"F",5.19111111111111,222.133333333333
25,"F",5.08055555555555,222.133333333333
41,"M",4.96166666666667,222.133333333333
45,"M",4.99277777777778,222.15
25,"M",4.37611111111111,222.15
36,"M",5.2,222.15
43,"F",5.20444444444444,222.15
50,"M",4.67722222222222,222.15
47,"M",5.02388888888889,222.166666666667
51,"F",5.22944444444444,222.166666666667
45,"M",5.13,222.166666666667
34,"F",5.20055555555556,222.166666666667
46,"M",4.91666666666667,222.166666666667
40,"M",5.13611111111111,222.166666666667
57,"M",5.15555555555556,222.166666666667
36,"F",5.09777777777778,222.166666666667
56,"M",5.15,222.183333333333
31,"F",5.06722222222222,222.183333333333
35,"F",5.06388888888889,222.183333333333
45,"M",5.18,222.183333333333
55,"M",5.22388888888889,222.183333333333
25,"M",4.40944444444444,222.183333333333
45,"F",5.29722222222222,222.183333333333
42,"F",5.30611111111111,222.183333333333
41,"F",5.22111111111111,222.183333333333
52,"F",5.14944444444444,222.183333333333
43,"F",5.25611111111111,222.2
33,"F",5.26666666666667,222.2
44,"F",5.18333333333333,222.2
31,"F",5.26666666666667,222.2
54,"M",5.26666666666667,222.2
29,"F",5.26666666666667,222.2
37,"M",5.08277777777778,222.2
40,"F",5.15611111111111,222.2
37,"F",4.97777777777778,222.2
28,"F",5.18944444444444,222.2
43,"F",5.13833333333333,222.2
52,"F",5.085,222.216666666667
54,"M",5.25166666666667,222.216666666667
47,"M",4.87333333333333,222.216666666667
47,"F",5.20611111111111,222.216666666667
45,"F",5.06277777777778,222.216666666667
66,"M",5.22833333333333,222.233333333333
24,"F",4.80888888888889,222.233333333333
51,"F",5.20333333333333,222.233333333333
37,"F",5.12333333333333,222.233333333333
60,"M",5.10611111111111,222.233333333333
42,"F",5.15888888888889,222.233333333333
49,"F",5.12555555555556,222.233333333333
28,"F",5.06388888888889,222.25
49,"F",5.04555555555556,222.25
40,"F",5.195,222.25
46,"F",5.18944444444444,222.25
28,"F",5.12388888888889,222.25
41,"F",5.1,222.266666666667
51,"F",5.14111111111111,222.266666666667
48,"M",5.255,222.283333333333
21,"F",4.99666666666667,222.283333333333
62,"M",5.06444444444444,222.283333333333
36,"F",5.01166666666667,222.283333333333
48,"M",5.13277777777778,222.3
51,"F",5.11666666666667,222.3
42,"F",5.20611111111111,222.3
29,"F",5.20388888888889,222.3
53,"F",5.1,222.316666666667
60,"M",5.26666666666667,222.316666666667
37,"F",5.08222222222222,222.316666666667
49,"M",5.08222222222222,222.316666666667
24,"F",4.89888888888889,222.316666666667
51,"F",5.24333333333333,222.316666666667
32,"M",5.03944444444444,222.316666666667
35,"F",5.24777777777778,222.316666666667
43,"F",5.12222222222222,222.316666666667
31,"F",5.16388888888889,222.333333333333
27,"F",4.94944444444444,222.333333333333
45,"F",5.25666666666667,222.333333333333
61,"M",5.12,222.333333333333
47,"M",4.90611111111111,222.35
36,"F",5.23277777777778,222.35
37,"M",5.16277777777778,222.35
47,"F",5.29333333333333,222.35
38,"F",5.04666666666667,222.35
40,"F",5.15888888888889,222.35
51,"F",5.165,222.35
58,"M",5.12055555555556,222.35
30,"F",5.09555555555556,222.35
45,"F",5.16,222.366666666667
32,"F",5.21277777777778,222.366666666667
50,"M",4.93833333333333,222.366666666667
49,"F",5.18222222222222,222.366666666667
49,"F",5.15,222.366666666667
40,"F",5.19111111111111,222.366666666667
44,"F",5.17444444444444,222.366666666667
37,"F",5.22055555555556,222.383333333333
42,"F",5.22055555555556,222.383333333333
30,"F",5.09166666666667,222.4
53,"M",5.19166666666667,222.4
59,"M",5.20444444444444,222.416666666667
57,"M",5.19166666666667,222.416666666667
30,"F",5.12833333333333,222.416666666667
53,"M",5.22,222.416666666667
48,"F",5.19055555555556,222.416666666667
30,"F",5.07388888888889,222.433333333333
44,"F",5.15777777777778,222.433333333333
38,"F",5.11611111111111,222.433333333333
56,"M",5.11444444444444,222.433333333333
48,"M",4.72666666666667,222.433333333333
35,"F",5.28833333333333,222.45
54,"F",5.16611111111111,222.45
41,"F",5.25388888888889,222.45
57,"M",5.21555555555556,222.45
53,"F",5.06277777777778,222.466666666667
57,"M",5.13888888888889,222.466666666667
43,"M",5.31944444444444,222.466666666667
55,"M",5.13,222.466666666667
50,"F",5.18388888888889,222.466666666667
52,"M",4.97055555555556,222.466666666667
60,"M",5.09166666666667,222.483333333333
56,"F",5.14222222222222,222.5
45,"F",5.04055555555556,222.5
42,"F",5.25111111111111,222.5
56,"F",4.95444444444444,222.516666666667
36,"F",5.21111111111111,222.516666666667
61,"M",5.20055555555556,222.516666666667
37,"F",5.15888888888889,222.533333333333
52,"M",5.26722222222222,222.533333333333
40,"F",5.24388888888889,222.533333333333
27,"F",5.20222222222222,222.533333333333
56,"M",5.00333333333333,222.533333333333
42,"M",5.18833333333333,222.533333333333
45,"F",5.10777777777778,222.533333333333
61,"M",5.20666666666667,222.55
34,"F",5.18277777777778,222.55
42,"F",5.25777777777778,222.55
58,"M",5.19388888888889,222.55
27,"F",5.14,222.566666666667
44,"F",5.15888888888889,222.566666666667
49,"M",5.04777777777778,222.566666666667
40,"M",4.77111111111111,222.566666666667
39,"F",5.19555555555556,222.583333333333
51,"M",4.93111111111111,222.583333333333
40,"F",5.23111111111111,222.583333333333
22,"F",5.18722222222222,222.6
44,"F",5.29611111111111,222.6
35,"F",5.09666666666667,222.6
25,"F",4.99888888888889,222.6
45,"F",5.31222222222222,222.6
46,"M",5.20833333333333,222.616666666667
51,"M",5.11833333333333,222.616666666667
24,"F",5.21666666666667,222.616666666667
45,"F",5.15055555555556,222.616666666667
55,"M",5.23222222222222,222.616666666667
48,"F",5.14333333333333,222.633333333333
25,"M",5.235,222.633333333333
24,"F",4.92166666666667,222.633333333333
32,"F",5.08277777777778,222.633333333333
37,"F",5.12666666666667,222.633333333333
49,"F",5.17888888888889,222.633333333333
47,"M",5.08888888888889,222.65
29,"M",5.29944444444444,222.65
40,"F",5.25444444444444,222.65
60,"M",5.25944444444444,222.65
39,"F",5.13722222222222,222.65
45,"M",5.29388888888889,222.65
53,"M",5.30777777777778,222.65
49,"F",5.16722222222222,222.666666666667
29,"F",5.07944444444444,222.666666666667
29,"F",5.25888888888889,222.666666666667
32,"F",5.15722222222222,222.666666666667
40,"F",5.18777777777778,222.666666666667
46,"M",5.19222222222222,222.666666666667
43,"F",5.26833333333333,222.666666666667
44,"F",5.21388888888889,222.683333333333
48,"M",4.80166666666667,222.683333333333
60,"M",4.995,222.683333333333
49,"F",5.14833333333333,222.683333333333
61,"M",5.29055555555556,222.7
25,"F",5.09444444444444,222.7
51,"M",5.055,222.7
45,"M",5.01833333333333,222.7
52,"M",5.07444444444444,222.7
58,"M",5.17277777777778,222.7
47,"F",5.28277777777778,222.716666666667
39,"F",5.19333333333333,222.716666666667
54,"F",5.23111111111111,222.716666666667
25,"M",4.94666666666667,222.716666666667
51,"M",5.07555555555556,222.716666666667
25,"F",5.16277777777778,222.716666666667
49,"F",5.11,222.716666666667
60,"M",5.11222222222222,222.716666666667
40,"F",5.21833333333333,222.716666666667
51,"M",5.23888888888889,222.733333333333
27,"F",5.05666666666667,222.733333333333
55,"M",5.15,222.733333333333
35,"M",5.18944444444444,222.733333333333
38,"M",4.85,222.733333333333
37,"F",4.85055555555556,222.733333333333
50,"F",5.22666666666667,222.733333333333
45,"F",5.23666666666667,222.733333333333
40,"F",5.16166666666667,222.733333333333
40,"F",5.30777777777778,222.75
39,"F",5.14055555555556,222.75
41,"M",5.24777777777778,222.766666666667
55,"M",5.19444444444444,222.766666666667
45,"M",4.87166666666667,222.766666666667
35,"F",5.01666666666667,222.766666666667
48,"F",4.99833333333333,222.766666666667
25,"F",5.24111111111111,222.766666666667
30,"F",5.21333333333333,222.766666666667
27,"F",5.14444444444444,222.783333333333
23,"F",5.22888888888889,222.783333333333
44,"F",5.14777777777778,222.783333333333
33,"M",5.24888888888889,222.783333333333
46,"M",4.97888888888889,222.783333333333
45,"F",5.17277777777778,222.783333333333
33,"F",5.13111111111111,222.783333333333
52,"M",5.19,222.8
29,"F",5.04333333333333,222.8
40,"F",5.29166666666667,222.8
53,"M",5.19055555555556,222.816666666667
36,"F",5.25611111111111,222.816666666667
45,"M",5.07111111111111,222.816666666667
56,"F",5.14888888888889,222.816666666667
42,"M",5.32277777777778,222.833333333333
40,"F",5.07833333333333,222.833333333333
55,"M",5.07111111111111,222.833333333333
38,"M",5.01666666666667,222.833333333333
47,"F",5.24388888888889,222.833333333333
46,"M",5.13166666666667,222.833333333333
41,"M",4.79888888888889,222.833333333333
43,"F",5.28277777777778,222.85
40,"F",4.98666666666667,222.85
56,"M",5.16444444444444,222.85
41,"F",5.17833333333333,222.85
44,"F",5.31888888888889,222.85
36,"F",5.31555555555556,222.85
46,"M",4.86944444444444,222.866666666667
36,"F",5.25888888888889,222.866666666667
30,"F",4.87944444444444,222.866666666667
40,"F",5.19277777777778,222.866666666667
35,"M",4.93833333333333,222.883333333333
47,"F",5.37333333333333,222.883333333333
32,"F",5.15888888888889,222.883333333333
46,"F",5.3,222.883333333333
47,"M",5.13388888888889,222.883333333333
32,"F",5.12555555555556,222.9
47,"F",5.25611111111111,222.9
47,"F",5.26611111111111,222.9
64,"M",5.16611111111111,222.9
40,"F",5.11166666666667,222.9
32,"F",4.62944444444444,222.9
51,"F",5.14388888888889,222.9
63,"M",5.24222222222222,222.916666666667
58,"M",5.14722222222222,222.916666666667
50,"F",5.10888888888889,222.916666666667
55,"M",5.03722222222222,222.916666666667
49,"M",5.23055555555556,222.933333333333
40,"F",5.25277777777778,222.933333333333
31,"F",5.12166666666667,222.933333333333
57,"M",5.19111111111111,222.933333333333
41,"F",5.355,222.95
25,"F",5.19222222222222,222.95
53,"M",4.79833333333333,222.966666666667
46,"F",5.29944444444444,222.966666666667
45,"F",5.17166666666667,222.966666666667
35,"M",5.29444444444445,222.966666666667
46,"M",5.17166666666667,222.966666666667
37,"F",5.16666666666667,222.966666666667
23,"F",5.27888888888889,222.966666666667
40,"M",4.90888888888889,222.966666666667
37,"M",5.24888888888889,222.966666666667
63,"M",5.20666666666667,222.966666666667
39,"F",5.07611111111111,222.983333333333
61,"M",5.27055555555556,222.983333333333
34,"F",5.20666666666667,222.983333333333
65,"M",5.13777777777778,223
34,"F",5.10833333333333,223
50,"M",5.01444444444444,223
35,"F",5.04277777777778,223.016666666667
48,"F",5.16722222222222,223.033333333333
42,"F",5.18888888888889,223.033333333333
44,"F",5.23722222222222,223.033333333333
52,"F",5.26833333333333,223.05
34,"F",5.21666666666667,223.05
40,"F",5.22555555555556,223.05
38,"F",5.11944444444444,223.05
53,"F",5.14666666666667,223.05
40,"F",4.99666666666667,223.05
29,"M",5.065,223.066666666667
35,"F",5.32611111111111,223.066666666667
41,"F",5.09611111111111,223.066666666667
40,"F",5.32611111111111,223.066666666667
42,"F",5.19277777777778,223.066666666667
25,"F",5.24388888888889,223.066666666667
45,"F",5.02055555555556,223.066666666667
43,"M",5.00833333333333,223.083333333333
40,"F",5.25777777777778,223.083333333333
21,"M",5.17055555555556,223.083333333333
38,"F",5.34611111111111,223.083333333333
37,"F",5.05555555555556,223.1
37,"M",5.09555555555556,223.1
48,"F",5.16222222222222,223.1
59,"M",5.22,223.1
50,"M",5.01111111111111,223.1
43,"F",5.11944444444444,223.1
37,"F",5.21555555555556,223.1
58,"F",5.21222222222222,223.116666666667
57,"M",5.32444444444444,223.116666666667
40,"F",5.35277777777778,223.116666666667
44,"F",5.21555555555556,223.116666666667
60,"M",5.18,223.116666666667
47,"M",4.92833333333333,223.116666666667
28,"F",5.08555555555556,223.133333333333
51,"M",5.03222222222222,223.133333333333
40,"F",5.18944444444444,223.133333333333
55,"M",5.07333333333333,223.133333333333
48,"F",5.26444444444444,223.15
29,"F",4.79166666666667,223.15
27,"F",5.02833333333333,223.15
51,"M",5.12555555555556,223.15
27,"F",5.25944444444444,223.15
62,"M",5.13055555555556,223.166666666667
43,"F",5.215,223.166666666667
60,"M",5.21722222222222,223.166666666667
44,"F",5.28,223.166666666667
48,"F",5.27166666666667,223.166666666667
50,"F",5.06888888888889,223.183333333333
52,"M",5.11333333333333,223.183333333333
52,"M",4.94555555555556,223.183333333333
52,"F",5.28222222222222,223.183333333333
38,"F",5.16777777777778,223.2
54,"M",5.11722222222222,223.2
46,"F",5.18888888888889,223.2
57,"M",5.02333333333333,223.2
34,"F",5.29,223.216666666667
74,"M",5.07833333333333,223.216666666667
24,"F",4.94611111111111,223.216666666667
40,"F",5.28722222222222,223.233333333333
35,"F",5.18166666666667,223.233333333333
45,"F",5.025,223.25
28,"F",5.19222222222222,223.25
52,"F",5.17722222222222,223.25
25,"F",5.11611111111111,223.266666666667
37,"F",5.17611111111111,223.266666666667
35,"F",5.09777777777778,223.266666666667
36,"F",5.09777777777778,223.283333333333
58,"M",5.11222222222222,223.283333333333
47,"M",5.07444444444444,223.283333333333
52,"M",5.26444444444444,223.283333333333
40,"F",5.23666666666667,223.283333333333
39,"F",5.30666666666667,223.283333333333
47,"F",5.33222222222222,223.3
61,"M",5.09,223.3
45,"F",5.20277777777778,223.3
25,"F",5.23944444444444,223.3
37,"F",5.34944444444444,223.3
46,"M",5.12666666666667,223.3
37,"F",5.11722222222222,223.316666666667
33,"M",5.035,223.316666666667
33,"F",5.26055555555556,223.316666666667
50,"F",5.24611111111111,223.316666666667
45,"M",5.10944444444444,223.316666666667
28,"F",5.145,223.333333333333
54,"M",5.07388888888889,223.333333333333
50,"F",5.23055555555556,223.333333333333
41,"F",5.22,223.333333333333
43,"F",5.27722222222222,223.333333333333
43,"M",5.14055555555556,223.333333333333
45,"M",5.14888888888889,223.333333333333
50,"M",5.33388888888889,223.35
62,"M",5.12611111111111,223.35
60,"M",5.12611111111111,223.35
48,"M",5.20222222222222,223.35
34,"F",5.10333333333333,223.35
67,"M",5.17611111111111,223.35
34,"F",5.11333333333333,223.35
33,"F",5.29611111111111,223.35
43,"F",5.27722222222222,223.366666666667
42,"F",5.34833333333333,223.366666666667
35,"F",5.29611111111111,223.366666666667
51,"M",5.065,223.366666666667
35,"F",5.27722222222222,223.366666666667
57,"M",5.08222222222222,223.366666666667
44,"M",4.85222222222222,223.383333333333
52,"M",4.92388888888889,223.383333333333
30,"F",5.20833333333333,223.383333333333
36,"F",5.27166666666667,223.383333333333
30,"F",5.25444444444444,223.4
42,"F",5,223.4
62,"M",5.24,223.4
52,"F",5.34777777777778,223.4
51,"M",5.26388888888889,223.4
51,"M",5.26722222222222,223.4
43,"F",5.24388888888889,223.416666666667
61,"M",5.24222222222222,223.416666666667
53,"F",5.24,223.433333333333
54,"F",5.16111111111111,223.433333333333
60,"F",5.12,223.433333333333
40,"F",5.14888888888889,223.433333333333
41,"F",5.20777777777778,223.45
54,"M",5.28222222222222,223.45
51,"F",5.15055555555556,223.45
49,"F",5.24111111111111,223.45
26,"F",5.09222222222222,223.466666666667
51,"F",5.01944444444444,223.466666666667
55,"F",5.27888888888889,223.483333333333
27,"F",5.16944444444445,223.483333333333
26,"F",4.99444444444444,223.483333333333
56,"M",5.12,223.483333333333
46,"F",5.29888888888889,223.5
41,"F",5.30222222222222,223.5
38,"F",5.20833333333333,223.5
61,"M",5.31222222222222,223.5
25,"F",5.06944444444444,223.5
45,"F",5.31222222222222,223.516666666667
41,"F",5.20111111111111,223.516666666667
28,"F",5.085,223.516666666667
58,"M",4.95722222222222,223.516666666667
40,"M",4.78222222222222,223.533333333333
40,"F",5.34944444444444,223.533333333333
44,"F",5.27666666666667,223.533333333333
48,"F",5.27666666666667,223.533333333333
46,"M",5.18666666666667,223.533333333333
47,"M",5.17833333333333,223.55
30,"F",5.02666666666667,223.55
62,"M",5.12833333333333,223.55
29,"F",5.24277777777778,223.55
41,"M",4.98333333333333,223.55
30,"F",4.97944444444444,223.566666666667
44,"F",5.19388888888889,223.566666666667
38,"F",5.10111111111111,223.566666666667
56,"M",5.22611111111111,223.566666666667
40,"F",5.185,223.566666666667
28,"F",5.12277777777778,223.583333333333
46,"M",5.02888888888889,223.583333333333
46,"M",5.23111111111111,223.583333333333
51,"F",5.22166666666667,223.583333333333
55,"M",5.21055555555556,223.583333333333
40,"M",5.13833333333333,223.583333333333
29,"F",5.13222222222222,223.6
45,"F",5.11833333333333,223.6
61,"M",5.24222222222222,223.6
37,"F",5.29277777777778,223.616666666667
45,"F",5.27055555555556,223.616666666667
60,"M",5.21611111111111,223.616666666667
42,"F",5.255,223.616666666667
56,"M",5.08055555555555,223.616666666667
47,"F",5.05555555555556,223.616666666667
55,"F",5.27611111111111,223.633333333333
44,"F",5.14722222222222,223.633333333333
57,"M",5.15555555555556,223.65
30,"F",5.09055555555556,223.65
37,"F",5.29722222222222,223.65
43,"F",5.28833333333333,223.65
48,"F",5.21388888888889,223.666666666667
47,"F",5.28388888888889,223.683333333333
40,"F",5.23388888888889,223.683333333333
30,"F",5.14944444444444,223.683333333333
49,"F",5.21166666666667,223.7
54,"M",5.205,223.7
31,"F",5.01277777777778,223.7
53,"M",5.27555555555556,223.7
40,"M",5.27611111111111,223.7
57,"M",5.21444444444444,223.7
40,"F",5.25388888888889,223.7
33,"F",5.11722222222222,223.7
26,"F",5.41888888888889,223.7
48,"M",4.91888888888889,223.7
42,"F",5.065,223.7
40,"F",5.22722222222222,223.716666666667
43,"F",5.24,223.716666666667
23,"F",5.16444444444444,223.716666666667
55,"M",5.20166666666667,223.716666666667
51,"M",4.87333333333333,223.716666666667
44,"F",5.25611111111111,223.716666666667
35,"F",5.29388888888889,223.733333333333
49,"F",5.31444444444444,223.733333333333
33,"M",5.28,223.733333333333
42,"F",5.27611111111111,223.733333333333
46,"F",5.13388888888889,223.75
51,"M",4.99833333333333,223.75
56,"M",5.12944444444444,223.75
60,"F",5.155,223.75
26,"F",5.15277777777778,223.75
45,"M",5.19666666666667,223.75
51,"M",5.16111111111111,223.75
53,"M",5.16333333333333,223.75
69,"M",5.23833333333333,223.75
54,"M",5.06944444444444,223.766666666667
44,"F",5.20611111111111,223.766666666667
46,"M",5.15222222222222,223.766666666667
44,"F",5.29444444444445,223.766666666667
38,"F",5.09611111111111,223.783333333333
47,"F",5.21611111111111,223.783333333333
36,"F",5.29888888888889,223.783333333333
45,"F",5.14555555555556,223.8
40,"F",4.99444444444444,223.8
35,"F",5.32055555555556,223.8
41,"M",5.45,223.8
62,"M",5.10944444444444,223.8
55,"M",4.81277777777778,223.8
64,"M",5.29,223.8
49,"F",5.24111111111111,223.8
37,"F",5.21111111111111,223.816666666667
38,"F",5.21111111111111,223.816666666667
52,"M",5.13611111111111,223.816666666667
50,"M",5.09444444444444,223.816666666667
27,"F",5.19888888888889,223.816666666667
35,"F",5.06388888888889,223.833333333333
51,"M",4.82666666666667,223.833333333333
47,"F",5.12611111111111,223.833333333333
35,"M",4.95277777777778,223.833333333333
58,"M",5.10166666666667,223.833333333333
58,"F",4.99611111111111,223.85
38,"M",4.71444444444444,223.85
25,"M",5.14666666666667,223.85
47,"F",5.29055555555556,223.85
43,"F",5.19611111111111,223.85
58,"M",5.13333333333333,223.866666666667
36,"F",5.29611111111111,223.866666666667
32,"F",5.05222222222222,223.866666666667
21,"M",4.39,223.866666666667
60,"M",5.30944444444444,223.866666666667
69,"M",5.19833333333333,223.883333333333
51,"M",5.00833333333333,223.883333333333
40,"F",5.18222222222222,223.9
23,"F",5.20111111111111,223.9
39,"F",5.15388888888889,223.9
40,"F",5.19222222222222,223.9
40,"F",5.23388888888889,223.9
54,"M",5.21777777777778,223.9
39,"F",5.16722222222222,223.916666666667
51,"F",5.22277777777778,223.916666666667
50,"M",5.30055555555556,223.916666666667
53,"M",5.05166666666667,223.916666666667
49,"F",5.29333333333333,223.916666666667
46,"M",5.17277777777778,223.933333333333
40,"F",5.17666666666667,223.933333333333
42,"F",5.31,223.933333333333
45,"F",5.31,223.933333333333
58,"M",5.20222222222222,223.933333333333
50,"M",4.95944444444444,223.933333333333
36,"F",5.00888888888889,223.933333333333
50,"F",5.29888888888889,223.95
41,"F",5.22333333333333,223.95
63,"M",5.24833333333333,223.95
45,"F",5.19111111111111,223.966666666667
52,"F",5.45055555555556,223.966666666667
24,"F",5.11,223.966666666667
28,"M",5.01333333333333,223.966666666667
29,"M",5.12166666666667,223.966666666667
44,"F",5.3,223.966666666667
29,"M",5.185,223.983333333333
44,"F",5.19333333333333,223.983333333333
43,"F",5.18,223.983333333333
39,"F",5.02888888888889,223.983333333333
28,"F",5.11611111111111,223.983333333333
59,"M",5.17611111111111,223.983333333333
49,"F",5.23333333333333,224
70,"M",5.27666666666667,224
50,"M",5.06222222222222,224
34,"M",5.10666666666667,224
40,"F",5.27166666666667,224
19,"F",5.015,224
43,"F",5.22222222222222,224
52,"M",5.05,224.016666666667
42,"F",5.30111111111111,224.016666666667
52,"M",5.04277777777778,224.016666666667
51,"F",5.25666666666667,224.016666666667
42,"F",5.29611111111111,224.016666666667
28,"F",5.32611111111111,224.033333333333
53,"M",5.08888888888889,224.033333333333
38,"F",5.21277777777778,224.033333333333
35,"F",5.23833333333333,224.05
53,"F",5.22833333333333,224.05
44,"F",5.31,224.05
52,"F",5.04111111111111,224.05
22,"M",5.215,224.05
40,"M",4.94111111111111,224.05
48,"F",5.25666666666667,224.066666666667
41,"F",5.255,224.066666666667
45,"F",5.22555555555556,224.066666666667
41,"F",5.21722222222222,224.066666666667
45,"M",5.02388888888889,224.083333333333
52,"F",5.22,224.083333333333
33,"F",5.20611111111111,224.083333333333
24,"F",4.93888888888889,224.083333333333
44,"F",5.23111111111111,224.083333333333
28,"F",5.11444444444444,224.1
57,"M",5.27,224.1
65,"M",5.21777777777778,224.1
53,"F",5.24222222222222,224.1
42,"F",5.22277777777778,224.1
41,"F",5.25777777777778,224.116666666667
26,"F",5.22277777777778,224.116666666667
37,"F",5.23611111111111,224.116666666667
55,"M",5.11,224.133333333333
57,"M",5.16611111111111,224.133333333333
45,"M",5.07388888888889,224.133333333333
59,"M",5.12944444444444,224.15
26,"F",5.28388888888889,224.15
38,"M",5.04555555555556,224.166666666667
52,"M",5.19555555555556,224.166666666667
41,"F",5.295,224.166666666667
34,"F",5.00111111111111,224.166666666667
41,"F",5.30777777777778,224.166666666667
50,"F",5.27555555555556,224.166666666667
44,"F",5.20444444444444,224.183333333333
41,"F",5.30777777777778,224.183333333333
44,"F",5.17944444444444,224.183333333333
48,"M",5.16555555555556,224.183333333333
45,"F",5.24888888888889,224.183333333333
26,"F",5.12277777777778,224.183333333333
42,"F",5.17888888888889,224.2
45,"F",5.33222222222222,224.2
51,"F",5.28,224.2
56,"M",5.26055555555556,224.2
45,"F",5.20277777777778,224.2
39,"F",5.16666666666667,224.216666666667
61,"M",5.08722222222222,224.216666666667
43,"F",5.2,224.216666666667
35,"F",4.96333333333333,224.216666666667
42,"F",5.23111111111111,224.216666666667
41,"F",5.25055555555556,224.216666666667
50,"M",5.02777777777778,224.216666666667
38,"F",5.09,224.233333333333
41,"M",5.36,224.233333333333
52,"M",5.24555555555556,224.233333333333
55,"M",5.245,224.233333333333
28,"F",5.02166666666667,224.25
48,"M",5.24388888888889,224.25
41,"F",5.10277777777778,224.25
22,"F",5.37222222222222,224.266666666667
46,"M",5.05777777777778,224.266666666667
50,"F",5.27333333333333,224.266666666667
51,"F",5.31888888888889,224.266666666667
45,"F",5.22888888888889,224.266666666667
40,"F",5.18,224.283333333333
56,"M",5.36666666666667,224.283333333333
65,"M",5.32166666666667,224.283333333333
50,"M",5.06222222222222,224.3
46,"F",5.27666666666667,224.316666666667
39,"F",5.19722222222222,224.316666666667
61,"M",5.28166666666667,224.316666666667
46,"M",5.21388888888889,224.316666666667
37,"M",5.37722222222222,224.333333333333
58,"M",5.31055555555556,224.333333333333
39,"M",5.08888888888889,224.333333333333
41,"F",5.30277777777778,224.333333333333
44,"F",5.17944444444444,224.333333333333
34,"M",5.00277777777778,224.333333333333
49,"F",5.26388888888889,224.333333333333
36,"F",5.21222222222222,224.333333333333
45,"F",5.29833333333333,224.333333333333
47,"F",5.29833333333333,224.333333333333
28,"F",5.19333333333333,224.35
49,"F",5.415,224.35
33,"F",5.16666666666667,224.35
37,"F",5.23222222222222,224.35
20,"F",5.25166666666667,224.35
53,"M",5.19,224.35
45,"M",5.04555555555556,224.366666666667
40,"M",4.96833333333333,224.366666666667
36,"F",5.19888888888889,224.383333333333
27,"F",5.11055555555556,224.383333333333
51,"F",5.2,224.4
54,"F",5.23777777777778,224.4
42,"M",5.35444444444444,224.4
59,"M",5.22611111111111,224.4
47,"F",5.27444444444444,224.4
40,"F",5.07888888888889,224.4
52,"F",5.30666666666667,224.4
49,"M",5.14555555555556,224.416666666667
55,"M",5.06055555555556,224.416666666667
47,"F",5.26611111111111,224.416666666667
47,"F",5.28222222222222,224.416666666667
56,"M",5.23166666666667,224.433333333333
55,"M",5.17333333333333,224.433333333333
33,"F",5.255,224.433333333333
31,"F",5.15944444444444,224.433333333333
49,"F",5.22833333333333,224.433333333333
34,"M",5.20666666666667,224.433333333333
41,"F",5.27166666666667,224.433333333333
43,"M",4.88111111111111,224.45
50,"M",5.19722222222222,224.45
40,"F",5.23777777777778,224.45
38,"F",5.38611111111111,224.45
47,"F",5.25666666666667,224.45
45,"F",5.195,224.466666666667
36,"F",5.19888888888889,224.466666666667
25,"F",5.00166666666667,224.466666666667
41,"M",5.34833333333333,224.466666666667
56,"M",5.11666666666667,224.466666666667
37,"F",5.3,224.466666666667
34,"F",5.32611111111111,224.516666666667
53,"F",5.13388888888889,224.516666666667
42,"F",5.26333333333333,224.516666666667
31,"F",5.27833333333333,224.516666666667
31,"F",5.28444444444444,224.516666666667
55,"M",5.215,224.533333333333
60,"M",5.04777777777778,224.533333333333
51,"F",5.18277777777778,224.55
49,"F",5.22888888888889,224.55
33,"M",5.32,224.55
57,"F",5.30666666666667,224.55
53,"M",5.05666666666667,224.566666666667
49,"F",5.33777777777778,224.566666666667
45,"F",5.16388888888889,224.566666666667
34,"F",5.165,224.566666666667
55,"M",5.42444444444444,224.566666666667
36,"F",5.185,224.566666666667
61,"M",5.10055555555556,224.566666666667
40,"F",5.25555555555556,224.583333333333
55,"M",5.105,224.583333333333
59,"M",5.19166666666667,224.583333333333
45,"M",5.1,224.583333333333
49,"M",5.02555555555556,224.583333333333
20,"F",5.04833333333333,224.583333333333
35,"F",5.19055555555556,224.6
55,"M",5.26944444444444,224.6
54,"F",5.275,224.6
55,"M",4.94388888888889,224.6
55,"M",5.24333333333333,224.6
47,"M",5.11444444444444,224.6
37,"M",4.71611111111111,224.616666666667
48,"F",5.18666666666667,224.616666666667
40,"F",5.36277777777778,224.616666666667
39,"F",5.31833333333333,224.616666666667
41,"F",5.18777777777778,224.616666666667
53,"M",5.32222222222222,224.633333333333
42,"F",5.25611111111111,224.633333333333
63,"M",5.22888888888889,224.633333333333
37,"F",5.32722222222222,224.633333333333
46,"M",5.35277777777778,224.633333333333
45,"F",5.16277777777778,224.633333333333
39,"F",5.15,224.633333333333
47,"F",5.27444444444444,224.633333333333
46,"F",5.38222222222222,224.65
44,"F",5.16555555555556,224.65
37,"F",5.22944444444444,224.65
62,"M",5.34166666666667,224.65
42,"F",5.30222222222222,224.65
54,"F",5.22944444444444,224.65
35,"F",5.37055555555556,224.65
44,"F",5.36055555555556,224.65
36,"F",5.06166666666667,224.65
50,"F",5.20388888888889,224.65
35,"F",5.34833333333333,224.666666666667
23,"F",5.06277777777778,224.666666666667
35,"F",5.30888888888889,224.666666666667
49,"M",4.86777777777778,224.666666666667
39,"F",5.25777777777778,224.683333333333
55,"M",5.12611111111111,224.683333333333
40,"F",5.26333333333333,224.683333333333
40,"F",5.34055555555556,224.683333333333
26,"F",5.10277777777778,224.7
21,"F",4.81222222222222,224.7
44,"F",5.18166666666667,224.716666666667
44,"M",5.08611111111111,224.716666666667
58,"M",5.19944444444444,224.716666666667
46,"M",5.14833333333333,224.733333333333
21,"F",5.33388888888889,224.733333333333
61,"M",5.23944444444444,224.733333333333
29,"F",5.005,224.733333333333
41,"F",5.23333333333333,224.733333333333
35,"F",5.15388888888889,224.733333333333
61,"M",5.16388888888889,224.75
54,"M",5.3,224.75
61,"M",5.36111111111111,224.75
30,"F",5.21555555555556,224.75
34,"M",4.94888888888889,224.75
40,"F",5.05888888888889,224.75
42,"F",5.22055555555556,224.75
49,"M",5.05111111111111,224.766666666667
33,"M",5.43111111111111,224.766666666667
50,"M",4.97833333333333,224.766666666667
42,"F",5.19388888888889,224.766666666667
27,"F",5.02333333333333,224.783333333333
48,"F",5.14722222222222,224.783333333333
43,"F",5.33166666666667,224.783333333333
48,"M",5.17666666666667,224.783333333333
40,"F",5.23722222222222,224.783333333333
48,"M",5.04222222222222,224.8
57,"M",5.15277777777778,224.8
59,"M",5.18444444444444,224.8
47,"M",5.18222222222222,224.8
40,"F",5.21,224.8
43,"F",5.13833333333333,224.8
40,"F",5.39333333333333,224.8
41,"F",5.21166666666667,224.816666666667
37,"F",5.20777777777778,224.816666666667
52,"M",5.34722222222222,224.816666666667
41,"F",5.28166666666667,224.816666666667
64,"M",5.30611111111111,224.816666666667
37,"F",5.29944444444444,224.833333333333
41,"F",5.28944444444444,224.85
42,"F",5.11,224.85
52,"M",5.15277777777778,224.85
49,"M",5.07944444444444,224.85
60,"M",5.38833333333333,224.85
39,"F",5.29277777777778,224.866666666667
42,"F",5.20388888888889,224.866666666667
40,"F",5.31666666666667,224.866666666667
52,"F",5.40666666666667,224.866666666667
53,"M",5.38055555555556,224.866666666667
39,"F",5.07055555555556,224.866666666667
39,"F",5.11166666666667,224.866666666667
44,"F",5.23722222222222,224.866666666667
26,"M",5.13388888888889,224.866666666667
56,"M",5.09055555555556,224.883333333333
39,"F",5.20111111111111,224.883333333333
46,"F",5.32333333333333,224.883333333333
32,"F",5.36166666666667,224.883333333333
55,"M",5.27388888888889,224.883333333333
48,"M",5.11833333333333,224.883333333333
50,"M",4.95333333333333,224.883333333333
41,"F",5.21277777777778,224.9
60,"M",5.24888888888889,224.9
60,"M",5.20333333333333,224.9
42,"M",5.26277777777778,224.9
29,"F",5.23722222222222,224.9
52,"F",5.30111111111111,224.9
49,"F",5.32277777777778,224.916666666667
47,"M",4.95555555555555,224.916666666667
28,"F",5.19444444444444,224.916666666667
39,"F",5.17666666666667,224.916666666667
60,"M",5.32277777777778,224.916666666667
26,"M",5.18555555555556,224.933333333333
45,"M",4.94388888888889,224.933333333333
57,"M",5.15055555555556,224.933333333333
56,"M",5.06222222222222,224.933333333333
47,"F",5.24888888888889,224.95
46,"F",5.34833333333333,224.95
42,"F",5.35944444444444,224.95
20,"F",5.07777777777778,224.966666666667
40,"F",5.35611111111111,224.966666666667
40,"M",5.185,224.966666666667
49,"M",4.955,224.966666666667
31,"M",4.86722222222222,224.966666666667
60,"M",5.305,224.983333333333
40,"F",5.15944444444444,224.983333333333
53,"F",5.28388888888889,224.983333333333
55,"M",4.76833333333333,225
45,"F",5.30555555555556,225
42,"F",5.20555555555555,225
46,"F",5.35333333333333,225
52,"F",5.30555555555556,225
32,"F",5.13555555555556,225
41,"M",5.19388888888889,225.016666666667
53,"M",4.98333333333333,225.016666666667
53,"M",5.23333333333333,225.016666666667
37,"F",5.09277777777778,225.016666666667
38,"F",5.2,225.016666666667
46,"M",5.19277777777778,225.033333333333
60,"M",5.29555555555556,225.033333333333
42,"F",5.16333333333333,225.033333333333
31,"F",5.26833333333333,225.033333333333
45,"M",5.17611111111111,225.033333333333
32,"F",5.26888888888889,225.05
57,"F",5.33277777777778,225.05
29,"F",5.28,225.05
48,"M",4.93111111111111,225.05
61,"F",5.32555555555556,225.05
51,"M",5.25222222222222,225.066666666667
43,"M",5.08777777777778,225.066666666667
41,"M",4.85166666666667,225.066666666667
57,"M",5.27,225.066666666667
53,"F",5.29,225.066666666667
28,"F",5.195,225.083333333333
59,"F",5.18444444444444,225.083333333333
56,"F",5.23611111111111,225.083333333333
43,"M",5.09722222222222,225.083333333333
45,"F",5.19222222222222,225.083333333333
51,"M",5.075,225.083333333333
50,"M",5.21888888888889,225.1
52,"M",5.28055555555556,225.1
26,"M",5.22388888888889,225.1
49,"F",5.28777777777778,225.1
35,"M",4.69,225.1
22,"M",5.57611111111111,225.1
61,"M",5.11611111111111,225.1
40,"F",5.405,225.1
66,"M",5.29222222222222,225.116666666667
41,"M",4.97722222222222,225.116666666667
43,"F",5.25,225.116666666667
35,"F",5.30722222222222,225.133333333333
33,"M",5.28111111111111,225.133333333333
41,"F",5.38222222222222,225.133333333333
50,"F",5.26333333333333,225.133333333333
22,"M",5.57666666666667,225.133333333333
42,"F",5.18944444444444,225.15
62,"M",5.34277777777778,225.15
44,"M",4.94555555555556,225.15
27,"F",5.21777777777778,225.15
50,"M",5.07444444444444,225.15
27,"F",5.06222222222222,225.15
52,"M",5.23444444444444,225.15
51,"F",5.25444444444444,225.15
49,"F",5.28388888888889,225.15
43,"F",5.20666666666667,225.166666666667
55,"M",5.35888888888889,225.166666666667
55,"F",5.25722222222222,225.166666666667
52,"M",5.27333333333333,225.166666666667
46,"F",5.30388888888889,225.166666666667
39,"M",5.39055555555556,225.183333333333
35,"F",5.12611111111111,225.183333333333
51,"F",5.31111111111111,225.2
41,"F",5.34611111111111,225.2
30,"F",5.30166666666667,225.2
45,"M",4.96166666666667,225.2
30,"F",5.19722222222222,225.216666666667
51,"F",5.20888888888889,225.216666666667
32,"F",5.01111111111111,225.216666666667
46,"F",5.38166666666667,225.216666666667
41,"F",5.28555555555556,225.216666666667
60,"M",5.23555555555556,225.216666666667
32,"M",4.97777777777778,225.216666666667
46,"F",5.28222222222222,225.216666666667
45,"M",5.36,225.216666666667
44,"F",5.36055555555556,225.216666666667
55,"M",5.16,225.233333333333
42,"F",5.26333333333333,225.233333333333
41,"F",5.25333333333333,225.233333333333
61,"M",5.28388888888889,225.233333333333
47,"F",5.37722222222222,225.233333333333
48,"M",5.18611111111111,225.233333333333
19,"F",5.28277777777778,225.25
44,"F",5.22,225.25
45,"F",5.335,225.25
51,"F",5.26111111111111,225.25
38,"F",5.38,225.25
53,"M",5.43277777777778,225.266666666667
66,"M",5.19333333333333,225.266666666667
33,"F",5.14833333333333,225.266666666667
24,"F",5.18944444444444,225.266666666667
42,"M",4.89111111111111,225.283333333333
28,"M",5.02166666666667,225.283333333333
44,"F",5.26944444444444,225.283333333333
65,"M",5.24222222222222,225.3
61,"M",5.36,225.3
50,"F",5.22,225.3
42,"F",5.26166666666667,225.3
44,"F",5.22222222222222,225.316666666667
42,"F",5.29222222222222,225.316666666667
45,"F",5.20388888888889,225.316666666667
40,"F",5.28666666666667,225.316666666667
35,"M",5.01722222222222,225.316666666667
55,"M",5.19944444444444,225.333333333333
24,"F",5.31277777777778,225.333333333333
35,"F",5.38555555555556,225.333333333333
32,"F",5.37444444444444,225.35
37,"F",5.13,225.35
46,"M",5.03666666666667,225.35
63,"M",5.05722222222222,225.35
52,"M",5.3,225.35
36,"F",5.24666666666667,225.35
44,"M",5.26555555555556,225.366666666667
41,"F",5.23055555555556,225.366666666667
40,"F",5.25444444444444,225.366666666667
41,"F",5.32666666666667,225.383333333333
42,"M",5.38055555555556,225.383333333333
52,"M",5.04944444444444,225.383333333333
36,"F",5.27388888888889,225.383333333333
58,"F",5.29555555555556,225.4
52,"F",5.22333333333333,225.4
36,"M",5.00111111111111,225.4
26,"F",5.03166666666667,225.4
28,"F",5.24944444444444,225.4
56,"M",5.22333333333333,225.416666666667
48,"M",5.03277777777778,225.416666666667
49,"M",4.89666666666667,225.416666666667
47,"F",5.34222222222222,225.416666666667
36,"F",5.22166666666667,225.416666666667
49,"M",5.17222222222222,225.416666666667
24,"F",5.25666666666667,225.416666666667
28,"F",5.04277777777778,225.416666666667
51,"M",5.21055555555556,225.416666666667
31,"F",5.195,225.433333333333
39,"F",5.3,225.433333333333
56,"F",5.15333333333333,225.433333333333
18,"M",5.23888888888889,225.45
58,"M",5.17555555555556,225.466666666667
29,"M",5.15833333333333,225.466666666667
41,"F",5.29333333333333,225.466666666667
37,"F",5.32111111111111,225.466666666667
37,"F",5.32111111111111,225.466666666667
49,"F",5.33777777777778,225.466666666667
55,"M",4.79333333333333,225.483333333333
44,"F",5.19,225.483333333333
38,"M",5.31722222222222,225.483333333333
55,"M",5.10555555555556,225.483333333333
38,"F",5.11111111111111,225.483333333333
61,"M",5.165,225.483333333333
55,"M",5.18833333333333,225.5
23,"F",5.31611111111111,225.5
51,"M",5.29888888888889,225.5
43,"F",5.28888888888889,225.5
23,"M",4.72222222222222,225.516666666667
47,"F",5.25388888888889,225.516666666667
24,"M",4.73777777777778,225.516666666667
37,"F",5.11888888888889,225.516666666667
44,"M",5.14444444444444,225.516666666667
58,"M",5.07555555555556,225.533333333333
40,"F",5.23444444444444,225.533333333333
45,"F",5.34777777777778,225.533333333333
40,"F",5.24166666666667,225.55
50,"M",5.19666666666667,225.55
53,"F",5.24777777777778,225.55
27,"F",5.27277777777778,225.55
49,"F",5.36944444444444,225.566666666667
40,"F",5.30444444444444,225.566666666667
48,"F",5.36055555555556,225.566666666667
47,"F",5.44444444444444,225.583333333333
29,"F",5.385,225.583333333333
45,"M",4.93555555555556,225.583333333333
59,"M",5.26611111111111,225.6
41,"F",5.175,225.6
27,"F",5.01833333333333,225.616666666667
35,"F",5.12166666666667,225.616666666667
30,"M",5.14277777777778,225.616666666667
29,"F",5.25277777777778,225.616666666667
45,"F",5.245,225.616666666667
61,"F",5.22277777777778,225.616666666667
50,"M",5.19,225.616666666667
51,"F",5.27277777777778,225.633333333333
47,"F",5.325,225.633333333333
50,"F",5.325,225.633333333333
55,"M",5.00944444444444,225.633333333333
38,"F",5.335,225.633333333333
54,"M",4.885,225.633333333333
42,"F",5.24777777777778,225.633333333333
63,"M",5.06166666666667,225.633333333333
54,"M",4.85222222222222,225.633333333333
36,"F",5.14,225.633333333333
41,"F",5.35277777777778,225.633333333333
43,"F",5.35222222222222,225.633333333333
54,"M",5.33666666666667,225.65
53,"M",5.24777777777778,225.65
52,"M",5.14888888888889,225.65
27,"F",5.25944444444444,225.666666666667
60,"M",5.16055555555556,225.666666666667
23,"F",5.2,225.666666666667
42,"F",5.29277777777778,225.683333333333
33,"F",5.23611111111111,225.683333333333
63,"M",5.31111111111111,225.683333333333
48,"F",5.20388888888889,225.683333333333
51,"F",5.00888888888889,225.683333333333
64,"M",5.32111111111111,225.7
56,"F",5.28444444444444,225.7
41,"F",5.27666666666667,225.7
29,"F",5.24333333333333,225.7
65,"F",5.29611111111111,225.7
56,"M",5.21611111111111,225.7
25,"M",5.115,225.716666666667
42,"F",4.97722222222222,225.716666666667
25,"M",5.11555555555556,225.716666666667
36,"F",5.32666666666667,225.716666666667
35,"M",5.05777777777778,225.716666666667
31,"F",5.11333333333333,225.716666666667
53,"M",5.23388888888889,225.75
38,"M",5.30611111111111,225.75
64,"M",5.08666666666667,225.75
44,"F",5.00611111111111,225.766666666667
29,"F",5.16722222222222,225.766666666667
25,"F",5.01555555555556,225.783333333333
46,"M",4.92666666666667,225.783333333333
46,"F",5.22888888888889,225.783333333333
55,"M",5.28,225.783333333333
30,"F",5.055,225.783333333333
50,"M",5.04666666666667,225.8
50,"M",5.10444444444444,225.8
48,"F",5.21833333333333,225.8
55,"M",5.12888888888889,225.8
28,"F",5.34166666666667,225.816666666667
47,"F",5.36111111111111,225.816666666667
33,"F",5.1,225.816666666667
40,"F",5.35833333333333,225.833333333333
56,"M",5.22833333333333,225.833333333333
44,"M",5.24166666666667,225.833333333333
29,"F",5.39111111111111,225.833333333333
44,"F",5.19777777777778,225.833333333333
36,"F",5.31111111111111,225.85
42,"F",5.21444444444444,225.85
35,"M",5.32555555555556,225.85
53,"M",5.005,225.85
25,"F",5.27833333333333,225.85
51,"F",5.35833333333333,225.85
51,"F",5.35833333333333,225.85
53,"F",5.28222222222222,225.85
35,"F",4.98666666666667,225.866666666667
38,"F",5.01611111111111,225.866666666667
52,"F",5.19388888888889,225.866666666667
45,"F",5.34388888888889,225.866666666667
61,"M",5.25833333333333,225.883333333333
39,"F",5.175,225.9
26,"F",5.20888888888889,225.9
47,"M",5.09166666666667,225.9
53,"F",5.36055555555556,225.9
38,"F",5.23944444444444,225.9
25,"F",5.14611111111111,225.9
63,"M",5.27388888888889,225.916666666667
25,"F",5.065,225.916666666667
35,"F",5.09777777777778,225.933333333333
48,"F",5.26555555555556,225.933333333333
43,"F",5.26833333333333,225.933333333333
27,"F",5.27555555555556,225.95
38,"F",5.33111111111111,225.95
43,"F",5.27555555555556,225.95
25,"F",5.15111111111111,225.95
65,"M",5.39222222222222,225.95
52,"F",5.28833333333333,225.966666666667
33,"M",4.05055555555556,225.966666666667
45,"F",5.33277777777778,225.966666666667
43,"F",5.27888888888889,225.966666666667
54,"M",5.23611111111111,225.966666666667
41,"F",5.22388888888889,225.966666666667
44,"F",5.11333333333333,225.966666666667
34,"F",5.27444444444444,225.966666666667
49,"F",5.28444444444444,225.983333333333
40,"F",5.29333333333333,225.983333333333
23,"F",5.08055555555555,225.983333333333
43,"F",5.21777777777778,225.983333333333
44,"F",4.81611111111111,225.983333333333
38,"F",5.25611111111111,225.983333333333
48,"M",5.23111111111111,225.983333333333
42,"F",5.06333333333333,225.983333333333
32,"F",5.37722222222222,225.983333333333
40,"F",5.28,226
40,"F",5.285,226
54,"M",5.20777777777778,226.016666666667
35,"F",5.21888888888889,226.016666666667
42,"F",5.29611111111111,226.016666666667
45,"F",5.33333333333333,226.016666666667
45,"F",5.22722222222222,226.016666666667
61,"M",5.16611111111111,226.033333333333
41,"F",5.36777777777778,226.033333333333
44,"F",5.32166666666667,226.05
37,"F",5.17888888888889,226.05
28,"F",5.16277777777778,226.05
30,"F",5.18888888888889,226.05
41,"F",5.15666666666667,226.05
53,"M",5.26166666666667,226.066666666667
36,"F",5.29944444444444,226.066666666667
57,"F",5.35666666666667,226.066666666667
56,"F",5.24388888888889,226.083333333333
53,"M",5.35333333333333,226.083333333333
53,"M",5.16333333333333,226.083333333333
29,"F",5.11166666666667,226.083333333333
43,"M",5.455,226.083333333333
35,"F",5.33166666666667,226.083333333333
32,"F",5.33166666666667,226.083333333333
58,"M",5.28388888888889,226.083333333333
41,"F",5.25055555555556,226.083333333333
30,"F",5.35166666666667,226.083333333333
31,"F",5.27111111111111,226.083333333333
57,"M",5.16611111111111,226.1
44,"F",5.40777777777778,226.1
25,"F",5.09277777777778,226.116666666667
31,"F",5.22111111111111,226.116666666667
50,"F",5.19611111111111,226.116666666667
57,"M",5.28055555555556,226.133333333333
58,"F",5.23944444444444,226.133333333333
34,"M",5.00222222222222,226.133333333333
40,"F",5.20666666666667,226.133333333333
38,"F",5.27777777777778,226.133333333333
46,"M",5.01055555555556,226.133333333333
36,"M",5.01,226.133333333333
43,"F",5.21944444444444,226.133333333333
42,"F",5.30388888888889,226.15
28,"F",5.27055555555556,226.15
41,"F",5.36555555555556,226.15
35,"M",5.26888888888889,226.15
46,"M",5.06444444444444,226.15
42,"F",5.31,226.166666666667
49,"F",5.42222222222222,226.166666666667
60,"M",5.35,226.166666666667
25,"M",5.455,226.166666666667
45,"F",5.34888888888889,226.166666666667
54,"M",5.59888888888889,226.183333333333
45,"F",5.28444444444444,226.183333333333
47,"F",5.15777777777778,226.183333333333
45,"F",5.22111111111111,226.183333333333
44,"F",5.28111111111111,226.183333333333
27,"F",5.12944444444444,226.183333333333
38,"F",5.33944444444444,226.2
53,"M",4.45277777777778,226.2
46,"M",4.92555555555556,226.2
46,"M",5.18222222222222,226.2
56,"M",5.12888888888889,226.2
55,"F",5.29888888888889,226.216666666667
58,"M",5.235,226.216666666667
60,"M",5.39888888888889,226.216666666667
67,"M",5.24055555555556,226.233333333333
50,"F",5.30055555555556,226.233333333333
44,"M",5.37444444444444,226.233333333333
49,"F",5.16166666666667,226.233333333333
40,"F",5.20444444444444,226.233333333333
46,"M",5.40944444444444,226.25
60,"M",5.23555555555556,226.25
39,"F",5.43111111111111,226.25
35,"F",5.33611111111111,226.25
51,"M",5.19388888888889,226.266666666667
46,"F",5.42722222222222,226.266666666667
51,"M",5.14666666666667,226.266666666667
21,"F",5.07388888888889,226.283333333333
46,"F",5.36388888888889,226.283333333333
42,"F",5.22,226.3
25,"F",5.32333333333333,226.3
36,"M",4.87277777777778,226.3
24,"F",5.32333333333333,226.3
57,"M",5.24166666666667,226.3
25,"F",5.39555555555556,226.3
48,"F",5.29666666666667,226.3
44,"F",5.13722222222222,226.3
53,"F",5.31055555555556,226.3
45,"F",5.27888888888889,226.3
46,"F",5.41777777777778,226.3
50,"M",5.32055555555556,226.316666666667
41,"F",5.28944444444444,226.316666666667
48,"F",5.26,226.316666666667
55,"M",5.10888888888889,226.316666666667
48,"M",4.65777777777778,226.316666666667
25,"F",4.86888888888889,226.316666666667
45,"F",5.265,226.316666666667
46,"F",5.18888888888889,226.333333333333
22,"F",5.37222222222222,226.333333333333
59,"M",5.32333333333333,226.333333333333
27,"F",5.08166666666667,226.333333333333
27,"F",5.08166666666667,226.333333333333
48,"F",5.31444444444444,226.333333333333
22,"F",5.18777777777778,226.35
51,"F",5.14555555555556,226.35
47,"F",5.14777777777778,226.35
58,"M",5.07444444444444,226.35
37,"F",5.22277777777778,226.35
25,"F",5.07944444444444,226.366666666667
41,"M",4.63944444444444,226.366666666667
34,"F",5.17444444444444,226.366666666667
56,"M",5.205,226.383333333333
48,"M",5.15166666666667,226.383333333333
45,"F",5.37,226.383333333333
41,"F",5.24666666666667,226.4
31,"M",5.07166666666667,226.4
30,"M",5.49055555555556,226.4
60,"M",5.37611111111111,226.4
47,"F",5.295,226.4
45,"M",5.105,226.416666666667
36,"F",5.21666666666667,226.416666666667
56,"M",5.28833333333333,226.416666666667
46,"M",5.17944444444444,226.416666666667
52,"F",5.23055555555556,226.433333333333
51,"M",5.11722222222222,226.433333333333
50,"F",5.27611111111111,226.45
60,"M",5.42,226.45
41,"F",5.22333333333333,226.466666666667
37,"F",5.25777777777778,226.483333333333
34,"F",5.41722222222222,226.483333333333
28,"F",5.30055555555556,226.483333333333
36,"F",5.25888888888889,226.483333333333
44,"F",5.35944444444444,226.483333333333
48,"F",5.25444444444444,226.483333333333
35,"F",5.13055555555556,226.483333333333
52,"F",5.31888888888889,226.5
31,"M",5.52388888888889,226.5
55,"M",5.36055555555556,226.5
41,"F",5.28666666666667,226.5
29,"F",5.26777777777778,226.5
39,"F",5.38555555555556,226.516666666667
41,"M",5.40833333333333,226.533333333333
42,"F",5.26833333333333,226.533333333333
22,"F",5.04777777777778,226.533333333333
41,"F",5.13444444444444,226.533333333333
54,"F",5.35666666666667,226.533333333333
47,"M",4.98555555555556,226.55
49,"F",5.26777777777778,226.55
39,"F",5.17277777777778,226.55
24,"F",5.36555555555556,226.55
63,"M",5.445,226.55
58,"M",5.32888888888889,226.566666666667
45,"F",5.35333333333333,226.566666666667
50,"M",5.22111111111111,226.566666666667
50,"F",5.24,226.566666666667
36,"F",5.07333333333333,226.566666666667
42,"M",5.29722222222222,226.566666666667
27,"F",5.13666666666667,226.566666666667
46,"M",5.36222222222222,226.566666666667
25,"F",5.06944444444444,226.583333333333
28,"F",5.22888888888889,226.583333333333
36,"F",5.03611111111111,226.583333333333
46,"M",5.00888888888889,226.583333333333
25,"F",5.30888888888889,226.583333333333
45,"M",5.04277777777778,226.583333333333
40,"F",5.35555555555556,226.583333333333
56,"M",5.24166666666667,226.583333333333
37,"F",5.32666666666667,226.583333333333
47,"F",5.21777777777778,226.6
57,"M",5.33333333333333,226.6
58,"M",5.21,226.6
42,"F",5.19111111111111,226.6
44,"F",5.24444444444444,226.6
35,"F",5.17388888888889,226.6
31,"F",5.095,226.6
51,"M",5.135,226.6
28,"F",5.24277777777778,226.616666666667
36,"F",5.23888888888889,226.616666666667
24,"F",4.81111111111111,226.616666666667
49,"M",5.36944444444444,226.616666666667
26,"M",5.47666666666667,226.633333333333
36,"F",5.10277777777778,226.633333333333
41,"F",5.25833333333333,226.633333333333
43,"F",4.97888888888889,226.633333333333
58,"M",5.20722222222222,226.633333333333
51,"M",5.26722222222222,226.633333333333
56,"M",5.33722222222222,226.633333333333
67,"M",5.2,226.65
52,"M",5.21777777777778,226.65
62,"M",5.32055555555556,226.65
28,"F",5.29388888888889,226.65
51,"F",5.33055555555555,226.65
52,"M",5.01,226.65
40,"M",4.73055555555556,226.666666666667
50,"F",5.13944444444444,226.666666666667
44,"F",5.39833333333333,226.666666666667
40,"F",5.235,226.683333333333
54,"M",5.28611111111111,226.683333333333
50,"F",5.36888888888889,226.683333333333
39,"F",5.29,226.683333333333
44,"F",5.26444444444444,226.7
27,"F",5.29388888888889,226.7
36,"M",5.27277777777778,226.7
51,"F",5.35055555555556,226.7
60,"M",5.37833333333333,226.7
31,"M",5.33611111111111,226.7
49,"F",5.31777777777778,226.7
47,"F",5.25555555555556,226.716666666667
42,"F",5.30277777777778,226.716666666667
40,"F",5.41722222222222,226.716666666667
36,"F",5.16722222222222,226.75
59,"M",4.96722222222222,226.75
47,"M",5.14277777777778,226.766666666667
52,"F",5.35944444444444,226.766666666667
45,"M",5.31777777777778,226.766666666667
62,"M",5.20555555555555,226.766666666667
36,"M",5.38,226.766666666667
39,"F",5.13777777777778,226.766666666667
40,"F",5.16833333333333,226.766666666667
57,"M",5.24666666666667,226.783333333333
50,"M",5.18555555555556,226.783333333333
28,"F",5.21666666666667,226.783333333333
38,"M",5.29055555555556,226.783333333333
20,"F",5.19,226.8
39,"F",5.31388888888889,226.8
53,"F",5.22722222222222,226.8
22,"M",5.23444444444444,226.8
46,"F",5.465,226.8
62,"M",5.00111111111111,226.816666666667
47,"F",5.25277777777778,226.816666666667
35,"M",5.34833333333333,226.816666666667
47,"F",5.34055555555556,226.816666666667
63,"M",5.10555555555556,226.833333333333
50,"M",4.89388888888889,226.833333333333
53,"M",5.07722222222222,226.833333333333
50,"F",5.33111111111111,226.833333333333
41,"F",5.245,226.833333333333
40,"F",5.34111111111111,226.833333333333
46,"M",5.25944444444444,226.833333333333
56,"F",5.33166666666667,226.833333333333
36,"F",5.29,226.833333333333
26,"F",5.19722222222222,226.833333333333
38,"M",5.12111111111111,226.85
50,"F",5.34111111111111,226.85
47,"F",5.28222222222222,226.85
49,"F",5.25055555555556,226.866666666667
31,"F",5.13222222222222,226.883333333333
52,"F",5.28,226.883333333333
33,"F",4.87111111111111,226.9
53,"M",5.29222222222222,226.9
51,"F",5.29666666666667,226.9
48,"F",5.42944444444444,226.916666666667
42,"M",5.27833333333333,226.916666666667
43,"F",5.20611111111111,226.916666666667
50,"M",5.29777777777778,226.916666666667
33,"F",5.13555555555556,226.916666666667
32,"F",5.01722222222222,226.933333333333
43,"F",5.31777777777778,226.95
35,"F",5.10222222222222,226.95
42,"F",5.18555555555556,226.95
44,"F",5.26611111111111,226.95
57,"M",5.17277777777778,226.966666666667
48,"F",5.21,226.966666666667
42,"F",5.37277777777778,226.966666666667
29,"F",5.22388888888889,226.983333333333
60,"M",5.24222222222222,227
38,"F",5.35166666666667,227
55,"M",5.11777777777778,227
49,"F",5.29222222222222,227
56,"F",5.375,227
57,"M",5.195,227
30,"F",5.39555555555556,227.016666666667
49,"M",5.10777777777778,227.016666666667
45,"F",5.43222222222222,227.016666666667
26,"F",5.22444444444444,227.016666666667
70,"M",5.34555555555556,227.016666666667
46,"F",5.14833333333333,227.016666666667
29,"F",5.28277777777778,227.016666666667
44,"F",5.27833333333333,227.033333333333
23,"F",5.32055555555556,227.033333333333
45,"F",5.31888888888889,227.033333333333
38,"F",5.28222222222222,227.033333333333
27,"M",5.14,227.033333333333
55,"F",5.39722222222222,227.066666666667
30,"F",5.22888888888889,227.066666666667
50,"M",4.99444444444444,227.066666666667
61,"M",5.14333333333333,227.083333333333
32,"F",5.24833333333333,227.083333333333
65,"M",5.37666666666667,227.1
45,"F",5.215,227.1
57,"F",5.34722222222222,227.1
60,"M",5.43333333333333,227.1
41,"F",5.325,227.1
23,"F",5.25944444444444,227.1
45,"M",5.31333333333333,227.1
38,"F",5.29222222222222,227.116666666667
30,"F",5.31611111111111,227.116666666667
53,"F",5.30388888888889,227.116666666667
50,"M",5.24277777777778,227.133333333333
30,"F",5.22777777777778,227.133333333333
51,"F",5.30333333333333,227.133333333333
35,"F",5.20388888888889,227.133333333333
46,"F",5.14166666666667,227.15
38,"F",5.19722222222222,227.15
57,"F",5.25666666666667,227.15
45,"F",5.35833333333333,227.15
49,"F",5.31166666666667,227.15
57,"M",5.23444444444444,227.15
46,"F",5.39666666666667,227.15
41,"F",5.26833333333333,227.166666666667
28,"F",5.29277777777778,227.166666666667
44,"M",4.93222222222222,227.166666666667
53,"M",5.47055555555556,227.166666666667
27,"F",5.29,227.166666666667
47,"F",5.38111111111111,227.183333333333
46,"F",5.33388888888889,227.183333333333
29,"F",5.00277777777778,227.183333333333
58,"M",5.39833333333333,227.2
46,"F",5.32944444444444,227.2
43,"F",5.15666666666667,227.2
55,"M",4.88,227.2
33,"M",5.22777777777778,227.2
51,"F",5.32777777777778,227.216666666667
40,"F",5.01611111111111,227.216666666667
42,"F",5.18944444444444,227.216666666667
46,"F",5.23666666666667,227.216666666667
58,"M",4.99444444444444,227.233333333333
57,"F",5.16833333333333,227.233333333333
38,"F",5.185,227.233333333333
46,"M",4.63,227.25
43,"F",5.38722222222222,227.25
46,"F",5.34166666666667,227.25
49,"F",5.33055555555555,227.25
48,"F",5.36444444444444,227.25
42,"F",5.35,227.266666666667
45,"F",5.33944444444444,227.283333333333
58,"F",5.32944444444444,227.283333333333
41,"F",5.20055555555556,227.283333333333
47,"M",5.27222222222222,227.3
53,"M",5.26111111111111,227.3
54,"M",5.14388888888889,227.3
54,"M",5.17388888888889,227.3
48,"M",4.84944444444444,227.3
40,"F",5.38,227.316666666667
45,"F",5.30388888888889,227.316666666667
32,"F",5.25611111111111,227.333333333333
49,"F",5.36611111111111,227.333333333333
42,"F",5.27333333333333,227.333333333333
45,"F",5.26,227.333333333333
66,"M",5.23166666666667,227.333333333333
49,"F",5.21777777777778,227.366666666667
49,"F",5.09111111111111,227.366666666667
59,"M",5.32111111111111,227.366666666667
42,"M",4.88944444444444,227.366666666667
46,"F",5.38888888888889,227.366666666667
59,"M",5.32111111111111,227.366666666667
46,"F",5.10333333333333,227.366666666667
46,"F",5.23277777777778,227.366666666667
44,"F",5.36388888888889,227.366666666667
58,"M",5.34777777777778,227.383333333333
51,"F",5.36777777777778,227.383333333333
50,"F",5.11555555555556,227.383333333333
44,"F",5.27444444444444,227.383333333333
37,"F",5.24888888888889,227.383333333333
47,"F",5.31833333333333,227.383333333333
56,"F",5.30222222222222,227.383333333333
50,"M",5.37722222222222,227.383333333333
29,"F",5.20611111111111,227.383333333333
38,"F",5.31166666666667,227.4
38,"M",5.21166666666667,227.4
51,"M",5.21777777777778,227.4
45,"F",5.25555555555556,227.4
22,"F",5.10722222222222,227.4
53,"M",5.10722222222222,227.4
40,"M",5.23611111111111,227.4
47,"M",5.16777777777778,227.4
47,"F",5.29722222222222,227.4
36,"F",5.17555555555556,227.4
63,"M",5.30166666666667,227.4
30,"F",5.21666666666667,227.416666666667
42,"F",5.28166666666667,227.416666666667
37,"M",5.07388888888889,227.416666666667
29,"F",5.43833333333333,227.416666666667
42,"F",5.39388888888889,227.433333333333
61,"M",5.15333333333333,227.433333333333
25,"F",5.23,227.433333333333
48,"F",5.31111111111111,227.433333333333
26,"M",5.33333333333333,227.433333333333
38,"F",5.07611111111111,227.433333333333
19,"M",4.97777777777778,227.45
50,"M",5.10166666666667,227.45
40,"F",5.24388888888889,227.45
45,"F",5.33722222222222,227.466666666667
54,"M",5.195,227.466666666667
45,"F",5.44388888888889,227.483333333333
65,"M",5.39666666666667,227.483333333333
45,"F",5.37944444444444,227.483333333333
55,"M",5.27777777777778,227.483333333333
56,"M",5.15555555555556,227.5
57,"F",5.31611111111111,227.5
41,"F",5.28444444444444,227.516666666667
38,"M",5.46111111111111,227.516666666667
41,"F",5.28222222222222,227.516666666667
44,"F",5.41555555555556,227.516666666667
58,"F",5.30388888888889,227.516666666667
26,"F",5.28777777777778,227.516666666667
53,"M",5.08,227.516666666667
45,"F",5.35333333333333,227.533333333333
40,"F",5.44333333333333,227.533333333333
42,"M",5.06222222222222,227.533333333333
55,"F",5.13777777777778,227.533333333333
54,"F",5.34055555555556,227.55
57,"M",5.33222222222222,227.55
60,"M",5.34055555555556,227.55
45,"M",5.39888888888889,227.55
56,"M",4.97333333333333,227.566666666667
51,"F",5.2,227.566666666667
52,"M",5.24444444444444,227.566666666667
51,"F",5.385,227.566666666667
21,"F",5.10888888888889,227.566666666667
46,"F",5.31333333333333,227.566666666667
51,"F",5.40555555555556,227.566666666667
44,"F",5.34944444444444,227.566666666667
39,"F",5.40111111111111,227.566666666667
44,"M",5.285,227.583333333333
59,"M",5.17944444444444,227.583333333333
29,"F",5.07666666666667,227.6
46,"M",5.30444444444444,227.6
61,"M",5.18833333333333,227.6
53,"F",5.20611111111111,227.6
42,"F",5.29444444444445,227.6
51,"F",5.35944444444444,227.616666666667
47,"F",5.25222222222222,227.633333333333
22,"F",5.31111111111111,227.633333333333
55,"F",5.33944444444444,227.65
62,"M",5.2,227.65
47,"M",5.06444444444444,227.65
51,"M",4.83333333333333,227.65
49,"F",5.41388888888889,227.65
61,"M",5.22555555555556,227.65
33,"F",5.04055555555556,227.666666666667
58,"M",5.14388888888889,227.666666666667
45,"M",4.86777777777778,227.666666666667
24,"F",5.36055555555556,227.666666666667
46,"M",5.33833333333333,227.666666666667
60,"M",5.18555555555556,227.683333333333
44,"F",5.34611111111111,227.683333333333
59,"M",5.07944444444444,227.683333333333
47,"M",5.345,227.683333333333
42,"M",5.24888888888889,227.683333333333
48,"F",5.33777777777778,227.683333333333
41,"F",5.27611111111111,227.7
46,"M",5.075,227.7
60,"M",5.26222222222222,227.716666666667
49,"F",5.36277777777778,227.716666666667
42,"F",5.23833333333333,227.716666666667
57,"M",5.14666666666667,227.716666666667
31,"M",4.92,227.716666666667
29,"F",5.26888888888889,227.716666666667
55,"M",5.18055555555556,227.716666666667
50,"M",5.24055555555556,227.716666666667
33,"F",5.22222222222222,227.733333333333
46,"F",5.31222222222222,227.733333333333
48,"M",4.95111111111111,227.733333333333
47,"F",5.15,227.733333333333
51,"F",5.23833333333333,227.733333333333
26,"F",5.15777777777778,227.75
50,"M",5.32166666666667,227.75
61,"M",5.36,227.75
42,"F",5.23333333333333,227.75
48,"F",5.32222222222222,227.75
58,"F",5.26611111111111,227.75
38,"F",5.28,227.75
42,"F",5.33166666666667,227.766666666667
49,"F",5.30166666666667,227.766666666667
48,"F",5.32722222222222,227.783333333333
46,"M",5.195,227.783333333333
46,"F",5.32722222222222,227.783333333333
62,"M",5.28166666666667,227.783333333333
51,"M",5.195,227.783333333333
27,"F",5.28222222222222,227.783333333333
40,"M",4.91333333333333,227.783333333333
59,"M",5.31555555555556,227.8
61,"M",5.33555555555556,227.8
49,"F",5.40055555555556,227.8
48,"F",5.27944444444444,227.816666666667
50,"M",5.22055555555556,227.816666666667
66,"M",5.40722222222222,227.833333333333
52,"M",5.39833333333333,227.833333333333
45,"M",4.37833333333333,227.833333333333
44,"F",5.22222222222222,227.833333333333
34,"M",5.26111111111111,227.833333333333
42,"M",5.09777777777778,227.833333333333
54,"M",5.22444444444444,227.85
44,"F",5.25611111111111,227.85
41,"F",5.35666666666667,227.85
53,"M",5.06,227.85
32,"F",5.35222222222222,227.866666666667
47,"F",5.29833333333333,227.866666666667
26,"M",5.35277777777778,227.866666666667
53,"F",5.36888888888889,227.866666666667
46,"F",5.27611111111111,227.866666666667
46,"F",5.25277777777778,227.866666666667
38,"F",5.23166666666667,227.866666666667
48,"M",5.08444444444444,227.883333333333
35,"F",5.18444444444444,227.883333333333
21,"M",5.36833333333333,227.883333333333
50,"M",5.08444444444444,227.883333333333
21,"F",5.36833333333333,227.883333333333
30,"F",5.35333333333333,227.9
61,"F",5.34388888888889,227.9
55,"M",4.75333333333333,227.9
45,"M",5.38722222222222,227.9
47,"F",5.27,227.916666666667
47,"F",5.35888888888889,227.916666666667
45,"M",5.18888888888889,227.916666666667
46,"M",5.29,227.933333333333
48,"F",5.37166666666667,227.933333333333
50,"F",5.35333333333333,227.933333333333
42,"F",5.43,227.933333333333
35,"F",5.4,227.933333333333
51,"M",5.08222222222222,227.933333333333
26,"F",4.92777777777778,227.933333333333
46,"F",5.41888888888889,227.933333333333
50,"F",5.40888888888889,227.95
44,"F",5.41888888888889,227.95
25,"F",5.35722222222222,227.95
52,"F",5.29833333333333,227.95
45,"F",5.26111111111111,227.95
46,"F",5.09777777777778,227.95
30,"M",5.24388888888889,227.95
21,"F",5.33722222222222,227.966666666667
26,"F",5.33777777777778,227.966666666667
44,"F",5.25833333333333,227.966666666667
35,"F",5.46388888888889,227.966666666667
42,"F",5.34277777777778,227.966666666667
65,"M",5.27222222222222,227.966666666667
62,"M",5.21611111111111,227.983333333333
63,"M",5.37333333333333,227.983333333333
53,"M",5.03611111111111,227.983333333333
36,"F",5.19277777777778,227.983333333333
43,"F",5.315,227.983333333333
49,"F",5.35722222222222,227.983333333333
43,"F",5.19444444444444,227.983333333333
26,"F",4.89277777777778,228
57,"M",5.2,228
27,"F",5.30055555555556,228
28,"M",5.24833333333333,228
36,"F",5.30388888888889,228.016666666667
42,"F",5.22,228.016666666667
50,"F",5.49333333333333,228.016666666667
47,"F",5.25444444444444,228.016666666667
35,"F",5.30277777777778,228.016666666667
46,"F",5.29166666666667,228.016666666667
29,"F",5.21888888888889,228.016666666667
66,"M",5.32611111111111,228.016666666667
43,"F",5.41944444444445,228.033333333333
23,"F",5.005,228.033333333333
40,"F",5.31611111111111,228.033333333333
55,"M",5.145,228.033333333333
53,"F",5.315,228.05
28,"F",5.17888888888889,228.05
38,"M",5.38944444444444,228.05
53,"F",5.32388888888889,228.05
35,"F",5.21388888888889,228.066666666667
40,"F",5.36666666666667,228.066666666667
50,"M",5.02833333333333,228.066666666667
39,"F",5.45944444444444,228.066666666667
24,"F",5.18166666666667,228.066666666667
31,"F",5.17166666666667,228.083333333333
49,"M",5.31055555555556,228.083333333333
34,"M",5.32611111111111,228.083333333333
40,"F",5.33833333333333,228.083333333333
46,"F",5.29611111111111,228.083333333333
40,"F",5.17555555555556,228.083333333333
26,"M",5.42944444444444,228.083333333333
48,"F",5.35111111111111,228.083333333333
56,"F",5.39333333333333,228.083333333333
43,"F",5.31222222222222,228.1
38,"F",5.47,228.1
25,"F",5.22333333333333,228.1
38,"F",5.47,228.1
39,"F",5.15222222222222,228.116666666667
34,"F",5.21277777777778,228.133333333333
54,"F",5.31111111111111,228.133333333333
36,"M",5.00611111111111,228.133333333333
48,"F",5.12611111111111,228.133333333333
39,"F",5.27166666666667,228.15
45,"F",5.32,228.166666666667
37,"F",5.27,228.183333333333
28,"F",5.03555555555556,228.183333333333
47,"F",5.36777777777778,228.183333333333
46,"F",5.48944444444444,228.2
38,"F",5.45277777777778,228.2
45,"F",5.28666666666667,228.2
37,"F",5.45333333333333,228.2
50,"F",5.14722222222222,228.216666666667
53,"M",5.30166666666667,228.216666666667
52,"F",5.255,228.216666666667
47,"F",5.405,228.216666666667
35,"F",5.37111111111111,228.216666666667
29,"F",5.39,228.216666666667
48,"F",5.29722222222222,228.233333333333
45,"F",5.40944444444444,228.233333333333
43,"F",5.32444444444444,228.233333333333
40,"F",5.32444444444444,228.233333333333
30,"F",5.01444444444444,228.25
41,"F",5.36222222222222,228.25
26,"F",5.35277777777778,228.25
63,"M",5.26,228.25
61,"M",5.36055555555556,228.266666666667
28,"F",4.98833333333333,228.266666666667
31,"F",5.42222222222222,228.266666666667
60,"M",5.44,228.283333333333
45,"F",5.19888888888889,228.283333333333
21,"F",5.03833333333333,228.3
52,"F",5.06333333333333,228.3
45,"F",5.32333333333333,228.3
46,"M",5.35166666666667,228.3
65,"M",5.32666666666667,228.316666666667
26,"F",5.26222222222222,228.316666666667
52,"F",5.32055555555556,228.316666666667
54,"F",5.24277777777778,228.316666666667
60,"M",5.14777777777778,228.316666666667
48,"F",5.06833333333333,228.316666666667
33,"M",5.40888888888889,228.333333333333
52,"M",5.30555555555556,228.333333333333
41,"F",5.175,228.35
64,"M",5.40055555555556,228.35
50,"F",5.26222222222222,228.35
65,"M",5.26444444444444,228.35
45,"F",5.48555555555556,228.35
37,"F",5.165,228.35
58,"M",5.30666666666667,228.366666666667
61,"F",5.30722222222222,228.366666666667
47,"M",5.28277777777778,228.366666666667
50,"F",5.28777777777778,228.366666666667
51,"M",5.01777777777778,228.366666666667
36,"F",5.14777777777778,228.366666666667
58,"M",5.29,228.366666666667
44,"F",5.27722222222222,228.383333333333
30,"F",5.52611111111111,228.383333333333
62,"M",5.24666666666667,228.383333333333
48,"F",5.37944444444444,228.383333333333
50,"F",5.33166666666667,228.383333333333
24,"F",5.03611111111111,228.383333333333
38,"F",5.32555555555556,228.383333333333
41,"F",5.37666666666667,228.383333333333
57,"M",5.02833333333333,228.4
57,"M",5.20611111111111,228.4
45,"F",5.36055555555556,228.4
52,"F",5.16333333333333,228.416666666667
45,"F",5.28555555555556,228.416666666667
45,"M",5.30833333333333,228.416666666667
40,"F",5.36222222222222,228.416666666667
54,"F",5.41888888888889,228.416666666667
50,"F",5.39666666666667,228.416666666667
33,"F",5.245,228.416666666667
50,"F",5.29388888888889,228.416666666667
54,"F",5.30888888888889,228.433333333333
67,"M",5.13888888888889,228.433333333333
40,"M",4.73333333333333,228.433333333333
49,"M",5.26,228.433333333333
47,"F",5.39388888888889,228.433333333333
46,"F",5.25833333333333,228.433333333333
58,"M",5.17111111111111,228.45
42,"F",5.31388888888889,228.45
46,"F",5.25888888888889,228.45
38,"M",4.88722222222222,228.45
47,"M",5.26055555555556,228.45
51,"F",5.38333333333333,228.45
21,"F",5.18444444444444,228.45
60,"M",5.37888888888889,228.45
39,"F",5.17166666666667,228.466666666667
31,"F",5.12166666666667,228.466666666667
51,"M",4.82,228.466666666667
59,"M",5.30722222222222,228.466666666667
43,"M",5.19333333333333,228.466666666667
39,"F",5.19277777777778,228.483333333333
56,"M",5.31666666666667,228.483333333333
25,"M",5.34111111111111,228.5
51,"M",5.08833333333333,228.5
47,"F",5.31833333333333,228.5
38,"F",5.095,228.516666666667
51,"F",5.35444444444444,228.516666666667
45,"F",5.30388888888889,228.516666666667
46,"F",5.28944444444444,228.516666666667
40,"F",5.255,228.533333333333
48,"F",5.30833333333333,228.533333333333
62,"M",5.42666666666667,228.533333333333
64,"M",5.21611111111111,228.533333333333
25,"F",5.32166666666667,228.533333333333
37,"M",5.30333333333333,228.533333333333
33,"F",5.30333333333333,228.533333333333
49,"M",5.02055555555556,228.55
48,"F",5.38,228.55
40,"F",5.24666666666667,228.55
55,"F",5.26388888888889,228.55
27,"M",5.41722222222222,228.55
38,"F",5.32888888888889,228.55
57,"M",5.33,228.566666666667
41,"F",5.28611111111111,228.583333333333
54,"M",5.22166666666667,228.583333333333
43,"F",5.29444444444445,228.583333333333
38,"F",5.17388888888889,228.583333333333
31,"F",5.345,228.583333333333
54,"F",5.17,228.583333333333
54,"M",5.24333333333333,228.583333333333
25,"F",5.33333333333333,228.6
40,"F",5.23833333333333,228.6
52,"F",5.38777777777778,228.6
29,"F",5.43555555555556,228.6
55,"F",5.34222222222222,228.616666666667
39,"F",5.27222222222222,228.616666666667
60,"M",5.37277777777778,228.616666666667
72,"M",5.325,228.616666666667
50,"F",5.35166666666667,228.616666666667
56,"F",5.265,228.616666666667
50,"F",5.29333333333333,228.616666666667
40,"F",5.24611111111111,228.616666666667
40,"F",5.20277777777778,228.616666666667
62,"F",5.25944444444444,228.616666666667
57,"F",5.34777777777778,228.616666666667
54,"M",5.36166666666667,228.616666666667
45,"M",5.26111111111111,228.616666666667
66,"M",5.36166666666667,228.633333333333
36,"M",5.18888888888889,228.633333333333
36,"F",5.20333333333333,228.633333333333
30,"F",5.21888888888889,228.65
58,"M",5.14388888888889,228.65
37,"F",5.33,228.65
40,"F",5.24611111111111,228.65
56,"F",5.38166666666667,228.65
50,"F",5.29944444444444,228.666666666667
32,"F",5.37722222222222,228.666666666667
40,"F",5.38166666666667,228.666666666667
48,"M",5.38166666666667,228.666666666667
46,"F",5.25388888888889,228.666666666667
58,"M",5.22888888888889,228.666666666667
52,"M",5.12444444444444,228.666666666667
61,"F",5.43222222222222,228.683333333333
58,"M",5.325,228.683333333333
25,"F",5.11666666666667,228.683333333333
65,"M",5.37111111111111,228.683333333333
29,"F",5.11666666666667,228.683333333333
53,"F",5.31888888888889,228.7
46,"F",5.28666666666667,228.7
59,"M",5.06833333333333,228.7
45,"M",5.30166666666667,228.7
46,"F",5.26,228.7
35,"M",5.23388888888889,228.7
46,"F",5.29277777777778,228.716666666667
61,"M",5.39222222222222,228.716666666667
51,"M",5.29277777777778,228.716666666667
58,"M",5.16555555555556,228.733333333333
40,"M",5.47777777777778,228.733333333333
53,"M",5.12333333333333,228.75
50,"F",5.32666666666667,228.75
53,"F",5.34277777777778,228.75
25,"M",5.34333333333333,228.75
34,"M",5.35222222222222,228.75
32,"F",5.30222222222222,228.75
63,"M",5.43555555555556,228.766666666667
51,"F",5.33777777777778,228.766666666667
46,"M",5.24944444444444,228.783333333333
43,"F",5.27833333333333,228.783333333333
51,"M",5.2,228.783333333333
49,"F",5.2,228.783333333333
26,"F",5.34333333333333,228.8
21,"F",5.23777777777778,228.8
33,"F",5.24111111111111,228.8
26,"F",5.29277777777778,228.8
20,"F",5.24,228.8
38,"F",5.21833333333333,228.8
53,"M",5.14388888888889,228.816666666667
56,"F",5.25111111111111,228.816666666667
63,"F",5.285,228.816666666667
53,"M",5.39555555555556,228.816666666667
52,"M",4.99944444444444,228.816666666667
49,"M",5.43833333333333,228.833333333333
42,"F",5.305,228.833333333333
56,"M",5.295,228.833333333333
36,"F",5.35444444444444,228.833333333333
37,"F",5.04055555555556,228.833333333333
42,"F",5.39555555555556,228.833333333333
45,"F",5.41722222222222,228.833333333333
48,"F",5.39444444444444,228.833333333333
55,"F",5.48444444444444,228.833333333333
51,"M",5.17944444444444,228.833333333333
51,"M",5.32944444444444,228.85
65,"M",5.35611111111111,228.85
26,"F",5.24166666666667,228.85
61,"M",5.43111111111111,228.85
61,"M",5.445,228.85
47,"F",5.37944444444444,228.85
60,"M",5.29333333333333,228.85
53,"M",5.05888888888889,228.866666666667
43,"F",5.27,228.866666666667
27,"F",5.21222222222222,228.866666666667
40,"F",5.41444444444444,228.866666666667
52,"M",4.90833333333333,228.866666666667
37,"F",5.37055555555556,228.866666666667
46,"F",5.37777777777778,228.866666666667
53,"M",5.33,228.883333333333
40,"F",5.20944444444444,228.883333333333
21,"M",5.3,228.883333333333
40,"F",5.24777777777778,228.883333333333
66,"M",5.18722222222222,228.883333333333
44,"M",5.30166666666667,228.883333333333
55,"F",5.30611111111111,228.883333333333
35,"F",5.29444444444445,228.9
35,"F",5.41444444444444,228.9
46,"F",5.26722222222222,228.9
45,"F",5.13277777777778,228.916666666667
33,"F",5.16055555555556,228.916666666667
53,"F",5.28555555555556,228.916666666667
42,"F",5.24388888888889,228.916666666667
51,"M",5.13555555555556,228.916666666667
41,"F",5.245,228.916666666667
68,"F",5.23166666666667,228.916666666667
28,"M",4.99333333333333,228.933333333333
28,"F",5.25833333333333,228.933333333333
36,"F",5.30388888888889,228.933333333333
47,"F",5.33777777777778,228.933333333333
60,"M",5.235,228.933333333333
42,"M",5.53277777777778,228.933333333333
40,"F",5.26777777777778,228.95
45,"F",5.35944444444444,228.95
42,"F",5.28,228.95
53,"M",5.125,228.95
34,"F",5.19111111111111,228.95
51,"F",5.31666666666667,228.95
41,"F",5.35777777777778,228.95
39,"F",5.35611111111111,228.95
50,"F",5.41055555555556,228.95
50,"F",5.35,228.966666666667
43,"F",5.41055555555556,228.966666666667
27,"M",5.06166666666667,228.966666666667
52,"F",5.28388888888889,228.966666666667
36,"M",5.18833333333333,228.983333333333
37,"M",5.03111111111111,228.983333333333
50,"F",5.40777777777778,228.983333333333
28,"F",5.24166666666667,229
50,"F",5.27944444444444,229
48,"M",5.29277777777778,229
44,"F",5.41,229
43,"M",5.41111111111111,229
47,"M",5.00944444444444,229
59,"M",5.25166666666667,229.016666666667
59,"M",5.295,229.016666666667
47,"F",5.31666666666667,229.016666666667
47,"F",5.43722222222222,229.033333333333
38,"F",5.27333333333333,229.033333333333
48,"F",5.33277777777778,229.033333333333
66,"M",5.24611111111111,229.033333333333
36,"F",5.47388888888889,229.033333333333
23,"F",5.36888888888889,229.033333333333
44,"F",5.23444444444444,229.05
32,"F",5.24944444444444,229.05
55,"M",5.09222222222222,229.05
62,"M",5.375,229.05
30,"M",5.35777777777778,229.05
23,"F",5.50833333333333,229.066666666667
53,"F",5.30277777777778,229.066666666667
56,"M",5.31166666666667,229.066666666667
32,"F",5.14388888888889,229.066666666667
50,"F",5.40222222222222,229.066666666667
45,"F",5.44277777777778,229.083333333333
52,"F",5.35944444444444,229.083333333333
44,"F",5.36,229.083333333333
33,"M",5.09222222222222,229.116666666667
61,"M",5.35611111111111,229.116666666667
40,"F",5.40666666666667,229.116666666667
40,"F",5.22722222222222,229.116666666667
46,"F",5.34444444444444,229.133333333333
40,"F",5.40722222222222,229.133333333333
64,"M",5.435,229.133333333333
32,"M",5.08611111111111,229.133333333333
36,"F",5.31388888888889,229.133333333333
33,"F",5.40722222222222,229.133333333333
48,"F",5.37055555555556,229.133333333333
42,"F",5.40722222222222,229.15
35,"M",5.28722222222222,229.15
44,"F",5.20666666666667,229.15
57,"F",5.39666666666667,229.15
46,"F",5.46055555555556,229.15
63,"M",5.31722222222222,229.15
26,"F",5.28777777777778,229.15
31,"F",5.40888888888889,229.166666666667
53,"F",5.34833333333333,229.166666666667
50,"M",5.20833333333333,229.166666666667
57,"M",5.20833333333333,229.166666666667
36,"F",5.20444444444444,229.166666666667
39,"F",5.34666666666667,229.166666666667
21,"F",5.14888888888889,229.166666666667
52,"F",5.28444444444444,229.183333333333
60,"M",5.49833333333333,229.183333333333
40,"F",5.37722222222222,229.183333333333
55,"M",4.97833333333333,229.183333333333
50,"M",5.395,229.2
41,"F",5.37111111111111,229.2
48,"F",5.315,229.2
20,"M",5.16277777777778,229.2
46,"F",5.37388888888889,229.216666666667
42,"M",5.09888888888889,229.216666666667
46,"M",5.25611111111111,229.216666666667
46,"F",5.42166666666667,229.216666666667
45,"F",5.38222222222222,229.216666666667
64,"M",5.26611111111111,229.216666666667
49,"F",5.25611111111111,229.216666666667
45,"F",5.36111111111111,229.216666666667
34,"F",5.32777777777778,229.233333333333
54,"F",5.475,229.233333333333
22,"F",4.88333333333333,229.233333333333
49,"F",5.28333333333333,229.233333333333
57,"M",5.29666666666667,229.25
48,"F",5.38944444444444,229.25
52,"M",5.37944444444444,229.25
60,"F",5.36388888888889,229.25
46,"F",5.27777777777778,229.266666666667
41,"M",5.24611111111111,229.266666666667
60,"M",5.20388888888889,229.266666666667
46,"M",5.39833333333333,229.266666666667
55,"M",5.28055555555556,229.283333333333
60,"M",5.30166666666667,229.283333333333
29,"F",4.92055555555556,229.283333333333
41,"F",5.28277777777778,229.283333333333
64,"M",5.13722222222222,229.283333333333
45,"F",5.54944444444444,229.283333333333
36,"F",5.49555555555556,229.283333333333
40,"M",5.355,229.283333333333
62,"M",5.15555555555556,229.3
47,"F",5.27611111111111,229.3
49,"F",5.39722222222222,229.3
57,"F",5.43833333333333,229.3
38,"M",5.09833333333333,229.3
59,"M",5.37111111111111,229.3
44,"F",5.35555555555556,229.316666666667
41,"F",5.31611111111111,229.316666666667
46,"F",5.42222222222222,229.316666666667
46,"M",5.15666666666667,229.333333333333
39,"F",5.345,229.333333333333
57,"F",5.38388888888889,229.333333333333
26,"F",5.19833333333333,229.35
41,"F",5.34555555555556,229.35
40,"F",5.34555555555556,229.35
45,"F",5.29111111111111,229.35
46,"M",5.38388888888889,229.35
39,"F",5.34555555555556,229.35
68,"M",5.29166666666667,229.366666666667
38,"F",5.18,229.366666666667
50,"M",4.70055555555556,229.366666666667
51,"F",5.46333333333333,229.366666666667
53,"F",5.32222222222222,229.366666666667
48,"F",5.095,229.383333333333
40,"F",5.20277777777778,229.383333333333
49,"F",5.23222222222222,229.4
43,"F",5.47055555555556,229.4
43,"F",5.23888888888889,229.4
63,"M",5.34722222222222,229.4
47,"M",5.165,229.416666666667
43,"F",5.33777777777778,229.416666666667
48,"M",5.165,229.416666666667
63,"M",5.35777777777778,229.433333333333
24,"F",5.20555555555555,229.433333333333
59,"M",5.305,229.433333333333
48,"F",5.35833333333333,229.45
61,"M",5.35777777777778,229.466666666667
26,"F",5.37611111111111,229.466666666667
55,"F",5.48277777777778,229.466666666667
42,"F",5.375,229.466666666667
27,"F",5.48722222222222,229.466666666667
38,"F",5.28666666666667,229.483333333333
48,"F",5.33,229.483333333333
30,"F",5.39833333333333,229.483333333333
61,"M",5.30277777777778,229.483333333333
40,"M",5.44333333333333,229.483333333333
41,"F",5.24944444444444,229.483333333333
58,"M",5.26777777777778,229.5
56,"M",5.42166666666667,229.5
47,"M",5.15833333333333,229.5
55,"M",5.29055555555556,229.516666666667
59,"M",5.24944444444444,229.516666666667
42,"F",5.35777777777778,229.516666666667
40,"F",5.36944444444444,229.516666666667
35,"F",5.19444444444444,229.516666666667
51,"F",5.37777777777778,229.533333333333
55,"M",5.39222222222222,229.533333333333
63,"M",5.36,229.533333333333
44,"F",5.25888888888889,229.533333333333
45,"F",5.42055555555556,229.533333333333
54,"M",4.66722222222222,229.533333333333
37,"M",5.22166666666667,229.533333333333
46,"F",5.30944444444444,229.533333333333
46,"F",5.35555555555556,229.55
46,"F",5.39,229.55
50,"F",5.42555555555556,229.55
45,"F",5.35222222222222,229.566666666667
46,"F",5.39833333333333,229.566666666667
61,"M",5.36611111111111,229.566666666667
49,"M",5.19777777777778,229.566666666667
47,"F",5.23111111111111,229.566666666667
42,"F",5.29833333333333,229.583333333333
52,"F",5.48722222222222,229.583333333333
41,"M",5.23555555555556,229.6
29,"F",5.35722222222222,229.6
55,"M",5.35722222222222,229.6
53,"F",5.40722222222222,229.6
52,"F",5.43388888888889,229.6
50,"M",5.37888888888889,229.6
40,"F",5.23111111111111,229.6
28,"F",5.26222222222222,229.616666666667
34,"F",5.26333333333333,229.616666666667
55,"M",5.335,229.633333333333
59,"F",5.40166666666667,229.633333333333
28,"F",5.19777777777778,229.633333333333
60,"M",5.40833333333333,229.65
49,"M",5.22111111111111,229.65
55,"M",5.22,229.65
45,"M",4.95444444444444,229.65
40,"F",5.23222222222222,229.666666666667
39,"F",5.15111111111111,229.666666666667
46,"M",5.00666666666667,229.666666666667
38,"F",5.45277777777778,229.666666666667
60,"M",5.27444444444444,229.666666666667
58,"M",5.23277777777778,229.666666666667
34,"F",5.17055555555556,229.683333333333
41,"F",5.33944444444444,229.683333333333
39,"F",5.35444444444444,229.683333333333
22,"M",5.04277777777778,229.7
64,"M",5.28888888888889,229.7
26,"F",5.19888888888889,229.716666666667
45,"F",5.21,229.716666666667
30,"M",5.34166666666667,229.716666666667
53,"F",5.445,229.716666666667
45,"F",5.37,229.733333333333
52,"F",5.36333333333333,229.733333333333
50,"F",5.35388888888889,229.733333333333
57,"F",5.375,229.733333333333
36,"F",5.30166666666667,229.733333333333
51,"M",5.12055555555556,229.75
20,"F",5.26944444444444,229.75
52,"M",5.04833333333333,229.75
33,"M",5.35222222222222,229.766666666667
67,"M",5.26,229.766666666667
36,"F",5.33833333333333,229.766666666667
44,"M",5.34,229.766666666667
31,"M",5.42055555555556,229.783333333333
56,"M",5.29277777777778,229.783333333333
36,"M",5.38166666666667,229.783333333333
54,"M",5.165,229.783333333333
41,"F",5.34555555555556,229.8
34,"M",5.34277777777778,229.8
50,"F",5.38611111111111,229.8
27,"F",5.34277777777778,229.8
47,"F",5.35722222222222,229.8
50,"M",5.31222222222222,229.8
54,"F",5.41833333333333,229.816666666667
61,"M",5.28666666666667,229.816666666667
67,"M",5.38333333333333,229.816666666667
28,"M",5.29444444444445,229.816666666667
35,"F",5.39611111111111,229.816666666667
47,"F",5.45611111111111,229.833333333333
29,"F",5.38777777777778,229.833333333333
63,"M",5.49111111111111,229.833333333333
52,"F",5.41777777777778,229.833333333333
57,"M",5.21444444444444,229.833333333333
49,"F",5.48277777777778,229.833333333333
48,"F",5.36388888888889,229.85
50,"M",5,229.85
38,"F",5.43111111111111,229.85
34,"F",4.96333333333333,229.85
45,"F",5.37444444444444,229.85
51,"F",5.47,229.85
54,"M",5.38444444444444,229.866666666667
36,"F",5.38777777777778,229.866666666667
51,"F",5.38444444444444,229.866666666667
38,"F",5.255,229.866666666667
49,"F",5.40277777777778,229.866666666667
23,"F",5.32277777777778,229.866666666667
61,"M",5.29,229.866666666667
68,"M",5.26055555555556,229.883333333333
55,"M",5.475,229.883333333333
24,"F",5.33166666666667,229.883333333333
48,"F",5.28388888888889,229.9
59,"M",5.20333333333333,229.9
45,"F",5.34444444444444,229.9
26,"M",4.90055555555556,229.916666666667
47,"F",5.39722222222222,229.933333333333
51,"M",5.39722222222222,229.933333333333
46,"F",5.38277777777778,229.95
49,"F",5.38888888888889,229.95
48,"F",5.42166666666667,229.95
36,"F",5.28111111111111,229.95
48,"M",5.17888888888889,229.966666666667
61,"M",5.425,229.966666666667
52,"M",5.06277777777778,229.966666666667
50,"F",5.53833333333333,229.966666666667
50,"F",5.37611111111111,229.983333333333
66,"M",5.22,229.983333333333
39,"F",5.175,230
58,"M",5.31,230
60,"M",5.34833333333333,230
45,"F",5.41444444444444,230
59,"M",5.41444444444444,230
45,"F",5.44833333333333,230
49,"M",5.31055555555556,230
23,"F",5.38666666666667,230
50,"M",4.93,230
57,"M",5.13555555555556,230
47,"F",5.18055555555556,230.016666666667
46,"F",5.33166666666667,230.016666666667
25,"F",5.15388888888889,230.016666666667
43,"F",5.40055555555556,230.016666666667
20,"F",5.30833333333333,230.016666666667
26,"F",5.33722222222222,230.016666666667
62,"M",5.325,230.016666666667
50,"F",5.42166666666667,230.033333333333
60,"M",5.37388888888889,230.033333333333
48,"F",5.30055555555556,230.033333333333
49,"M",5.03611111111111,230.033333333333
51,"F",5.33055555555555,230.033333333333
50,"M",4.45277777777778,230.033333333333
52,"F",5.38222222222222,230.033333333333
56,"M",5.26944444444444,230.05
32,"M",5.40444444444444,230.05
50,"F",5.31555555555556,230.05
46,"M",5.45777777777778,230.05
43,"F",5.26222222222222,230.05
40,"F",5.34166666666667,230.05
57,"M",5.13166666666667,230.05
49,"F",5.12666666666667,230.066666666667
26,"F",5.32055555555556,230.066666666667
41,"M",5.54666666666667,230.066666666667
37,"F",5.34833333333333,230.066666666667
52,"F",5.48222222222222,230.066666666667
39,"F",5.22444444444444,230.083333333333
66,"M",5.43444444444444,230.083333333333
60,"M",5.27888888888889,230.083333333333
30,"M",5.275,230.083333333333
47,"M",5.41111111111111,230.083333333333
52,"M",5.07166666666667,230.083333333333
35,"M",5.31055555555556,230.1
51,"F",5.35611111111111,230.1
36,"F",5.37555555555556,230.116666666667
48,"F",5.43222222222222,230.116666666667
60,"M",5.33,230.116666666667
40,"F",5.28555555555556,230.116666666667
34,"M",5.56444444444444,230.116666666667
41,"M",5.37388888888889,230.116666666667
44,"F",5.28166666666667,230.133333333333
42,"F",5.35555555555556,230.133333333333
48,"F",5.37944444444444,230.133333333333
43,"F",5.42055555555556,230.166666666667
41,"F",5.39833333333333,230.183333333333
62,"M",5.43333333333333,230.183333333333
54,"M",4.68944444444444,230.183333333333
72,"M",5.375,230.2
41,"F",5.36722222222222,230.2
37,"F",5.18888888888889,230.2
42,"F",5.48611111111111,230.216666666667
44,"F",5.36277777777778,230.216666666667
57,"M",5.34833333333333,230.216666666667
39,"M",5.26555555555556,230.216666666667
48,"F",5.41111111111111,230.216666666667
63,"M",5.19277777777778,230.233333333333
55,"M",5.21777777777778,230.233333333333
60,"M",5.43,230.233333333333
49,"M",5.12,230.233333333333
45,"F",5.48777777777778,230.233333333333
47,"F",5.42444444444444,230.25
41,"F",5.27611111111111,230.25
39,"F",5.105,230.25
47,"F",5.26388888888889,230.266666666667
58,"M",5.27666666666667,230.266666666667
50,"F",5.36444444444444,230.283333333333
44,"F",5.41111111111111,230.283333333333
25,"F",5.30722222222222,230.283333333333
41,"F",5.36166666666667,230.283333333333
40,"F",5.36222222222222,230.283333333333
61,"M",5.17611111111111,230.3
53,"M",5.24722222222222,230.3
60,"M",5.17055555555556,230.3
41,"F",5.245,230.3
40,"F",5.44888888888889,230.3
39,"M",5.41666666666667,230.3
61,"M",5.19666666666667,230.316666666667
50,"M",4.99555555555556,230.316666666667
42,"F",5.41,230.316666666667
48,"M",5.14,230.316666666667
51,"F",5.34833333333333,230.316666666667
54,"F",5.42,230.316666666667
42,"M",5.41055555555556,230.333333333333
49,"F",5.14,230.333333333333
45,"F",5.44166666666667,230.333333333333
45,"M",5.14888888888889,230.333333333333
25,"F",5.15611111111111,230.333333333333
48,"F",5.17388888888889,230.333333333333
41,"F",5.23333333333333,230.333333333333
50,"M",5.40944444444444,230.35
54,"M",5.44777777777778,230.35
47,"F",5.44722222222222,230.35
47,"F",5.49666666666667,230.35
39,"F",5.425,230.35
53,"F",5.335,230.35
29,"F",5.45111111111111,230.35
43,"F",5.34666666666667,230.35
51,"F",5.23555555555556,230.35
47,"M",5.33666666666667,230.383333333333
45,"F",5.36777777777778,230.383333333333
35,"F",5.33166666666667,230.4
51,"F",5.43277777777778,230.4
45,"F",5.36777777777778,230.4
38,"M",5.33055555555555,230.4
51,"F",5.36222222222222,230.416666666667
55,"M",4.94,230.416666666667
46,"F",5.41166666666667,230.416666666667
26,"F",5.28944444444444,230.416666666667
63,"M",5.40333333333333,230.433333333333
45,"F",5.44055555555556,230.433333333333
49,"F",5.44055555555556,230.433333333333
47,"M",5.29611111111111,230.433333333333
59,"M",5.24611111111111,230.45
53,"F",5.35611111111111,230.45
62,"M",5.34166666666667,230.45
45,"M",5.40944444444444,230.45
44,"F",5.28555555555556,230.45
31,"F",5.45666666666667,230.466666666667
32,"M",5.06611111111111,230.466666666667
48,"F",5.29444444444445,230.483333333333
49,"F",5.41388888888889,230.483333333333
42,"F",5.41277777777778,230.483333333333
30,"F",5.28611111111111,230.483333333333
57,"M",5.10055555555556,230.5
28,"F",5.34888888888889,230.5
47,"M",5.06888888888889,230.5
36,"F",5.52944444444444,230.5
38,"F",5.10666666666667,230.5
53,"M",5.08277777777778,230.5
60,"M",5.49111111111111,230.5
45,"F",5.42944444444444,230.516666666667
41,"F",5.33055555555555,230.516666666667
54,"F",5.48222222222222,230.516666666667
34,"M",4.57,230.516666666667
25,"F",5.055,230.533333333333
42,"M",5.28444444444444,230.533333333333
49,"M",5.27333333333333,230.533333333333
42,"F",5.44444444444444,230.533333333333
40,"F",5.31388888888889,230.533333333333
29,"F",5.28444444444444,230.533333333333
35,"F",5.44222222222222,230.533333333333
61,"M",5.36055555555556,230.533333333333
53,"M",5.03555555555556,230.55
58,"F",5.44222222222222,230.55
55,"M",5.35944444444444,230.55
47,"F",5.36555555555556,230.55
46,"F",5.33444444444444,230.566666666667
46,"F",5.38055555555556,230.566666666667
50,"M",5.27388888888889,230.566666666667
55,"F",5.46388888888889,230.566666666667
43,"F",5.28555555555556,230.566666666667
30,"M",5.53555555555556,230.583333333333
60,"M",5.39055555555556,230.583333333333
56,"M",5.035,230.6
53,"F",5.18666666666667,230.6
53,"F",5.48166666666667,230.6
48,"M",5.40666666666667,230.616666666667
35,"F",5.31055555555556,230.616666666667
66,"M",5.21388888888889,230.616666666667
31,"M",5.35722222222222,230.616666666667
42,"F",5.25,230.616666666667
41,"F",5.34222222222222,230.633333333333
34,"F",5.24611111111111,230.633333333333
55,"F",5.42888888888889,230.633333333333
59,"M",5.16444444444444,230.633333333333
48,"F",5.31333333333333,230.633333333333
44,"F",5.24111111111111,230.633333333333
50,"F",5.41611111111111,230.633333333333
48,"M",5.22555555555556,230.633333333333
55,"M",4.90111111111111,230.65
53,"F",5.44111111111111,230.65
53,"F",5.36,230.65
41,"F",5.33555555555556,230.666666666667
45,"F",5.43388888888889,230.666666666667
37,"F",5.33555555555556,230.666666666667
54,"M",5.23055555555556,230.666666666667
53,"M",5.27277777777778,230.683333333333
49,"M",5.36055555555556,230.683333333333
58,"F",5.43833333333333,230.683333333333
56,"M",5.19333333333333,230.683333333333
41,"F",5.20055555555556,230.7
55,"M",5.35166666666667,230.7
41,"F",5.46333333333333,230.7
60,"M",5.19777777777778,230.7
62,"M",5.26777777777778,230.7
56,"M",5.36666666666667,230.7
42,"F",5.27277777777778,230.7
32,"F",5.19,230.716666666667
50,"M",5.32,230.716666666667
55,"M",5.36222222222222,230.716666666667
43,"F",5.42111111111111,230.733333333333
54,"M",5.36277777777778,230.733333333333
26,"F",5.11777777777778,230.733333333333
55,"M",5.27277777777778,230.733333333333
52,"F",5.42666666666667,230.733333333333
43,"M",5.27555555555556,230.75
60,"M",5.415,230.75
43,"F",5.41333333333333,230.75
53,"M",5.17166666666667,230.766666666667
55,"M",5.40166666666667,230.766666666667
36,"F",5.24888888888889,230.766666666667
26,"F",5.36,230.766666666667
52,"F",5.48722222222222,230.766666666667
53,"M",5.31277777777778,230.766666666667
49,"F",5.365,230.766666666667
59,"M",5.41055555555556,230.783333333333
45,"F",5.40222222222222,230.783333333333
31,"F",5.40333333333333,230.783333333333
29,"F",5.42222222222222,230.783333333333
48,"F",5.31666666666667,230.783333333333
45,"M",5.40222222222222,230.783333333333
62,"M",5.36888888888889,230.783333333333
39,"F",5.37,230.783333333333
29,"M",5.465,230.783333333333
54,"F",5.46611111111111,230.783333333333
33,"F",5.23888888888889,230.8
40,"F",5.13111111111111,230.8
42,"F",5.56833333333333,230.8
46,"F",5.24222222222222,230.833333333333
50,"M",5.26055555555556,230.833333333333
48,"F",5.36611111111111,230.833333333333
41,"F",5.37444444444444,230.833333333333
48,"F",5.37777777777778,230.85
47,"F",5.47611111111111,230.85
42,"F",5.19722222222222,230.85
56,"F",5.45833333333333,230.866666666667
55,"F",5.475,230.866666666667
24,"F",5.33777777777778,230.866666666667
23,"F",5.52055555555556,230.866666666667
29,"F",5.265,230.866666666667
28,"M",5.415,230.883333333333
47,"M",5.03611111111111,230.883333333333
47,"F",5.48833333333333,230.883333333333
48,"F",5.51,230.9
58,"M",5.15555555555556,230.9
33,"F",5.34666666666667,230.9
70,"M",5.39333333333333,230.9
40,"F",5.42444444444444,230.9
56,"M",5.33222222222222,230.916666666667
33,"F",5.20722222222222,230.916666666667
37,"F",5.39555555555556,230.933333333333
44,"F",5.37722222222222,230.933333333333
40,"F",5.38111111111111,230.933333333333
42,"F",5.39555555555556,230.933333333333
56,"F",5.36111111111111,230.933333333333
31,"M",5.42,230.95
37,"M",5.48888888888889,230.95
48,"F",5.51333333333333,230.95
57,"F",5.34277777777778,230.966666666667
50,"F",5.47388888888889,230.966666666667
61,"M",5.24666666666667,230.966666666667
37,"F",5.40333333333333,230.966666666667
33,"F",5.30833333333333,230.966666666667
55,"M",5.26777777777778,230.966666666667
36,"F",5.18333333333333,230.983333333333
28,"F",5.49555555555556,230.983333333333
44,"M",5.38222222222222,230.983333333333
46,"F",5.44944444444444,230.983333333333
56,"M",5.17555555555556,230.983333333333
33,"F",5.32222222222222,231
33,"F",5.32222222222222,231
25,"F",5.245,231
52,"M",5.45833333333333,231
56,"M",5.37,231
49,"F",5.40166666666667,231.016666666667
35,"M",5.38888888888889,231.016666666667
45,"F",5.50277777777778,231.016666666667
42,"M",5.19444444444444,231.016666666667
28,"M",4.99555555555556,231.016666666667
58,"M",4.44944444444444,231.016666666667
60,"M",5.39555555555556,231.033333333333
48,"F",5.60777777777778,231.033333333333
47,"F",5.43222222222222,231.033333333333
25,"F",5.37166666666667,231.033333333333
39,"F",5.53222222222222,231.05
39,"F",5.43111111111111,231.05
56,"F",5.34722222222222,231.05
57,"M",5.44611111111111,231.05
51,"F",5.41944444444445,231.05
48,"F",5.50944444444444,231.05
36,"F",5.43111111111111,231.05
51,"F",5.46,231.05
39,"F",5.29222222222222,231.066666666667
24,"F",4.95277777777778,231.066666666667
48,"F",5.28388888888889,231.066666666667
55,"M",5.18111111111111,231.083333333333
39,"F",5.245,231.083333333333
60,"M",5.30166666666667,231.083333333333
33,"M",5.19277777777778,231.083333333333
40,"M",5.27666666666667,231.083333333333
59,"M",5.21444444444444,231.1
43,"M",5.47,231.1
42,"F",5.32888888888889,231.1
50,"F",5.42444444444444,231.1
59,"M",5.48444444444444,231.116666666667
45,"F",5.39555555555556,231.116666666667
51,"F",5.33611111111111,231.116666666667
39,"M",5.22277777777778,231.133333333333
50,"M",5.14166666666667,231.15
31,"F",4.98444444444444,231.15
28,"F",5.41888888888889,231.15
33,"F",5.405,231.15
25,"M",5.90944444444444,231.15
49,"F",5.47388888888889,231.166666666667
39,"F",5.33777777777778,231.166666666667
49,"M",5.29777777777778,231.166666666667
45,"M",5.445,231.166666666667
36,"F",5.37,231.166666666667
26,"F",5.44055555555556,231.183333333333
57,"M",5.42,231.183333333333
24,"M",5.30666666666667,231.183333333333
45,"F",5.42055555555556,231.183333333333
56,"M",5.525,231.183333333333
55,"M",5.39888888888889,231.183333333333
54,"M",5.325,231.183333333333
50,"M",5.54,231.183333333333
39,"M",4.98944444444444,231.2
54,"F",5.285,231.2
61,"M",5.09833333333333,231.2
54,"F",5.20722222222222,231.2
36,"M",5.47555555555556,231.216666666667
42,"F",5.37055555555556,231.216666666667
34,"F",5.315,231.216666666667
53,"F",5.39111111111111,231.216666666667
42,"M",5.32666666666667,231.216666666667
51,"M",5.24722222222222,231.216666666667
55,"M",5.25388888888889,231.216666666667
54,"F",5.37611111111111,231.216666666667
53,"M",5.11444444444444,231.233333333333
45,"M",5.44888888888889,231.233333333333
63,"M",5.50777777777778,231.25
63,"M",5.39277777777778,231.25
39,"F",5.41722222222222,231.25
67,"M",5.36611111111111,231.25
62,"M",5.41611111111111,231.266666666667
49,"F",5.25277777777778,231.266666666667
49,"M",5.25222222222222,231.266666666667
47,"F",5.49944444444444,231.266666666667
64,"M",5.45611111111111,231.283333333333
43,"M",5.47166666666667,231.283333333333
46,"F",5.43722222222222,231.283333333333
44,"F",5.24,231.283333333333
46,"F",5.49833333333333,231.283333333333
50,"M",5.14722222222222,231.283333333333
36,"M",5.25333333333333,231.3
33,"F",5.25388888888889,231.3
49,"F",5.32444444444444,231.3
35,"F",5.26833333333333,231.3
62,"M",5.47444444444444,231.316666666667
43,"M",5.39388888888889,231.316666666667
58,"M",5.4,231.316666666667
55,"M",5.32555555555556,231.316666666667
41,"F",5.33944444444444,231.333333333333
57,"M",5.35,231.333333333333
52,"F",5.47833333333333,231.35
37,"M",5.38611111111111,231.35
42,"M",5.33222222222222,231.35
67,"M",5.43666666666667,231.35
53,"M",5.45722222222222,231.35
53,"F",5.44833333333333,231.35
59,"M",5.22166666666667,231.35
38,"F",5.37555555555556,231.35
63,"M",5.16777777777778,231.366666666667
42,"M",5.44,231.366666666667
34,"M",5.34833333333333,231.366666666667
31,"F",5.20444444444444,231.366666666667
68,"M",5.47222222222222,231.366666666667
62,"M",5.32833333333333,231.366666666667
46,"F",5.46944444444444,231.383333333333
46,"F",5.46944444444444,231.383333333333
44,"M",5.15722222222222,231.383333333333
59,"F",5.46777777777778,231.4
28,"F",5.42722222222222,231.4
56,"M",5.25388888888889,231.416666666667
65,"M",5.26777777777778,231.416666666667
63,"M",5.42666666666667,231.416666666667
60,"M",5.31888888888889,231.416666666667
26,"F",5.38444444444444,231.433333333333
37,"F",5.26888888888889,231.433333333333
42,"F",5.46055555555556,231.433333333333
41,"F",5.37388888888889,231.433333333333
49,"F",5.38111111111111,231.433333333333
45,"F",5.32111111111111,231.45
50,"F",5.32611111111111,231.45
45,"M",5.32277777777778,231.45
36,"F",5.44444444444444,231.466666666667
40,"F",5.17777777777778,231.466666666667
31,"M",5.2,231.466666666667
50,"F",5.32055555555556,231.466666666667
52,"F",5.47277777777778,231.466666666667
46,"F",5.40222222222222,231.483333333333
41,"F",5.46,231.483333333333
39,"F",5.35777777777778,231.483333333333
37,"F",5.38666666666667,231.483333333333
46,"F",5.25222222222222,231.483333333333
32,"F",5.08944444444444,231.5
38,"F",5.31722222222222,231.5
38,"M",5.45555555555555,231.5
42,"F",5.42,231.5
22,"M",5.30666666666667,231.5
62,"M",5.36833333333333,231.5
66,"M",5.45611111111111,231.5
51,"M",4.90166666666667,231.5
30,"F",5.38722222222222,231.5
51,"M",5.34388888888889,231.5
54,"M",5.33666666666667,231.516666666667
46,"F",5.27333333333333,231.516666666667
57,"M",5.43444444444444,231.516666666667
40,"M",4.89055555555556,231.516666666667
28,"F",5.30444444444444,231.516666666667
48,"F",5.38333333333333,231.516666666667
52,"F",5.45611111111111,231.516666666667
28,"M",5.305,231.516666666667
37,"F",5.48111111111111,231.533333333333
33,"F",5.48444444444444,231.533333333333
38,"F",5.38055555555556,231.533333333333
29,"F",5.48111111111111,231.533333333333
61,"F",5.40388888888889,231.533333333333
47,"F",5.37055555555556,231.533333333333
56,"M",5.415,231.533333333333
44,"F",5.20111111111111,231.533333333333
42,"F",5.41444444444444,231.533333333333
40,"F",5.31277777777778,231.55
59,"M",5.01055555555556,231.55
36,"M",5.51166666666667,231.55
35,"F",5.47444444444444,231.566666666667
65,"M",5.50111111111111,231.566666666667
26,"F",5.48555555555556,231.566666666667
54,"M",5.45666666666667,231.583333333333
35,"F",5.29666666666667,231.583333333333
45,"F",5.33722222222222,231.583333333333
41,"F",5.31222222222222,231.583333333333
49,"M",5.24444444444444,231.583333333333
40,"F",5.31222222222222,231.583333333333
47,"M",5.27833333333333,231.583333333333
32,"F",5.32888888888889,231.583333333333
51,"F",5.54777777777778,231.6
38,"M",4.54944444444444,231.6
40,"F",5.41055555555556,231.6
54,"M",5.63333333333333,231.6
45,"M",5.525,231.6
40,"F",5.525,231.6
54,"M",5.23722222222222,231.616666666667
40,"F",5.41666666666667,231.616666666667
43,"M",5.38055555555556,231.633333333333
49,"F",5.47,231.633333333333
50,"M",4.63166666666667,231.633333333333
36,"F",5.47611111111111,231.633333333333
45,"M",5.00722222222222,231.633333333333
36,"F",5.20111111111111,231.633333333333
35,"F",5.47666666666667,231.633333333333
41,"F",5.41444444444444,231.633333333333
43,"F",5.24888888888889,231.633333333333
27,"F",5.42833333333333,231.65
37,"F",5.30944444444444,231.65
44,"M",5.05222222222222,231.65
40,"F",5.47166666666667,231.65
43,"F",5.35333333333333,231.666666666667
30,"F",5.37277777777778,231.666666666667
29,"F",5.32055555555556,231.666666666667
23,"F",5.34,231.683333333333
51,"F",5.4,231.683333333333
40,"M",5.08611111111111,231.683333333333
43,"F",5.44111111111111,231.683333333333
39,"M",5.35333333333333,231.7
36,"F",5.34944444444444,231.7
45,"M",5.21444444444444,231.7
47,"F",5.33,231.7
53,"F",5.48222222222222,231.7
46,"F",5.37777777777778,231.716666666667
33,"F",5.33444444444444,231.716666666667
32,"F",5.27555555555556,231.716666666667
37,"F",5.40666666666667,231.716666666667
47,"F",5.53611111111111,231.716666666667
47,"F",5.53611111111111,231.733333333333
50,"F",5.32888888888889,231.733333333333
47,"F",5.37722222222222,231.733333333333
51,"M",5.62722222222222,231.733333333333
39,"M",5.35833333333333,231.75
49,"M",5.38388888888889,231.75
43,"F",5.43944444444444,231.75
30,"M",5.38555555555556,231.75
40,"F",5.38222222222222,231.75
29,"F",5.41944444444445,231.75
64,"M",5.43944444444444,231.75
36,"F",5.27833333333333,231.75
53,"M",5.25666666666667,231.75
43,"F",5.30666666666667,231.75
27,"F",5.39277777777778,231.766666666667
54,"F",5.41388888888889,231.766666666667
51,"M",5.16888888888889,231.766666666667
35,"F",4.98166666666667,231.766666666667
34,"M",5.24111111111111,231.783333333333
60,"M",5.38166666666667,231.783333333333
60,"M",5.48833333333333,231.8
54,"M",5.46388888888889,231.8
41,"F",5.36611111111111,231.8
50,"F",5.45111111111111,231.8
57,"F",5.41666666666667,231.816666666667
57,"M",5.29388888888889,231.816666666667
47,"M",5.24611111111111,231.816666666667
61,"M",5.38277777777778,231.816666666667
49,"F",5.39722222222222,231.816666666667
43,"F",5.16777777777778,231.816666666667
34,"M",5.48,231.816666666667
49,"F",5.445,231.833333333333
50,"F",5.25,231.833333333333
46,"F",5.23666666666667,231.833333333333
36,"F",5.37777777777778,231.85
35,"M",5.58944444444444,231.85
45,"F",5.45055555555556,231.85
61,"M",5.39611111111111,231.85
53,"M",5.39166666666667,231.866666666667
52,"M",5.2,231.866666666667
48,"F",5.36333333333333,231.866666666667
55,"M",4.94555555555556,231.866666666667
30,"F",5.585,231.883333333333
50,"F",5.45722222222222,231.883333333333
47,"F",5.45222222222222,231.883333333333
63,"M",5.35,231.883333333333
36,"F",5.51277777777778,231.883333333333
44,"F",5.33222222222222,231.883333333333
58,"M",5.34722222222222,231.9
60,"M",5.43722222222222,231.9
55,"M",5.12722222222222,231.9
44,"M",5.46222222222222,231.916666666667
38,"F",5.45166666666667,231.916666666667
45,"M",5.37777777777778,231.916666666667
37,"F",5.28555555555556,231.916666666667
26,"F",5.38277777777778,231.916666666667
49,"F",5.385,231.916666666667
47,"M",5.22944444444444,231.916666666667
49,"F",5.42333333333333,231.933333333333
31,"F",5.45722222222222,231.933333333333
42,"M",4.86777777777778,231.933333333333
47,"F",5.40333333333333,231.933333333333
23,"F",5.46277777777778,231.95
61,"M",5.345,231.95
35,"F",5.2,231.95
44,"F",5.45777777777778,231.966666666667
61,"M",5.45666666666667,231.966666666667
40,"F",5.43222222222222,231.983333333333
52,"F",5.37166666666667,231.983333333333
46,"F",5.41,231.983333333333
51,"F",5.37888888888889,231.983333333333
58,"M",5.44444444444444,231.983333333333
35,"F",5.22888888888889,231.983333333333
35,"F",5.34444444444444,231.983333333333
56,"M",4.99277777777778,232
31,"F",5.45888888888889,232
28,"F",5.33722222222222,232
53,"F",5.37388888888889,232
37,"F",5.38444444444444,232.016666666667
43,"F",5.45277777777778,232.016666666667
44,"F",5.36777777777778,232.016666666667
27,"F",5.40888888888889,232.016666666667
27,"F",5.40888888888889,232.016666666667
48,"M",5.50055555555556,232.016666666667
36,"F",5.52166666666667,232.016666666667
30,"M",5.37722222222222,232.016666666667
46,"F",5.31944444444444,232.016666666667
41,"F",5.435,232.033333333333
47,"F",5.31944444444444,232.033333333333
53,"F",5.26333333333333,232.033333333333
56,"M",5.45555555555555,232.033333333333
55,"F",5.41555555555556,232.05
46,"M",5.24111111111111,232.05
55,"F",5.33833333333333,232.05
25,"F",5.76555555555556,232.05
21,"M",5.615,232.05
59,"F",5.32166666666667,232.066666666667
55,"M",5.23388888888889,232.066666666667
52,"M",5.54444444444445,232.066666666667
52,"F",5.40333333333333,232.066666666667
47,"F",5.46444444444444,232.066666666667
38,"F",5.39944444444444,232.066666666667
51,"M",5.19166666666667,232.066666666667
58,"M",5.39833333333333,232.066666666667
57,"M",5.25666666666667,232.066666666667
27,"F",5.44944444444444,232.066666666667
63,"M",5.425,232.083333333333
50,"F",5.38777777777778,232.083333333333
44,"F",5.37833333333333,232.083333333333
61,"M",5.505,232.083333333333
57,"M",5.475,232.083333333333
33,"F",5.41666666666667,232.083333333333
62,"M",5.40666666666667,232.1
50,"M",5.10444444444444,232.1
50,"F",5.44,232.1
55,"F",5.44777777777778,232.1
48,"F",5.49111111111111,232.1
40,"M",5.14166666666667,232.116666666667
54,"F",5.44777777777778,232.133333333333
51,"M",5.29611111111111,232.133333333333
43,"F",5.39888888888889,232.133333333333
35,"F",5.25833333333333,232.133333333333
58,"F",5.37333333333333,232.133333333333
58,"F",5.51166666666667,232.15
48,"F",5.58055555555555,232.166666666667
46,"F",5.24222222222222,232.166666666667
41,"F",5.44833333333333,232.166666666667
46,"M",5.08888888888889,232.166666666667
34,"F",5.28333333333333,232.166666666667
29,"F",5.56833333333333,232.166666666667
38,"F",5.385,232.166666666667
43,"F",5.19833333333333,232.166666666667
33,"F",5.40388888888889,232.166666666667
56,"M",5.11388888888889,232.166666666667
41,"F",5.24277777777778,232.166666666667
41,"F",5.45111111111111,232.183333333333
48,"F",5.28388888888889,232.183333333333
52,"M",5.23111111111111,232.183333333333
52,"F",5.50111111111111,232.183333333333
36,"F",5.46222222222222,232.183333333333
45,"F",5.45277777777778,232.183333333333
46,"F",5.27555555555556,232.2
51,"F",5.43222222222222,232.2
47,"M",5.41722222222222,232.2
45,"M",4.71722222222222,232.2
42,"M",5.42555555555556,232.2
51,"F",5.36777777777778,232.2
62,"M",5.36111111111111,232.216666666667
49,"M",5.35222222222222,232.216666666667
45,"F",5.37166666666667,232.216666666667
54,"M",5.19666666666667,232.216666666667
40,"F",5.41333333333333,232.216666666667
56,"M",5.51111111111111,232.216666666667
54,"F",5.47,232.233333333333
49,"F",5.35166666666667,232.233333333333
37,"F",5.52888888888889,232.233333333333
44,"M",5.66277777777778,232.233333333333
38,"F",5.505,232.25
50,"F",5.30666666666667,232.25
44,"M",5.38166666666667,232.25
48,"M",5.37166666666667,232.25
37,"M",5.43888888888889,232.266666666667
43,"M",5.38222222222222,232.266666666667
27,"M",5.09944444444444,232.266666666667
48,"F",5.51666666666667,232.266666666667
46,"F",5.50611111111111,232.266666666667
36,"F",5.37833333333333,232.266666666667
53,"F",5.11777777777778,232.283333333333
47,"F",5.46666666666667,232.283333333333
42,"F",5.36444444444444,232.283333333333
46,"F",5.25555555555556,232.283333333333
29,"F",5.55055555555556,232.283333333333
31,"F",5.325,232.283333333333
53,"M",5.28611111111111,232.283333333333
49,"F",5.44277777777778,232.283333333333
50,"F",5.27888888888889,232.3
56,"F",5.36833333333333,232.3
61,"M",5.23055555555556,232.3
46,"F",5.46666666666667,232.316666666667
50,"F",5.44833333333333,232.316666666667
22,"M",5.165,232.316666666667
45,"F",5.535,232.333333333333
43,"M",5.52333333333333,232.333333333333
51,"M",5.24666666666667,232.333333333333
39,"F",5.30555555555556,232.333333333333
43,"M",5.52333333333333,232.333333333333
61,"M",5.42277777777778,232.333333333333
51,"F",5.485,232.333333333333
44,"F",5.35555555555556,232.333333333333
47,"F",5.50611111111111,232.333333333333
44,"M",5.56,232.35
58,"M",5.52055555555556,232.35
36,"F",5.52055555555556,232.35
58,"M",5.30611111111111,232.35
41,"F",5.23277777777778,232.35
33,"M",5.36277777777778,232.35
46,"F",5.52055555555556,232.366666666667
50,"M",5.47388888888889,232.366666666667
49,"M",5.37555555555556,232.366666666667
52,"M",5.36277777777778,232.366666666667
51,"F",5.43222222222222,232.366666666667
60,"M",5.26111111111111,232.366666666667
52,"M",5.32777777777778,232.366666666667
37,"F",5.28777777777778,232.366666666667
51,"F",5.45055555555556,232.383333333333
50,"F",5.48166666666667,232.383333333333
55,"M",5.3,232.383333333333
49,"F",5.30722222222222,232.383333333333
32,"M",5.205,232.383333333333
56,"M",5.39055555555556,232.383333333333
36,"F",5.53611111111111,232.383333333333
37,"F",5.55,232.4
57,"M",5.34166666666667,232.4
49,"F",5.40833333333333,232.416666666667
40,"M",5.34055555555556,232.416666666667
24,"F",5.435,232.416666666667
48,"F",5.44944444444444,232.416666666667
46,"F",5.47,232.416666666667
45,"M",5.46722222222222,232.416666666667
37,"M",5.55,232.433333333333
60,"F",5.44666666666667,232.433333333333
60,"M",5.34055555555556,232.433333333333
45,"F",5.06777777777778,232.433333333333
48,"M",5.19,232.45
44,"M",5.37888888888889,232.45
50,"M",5.28111111111111,232.45
41,"F",5.23111111111111,232.466666666667
42,"F",5.41722222222222,232.466666666667
54,"M",5.33722222222222,232.466666666667
39,"F",5.57555555555556,232.466666666667
47,"F",5.185,232.466666666667
41,"F",5.50388888888889,232.466666666667
40,"M",5.335,232.466666666667
71,"M",5.44333333333333,232.483333333333
28,"F",5.34888888888889,232.483333333333
61,"M",5.33055555555555,232.483333333333
55,"M",5.36722222222222,232.483333333333
53,"M",5.60333333333333,232.483333333333
49,"M",5.28,232.5
32,"F",5.35444444444444,232.5
66,"M",5.41055555555556,232.5
41,"F",5.48888888888889,232.5
46,"F",5.45611111111111,232.516666666667
52,"F",5.37944444444444,232.516666666667
43,"F",5.60833333333333,232.533333333333
47,"F",5.525,232.533333333333
40,"M",5.26833333333333,232.533333333333
47,"F",5.31111111111111,232.55
51,"F",5.49777777777778,232.55
50,"F",5.36166666666667,232.55
51,"M",5.45055555555556,232.566666666667
49,"F",5.43111111111111,232.566666666667
23,"F",5.27166666666667,232.566666666667
60,"M",5.47,232.566666666667
55,"F",5.50944444444444,232.583333333333
51,"M",5.39944444444444,232.6
39,"F",5.29055555555556,232.6
55,"M",5.24888888888889,232.6
41,"M",5.42722222222222,232.6
58,"F",5.49833333333333,232.6
44,"M",5.42944444444444,232.6
35,"F",4.96888888888889,232.616666666667
49,"F",5.32666666666667,232.616666666667
41,"F",5.37777777777778,232.616666666667
58,"M",5.10166666666667,232.616666666667
40,"M",5.43722222222222,232.616666666667
61,"M",5.55666666666667,232.633333333333
34,"F",5.50555555555556,232.633333333333
40,"M",5.22222222222222,232.633333333333
46,"F",5.44944444444444,232.65
51,"F",5.32277777777778,232.65
45,"F",5.42166666666667,232.65
42,"M",5.46833333333333,232.65
41,"F",5.46833333333333,232.65
37,"M",5.42777777777778,232.65
58,"M",5.30388888888889,232.65
71,"M",5.36722222222222,232.666666666667
48,"F",5.47555555555556,232.666666666667
31,"F",5.33777777777778,232.666666666667
43,"F",5.33777777777778,232.666666666667
34,"F",5.30777777777778,232.666666666667
37,"F",5.27111111111111,232.666666666667
47,"F",5.31222222222222,232.683333333333
45,"F",5.44277777777778,232.683333333333
40,"F",5.19555555555556,232.683333333333
37,"F",5.315,232.7
43,"F",5.36055555555556,232.7
61,"M",5.44944444444444,232.7
49,"F",5.44944444444444,232.7
61,"M",5.42944444444444,232.716666666667
50,"F",5.415,232.716666666667
58,"M",5.45722222222222,232.716666666667
45,"F",5.37666666666667,232.716666666667
51,"F",5.55222222222222,232.716666666667
53,"M",5.08833333333333,232.733333333333
44,"M",5.18277777777778,232.733333333333
49,"F",5.51166666666667,232.733333333333
37,"F",5.32333333333333,232.75
33,"F",5.51055555555556,232.75
30,"F",5.02722222222222,232.75
34,"M",5.455,232.75
36,"F",5.29166666666667,232.766666666667
29,"F",5.07333333333333,232.766666666667
48,"F",5.37833333333333,232.766666666667
42,"F",5.32944444444444,232.766666666667
36,"F",5.38111111111111,232.766666666667
25,"F",5.315,232.783333333333
59,"M",5.26833333333333,232.783333333333
50,"M",5.40055555555556,232.783333333333
48,"F",5.42833333333333,232.783333333333
49,"M",5.62777777777778,232.8
31,"M",5.40111111111111,232.8
51,"F",5.31944444444444,232.8
60,"M",5.35833333333333,232.8
27,"M",5.30666666666667,232.816666666667
57,"M",5.38777777777778,232.816666666667
41,"M",5.38388888888889,232.816666666667
54,"M",5.22222222222222,232.816666666667
51,"M",5.43277777777778,232.816666666667
47,"F",5.47722222222222,232.816666666667
49,"F",5.47777777777778,232.816666666667
61,"M",5.43222222222222,232.816666666667
45,"F",5.27166666666667,232.816666666667
55,"F",5.38944444444444,232.816666666667
41,"F",5.33444444444444,232.816666666667
61,"M",5.29444444444445,232.816666666667
39,"F",5.50055555555556,232.816666666667
50,"F",5.48277777777778,232.833333333333
46,"M",5.35,232.833333333333
35,"F",5.50111111111111,232.833333333333
35,"F",5.12277777777778,232.833333333333
36,"F",5.12277777777778,232.85
46,"F",5.35055555555556,232.85
31,"F",5.56,232.85
63,"M",5.35777777777778,232.866666666667
30,"M",5.55944444444444,232.866666666667
40,"M",5.30055555555556,232.866666666667
57,"M",5.09722222222222,232.883333333333
44,"F",5.49222222222222,232.883333333333
42,"F",5.49055555555556,232.883333333333
27,"F",5.32333333333333,232.883333333333
48,"F",5.24611111111111,232.883333333333
35,"F",5.41944444444445,232.883333333333
45,"F",5.56277777777778,232.883333333333
50,"F",5.45722222222222,232.9
34,"F",5.24,232.9
42,"F",5.47888888888889,232.916666666667
49,"F",5.47888888888889,232.916666666667
39,"F",5.26777777777778,232.916666666667
29,"F",5.07666666666667,232.916666666667
71,"M",5.35055555555556,232.916666666667
24,"F",5.46222222222222,232.916666666667
47,"F",5.44888888888889,232.916666666667
52,"M",5.46222222222222,232.916666666667
44,"F",5.39666666666667,232.916666666667
46,"M",5.39666666666667,232.933333333333
35,"F",5.05444444444444,232.933333333333
47,"F",5.47277777777778,232.95
40,"M",5.52111111111111,232.95
45,"F",5.59388888888889,232.95
56,"F",5.47611111111111,232.95
45,"F",5.49666666666667,232.95
41,"F",5.23666666666667,232.966666666667
55,"M",5.45388888888889,232.966666666667
49,"F",5.41111111111111,232.966666666667
62,"M",5.41444444444444,232.966666666667
21,"M",5.23555555555556,232.966666666667
49,"F",5.46833333333333,232.966666666667
46,"F",5.46888888888889,232.966666666667
47,"F",5.35944444444444,232.966666666667
57,"M",5.34777777777778,232.983333333333
60,"M",5.51222222222222,232.983333333333
50,"F",5.44833333333333,232.983333333333
36,"F",5.525,232.983333333333
49,"F",5.31166666666667,233
53,"F",5.44944444444444,233
42,"F",5.52888888888889,233.016666666667
39,"F",5.45222222222222,233.016666666667
59,"F",5.48111111111111,233.016666666667
64,"M",5.18722222222222,233.033333333333
37,"F",5.44388888888889,233.05
48,"M",5.21722222222222,233.05
46,"M",5.475,233.05
45,"F",5.42333333333333,233.05
24,"F",5.21277777777778,233.05
46,"M",5.40666666666667,233.05
66,"M",5.375,233.05
44,"F",5.33666666666667,233.066666666667
61,"M",5.27888888888889,233.066666666667
28,"F",5.59055555555556,233.066666666667
40,"F",5.41611111111111,233.066666666667
63,"M",5.50388888888889,233.083333333333
47,"M",4.84333333333333,233.1
34,"F",5.45722222222222,233.1
60,"M",5.44444444444444,233.1
36,"M",5.46166666666667,233.1
51,"M",5.61611111111111,233.1
43,"M",5.34444444444444,233.1
44,"M",5.34444444444444,233.116666666667
38,"F",5.3,233.116666666667
38,"F",5.3,233.116666666667
31,"F",5.45111111111111,233.116666666667
46,"F",5.39444444444444,233.116666666667
50,"F",5.35666666666667,233.133333333333
24,"F",5.35666666666667,233.133333333333
34,"F",5.46333333333333,233.133333333333
47,"F",5.44888888888889,233.15
41,"F",5.31111111111111,233.15
29,"F",5.53666666666667,233.15
34,"F",5.35333333333333,233.15
40,"F",5.38722222222222,233.166666666667
46,"M",5.41833333333333,233.166666666667
56,"F",5.50055555555556,233.166666666667
61,"M",5.53888888888889,233.166666666667
45,"F",5.45166666666667,233.183333333333
47,"F",5.48611111111111,233.183333333333
42,"F",5.49333333333333,233.183333333333
40,"F",5.33166666666667,233.183333333333
23,"F",5.15166666666667,233.183333333333
42,"F",5.45888888888889,233.183333333333
33,"F",5.36888888888889,233.183333333333
54,"F",5.47666666666667,233.183333333333
53,"F",5.465,233.2
50,"M",5.51333333333333,233.2
31,"M",5.45444444444444,233.2
43,"F",5.48944444444444,233.2
32,"M",5.35222222222222,233.2
45,"F",5.43277777777778,233.2
27,"F",5.18055555555556,233.2
41,"F",5.455,233.2
52,"M",5.455,233.2
46,"F",5.46388888888889,233.2
52,"F",5.53833333333333,233.2
59,"M",5.47666666666667,233.2
58,"M",5.15833333333333,233.216666666667
51,"F",5.39888888888889,233.216666666667
42,"F",5.37944444444444,233.216666666667
60,"M",5.25166666666667,233.233333333333
23,"F",5.125,233.233333333333
51,"F",5.37388888888889,233.25
47,"M",5.01333333333333,233.25
44,"F",5.46944444444444,233.25
44,"F",5.28166666666667,233.25
25,"F",4.73055555555556,233.266666666667
47,"F",5.47388888888889,233.266666666667
44,"M",5.69166666666667,233.266666666667
40,"F",5.30333333333333,233.283333333333
40,"F",5.48055555555556,233.283333333333
61,"F",5.44388888888889,233.3
22,"F",5.17833333333333,233.3
28,"M",5,233.3
44,"F",5.45,233.3
60,"M",5.46444444444444,233.316666666667
48,"M",5.35444444444444,233.316666666667
24,"F",5.47555555555556,233.316666666667
42,"F",5.39888888888889,233.316666666667
45,"F",5.40444444444444,233.316666666667
42,"F",5.45166666666667,233.333333333333
65,"M",5.42944444444444,233.333333333333
38,"M",5.44611111111111,233.333333333333
45,"M",5.18777777777778,233.333333333333
54,"F",5.36666666666667,233.35
46,"M",5.43666666666667,233.35
51,"F",5.43944444444444,233.35
45,"M",5.43666666666667,233.35
52,"M",5.33,233.35
41,"M",5.49277777777778,233.35
44,"F",5.41555555555556,233.35
44,"F",5.47055555555556,233.35
50,"F",5.365,233.366666666667
46,"F",5.44277777777778,233.366666666667
48,"F",5.36444444444444,233.366666666667
35,"F",5.44444444444444,233.383333333333
52,"M",5.585,233.383333333333
42,"M",5.45555555555555,233.383333333333
20,"F",5.22888888888889,233.383333333333
37,"M",5.50222222222222,233.383333333333
38,"F",5.50222222222222,233.4
41,"M",5.26833333333333,233.4
42,"M",5.46111111111111,233.4
56,"M",5.17277777777778,233.4
44,"F",5.44222222222222,233.4
50,"M",4.94555555555556,233.4
25,"M",5.43166666666667,233.4
32,"F",5.48166666666667,233.4
51,"F",5.39111111111111,233.416666666667
42,"F",5.44222222222222,233.416666666667
52,"M",5.35055555555556,233.433333333333
40,"F",5.28166666666667,233.433333333333
48,"F",5.53833333333333,233.433333333333
36,"F",5.46444444444444,233.433333333333
59,"F",5.32777777777778,233.433333333333
52,"M",5.44944444444444,233.433333333333
57,"M",5.41777777777778,233.45
42,"F",5.45444444444444,233.45
44,"F",5.47444444444444,233.45
31,"F",5.21833333333333,233.45
31,"F",5.36611111111111,233.466666666667
43,"F",5.32222222222222,233.466666666667
22,"M",5.485,233.483333333333
25,"F",5.605,233.483333333333
55,"F",5.45611111111111,233.483333333333
41,"F",5.36944444444444,233.483333333333
48,"F",5.53166666666667,233.483333333333
55,"F",5.50222222222222,233.483333333333
44,"F",5.35,233.483333333333
56,"F",5.45666666666667,233.5
48,"M",5.23722222222222,233.5
53,"F",5.53777777777778,233.5
32,"M",5.59722222222222,233.5
29,"F",5.37722222222222,233.5
43,"F",5.45388888888889,233.516666666667
59,"F",5.23,233.516666666667
42,"F",5.43722222222222,233.516666666667
61,"M",5.56388888888889,233.516666666667
45,"F",5.22555555555556,233.516666666667
50,"M",5.28888888888889,233.516666666667
39,"F",5.35555555555556,233.516666666667
37,"M",5.45722222222222,233.516666666667
26,"F",5.31888888888889,233.516666666667
67,"M",5.36777777777778,233.533333333333
35,"F",5.35555555555556,233.533333333333
41,"F",5.33166666666667,233.533333333333
55,"F",5.44,233.533333333333
36,"F",5.39611111111111,233.533333333333
65,"M",5.47055555555556,233.533333333333
26,"F",5.44888888888889,233.533333333333
25,"F",5.4,233.55
47,"F",5.4,233.55
48,"F",5.45055555555556,233.55
64,"M",5.40277777777778,233.55
36,"F",5.40055555555556,233.55
48,"F",5.32888888888889,233.55
31,"M",5.39388888888889,233.55
57,"M",5.19666666666667,233.55
28,"M",5.56555555555556,233.55
60,"M",5.235,233.55
46,"F",5.55166666666667,233.566666666667
47,"F",5.54611111111111,233.566666666667
46,"F",5.42611111111111,233.566666666667
56,"M",5.39888888888889,233.566666666667
48,"F",5.47166666666667,233.583333333333
23,"F",5.58555555555556,233.583333333333
54,"F",5.405,233.583333333333
43,"M",5.53611111111111,233.583333333333
38,"F",5.43944444444444,233.583333333333
40,"M",5.38777777777778,233.6
66,"M",5.45888888888889,233.6
49,"M",5.42777777777778,233.6
61,"F",5.53,233.6
63,"M",5.41722222222222,233.6
36,"F",5.36222222222222,233.616666666667
46,"F",5.54888888888889,233.616666666667
25,"F",5.25333333333333,233.616666666667
42,"F",5.54277777777778,233.616666666667
35,"F",5.37444444444444,233.633333333333
45,"M",5.22222222222222,233.633333333333
64,"M",5.37777777777778,233.633333333333
32,"F",5.22222222222222,233.633333333333
42,"F",5.53222222222222,233.633333333333
48,"M",5.43222222222222,233.65
49,"F",5.28166666666667,233.65
19,"F",5.34277777777778,233.65
49,"F",5.34333333333333,233.666666666667
43,"M",5.55055555555556,233.666666666667
47,"F",5.34333333333333,233.666666666667
42,"M",5.11222222222222,233.666666666667
50,"F",5.51555555555556,233.666666666667
46,"F",5.45611111111111,233.666666666667
36,"F",5.25,233.666666666667
47,"F",5.44722222222222,233.666666666667
35,"F",5.355,233.666666666667
23,"F",5.20722222222222,233.683333333333
25,"F",5.57277777777778,233.683333333333
46,"F",5.50444444444444,233.683333333333
39,"F",5.41833333333333,233.7
56,"F",5.27777777777778,233.716666666667
51,"F",5.35,233.716666666667
55,"M",5.13,233.716666666667
41,"F",5.47888888888889,233.733333333333
37,"F",5.48166666666667,233.75
43,"F",5.54944444444444,233.75
45,"M",5.53555555555556,233.75
49,"F",5.54944444444444,233.75
36,"F",5.39222222222222,233.766666666667
45,"F",5.40722222222222,233.766666666667
41,"M",5.41222222222222,233.766666666667
54,"M",5.41722222222222,233.783333333333
50,"F",5.29611111111111,233.783333333333
58,"M",5.45722222222222,233.8
42,"M",5.57888888888889,233.8
30,"F",5.40777777777778,233.8
37,"M",5.24944444444444,233.8
50,"F",5.50388888888889,233.816666666667
43,"F",5.40611111111111,233.816666666667
40,"M",5.22277777777778,233.816666666667
63,"M",5.43111111111111,233.816666666667
54,"F",5.41055555555556,233.816666666667
41,"F",5.42611111111111,233.816666666667
43,"F",5.44555555555556,233.833333333333
31,"F",5.53388888888889,233.833333333333
39,"F",5.36055555555556,233.85
42,"F",5.42166666666667,233.85
37,"F",5.20722222222222,233.85
49,"F",5.60555555555556,233.85
46,"F",5.53388888888889,233.85
50,"F",5.22222222222222,233.85
35,"F",5.51888888888889,233.85
44,"F",5.37888888888889,233.85
28,"F",5.59722222222222,233.866666666667
61,"M",5.40611111111111,233.866666666667
52,"M",5.34222222222222,233.883333333333
41,"F",5.55444444444444,233.883333333333
39,"F",5.52277777777778,233.883333333333
49,"F",5.27166666666667,233.9
51,"F",5.23666666666667,233.9
47,"F",5.46777777777778,233.9
53,"M",5.32944444444444,233.916666666667
27,"F",5.11555555555556,233.916666666667
51,"F",5.47222222222222,233.916666666667
39,"F",5.35833333333333,233.916666666667
25,"F",5.25833333333333,233.916666666667
46,"F",5.40611111111111,233.916666666667
52,"F",5.52055555555556,233.916666666667
62,"M",5.58611111111111,233.933333333333
36,"F",5.27388888888889,233.933333333333
48,"F",5.27722222222222,233.933333333333
46,"F",5.47666666666667,233.95
47,"F",5.49666666666667,233.95
38,"F",5.35944444444444,233.95
52,"F",5.27611111111111,233.95
31,"F",5.06166666666667,233.966666666667
58,"M",5.35111111111111,233.966666666667
43,"F",5.38611111111111,233.966666666667
33,"M",5.34944444444444,233.983333333333
67,"M",5.47666666666667,233.983333333333
41,"M",5.00111111111111,233.983333333333
47,"F",5.32611111111111,233.983333333333
52,"F",5.47611111111111,233.983333333333
23,"F",4.92888888888889,234
36,"F",5.46611111111111,234
50,"M",5.34888888888889,234
51,"M",5.21277777777778,234
44,"F",5.39388888888889,234
48,"M",5.51333333333333,234.016666666667
55,"M",5.295,234.016666666667
35,"M",5.30111111111111,234.016666666667
46,"F",5.63722222222222,234.016666666667
23,"F",5.46222222222222,234.033333333333
41,"F",5.40388888888889,234.033333333333
48,"F",5.46944444444444,234.033333333333
50,"F",5.30555555555556,234.033333333333
42,"F",5.265,234.033333333333
50,"F",5.44555555555556,234.05
44,"M",5.40055555555556,234.05
53,"F",5.40388888888889,234.05
47,"F",5.45055555555556,234.05
48,"F",5.57833333333333,234.066666666667
43,"F",5.56277777777778,234.066666666667
54,"M",5.29777777777778,234.066666666667
36,"F",5.36888888888889,234.066666666667
42,"F",5.49666666666667,234.083333333333
53,"M",5.37222222222222,234.083333333333
57,"F",5.28722222222222,234.083333333333
35,"M",5.48944444444444,234.083333333333
51,"F",5.49055555555556,234.1
33,"F",5.32055555555556,234.1
52,"F",5.46555555555556,234.116666666667
38,"F",5.34388888888889,234.116666666667
52,"F",5.51611111111111,234.116666666667
60,"M",5.47444444444444,234.133333333333
51,"M",5.35333333333333,234.133333333333
42,"F",5.35166666666667,234.133333333333
45,"F",5.49222222222222,234.133333333333
55,"M",5.32388888888889,234.133333333333
38,"F",5.35111111111111,234.15
55,"F",5.43111111111111,234.15
66,"M",5.40944444444444,234.15
50,"F",5.50777777777778,234.15
52,"M",5.43611111111111,234.15
28,"F",5.11444444444444,234.166666666667
30,"F",5.24111111111111,234.166666666667
63,"M",5.36444444444444,234.166666666667
26,"F",5.25888888888889,234.166666666667
42,"F",5.45222222222222,234.166666666667
42,"F",5.32833333333333,234.166666666667
32,"M",5.35944444444444,234.166666666667
45,"F",5.47444444444444,234.166666666667
34,"M",5.40388888888889,234.183333333333
45,"F",5.31222222222222,234.183333333333
40,"M",5.37,234.183333333333
45,"M",5.31111111111111,234.183333333333
62,"M",5.23222222222222,234.183333333333
54,"F",5.43111111111111,234.2
49,"M",4.94833333333333,234.2
52,"F",5.32388888888889,234.2
42,"F",5.38,234.2
22,"M",5.18166666666667,234.2
50,"F",5.45388888888889,234.2
51,"M",5.45888888888889,234.2
55,"F",5.45277777777778,234.2
62,"M",5.51277777777778,234.216666666667
41,"F",5.475,234.216666666667
38,"F",5.43166666666667,234.216666666667
48,"F",5.57777777777778,234.216666666667
64,"M",5.47277777777778,234.216666666667
64,"M",5.24222222222222,234.233333333333
48,"F",5.45166666666667,234.233333333333
63,"M",5.515,234.233333333333
50,"M",4.99277777777778,234.25
40,"F",5.37777777777778,234.25
39,"F",5.36,234.25
47,"F",5.52444444444444,234.25
40,"F",5.36444444444444,234.25
36,"F",5.52555555555556,234.25
48,"F",5.16111111111111,234.25
65,"F",5.57222222222222,234.25
58,"F",5.4,234.25
49,"F",5.43777777777778,234.25
54,"F",5.36666666666667,234.266666666667
47,"F",5.42055555555556,234.266666666667
29,"M",5.56444444444444,234.266666666667
52,"F",5.52944444444444,234.266666666667
38,"F",5.37444444444444,234.283333333333
47,"F",5.58055555555555,234.283333333333
37,"F",5.57055555555556,234.283333333333
40,"F",5.42444444444444,234.283333333333
23,"M",5.15611111111111,234.283333333333
60,"M",5.47611111111111,234.283333333333
64,"M",5.48444444444444,234.3
38,"F",5.15722222222222,234.3
46,"F",5.295,234.3
27,"F",5.39722222222222,234.316666666667
45,"F",5.35111111111111,234.316666666667
53,"F",5.50555555555556,234.316666666667
45,"F",5.41222222222222,234.316666666667
56,"M",5.25222222222222,234.333333333333
50,"F",5.45944444444444,234.333333333333
44,"M",5.44,234.333333333333
51,"F",5.42388888888889,234.333333333333
56,"M",5.32777777777778,234.333333333333
47,"F",5.54111111111111,234.35
46,"M",5.05055555555556,234.35
46,"F",5.54166666666667,234.35
31,"F",5.35388888888889,234.35
48,"F",5.46055555555556,234.35
46,"M",5.43222222222222,234.35
42,"F",5.58277777777778,234.366666666667
42,"F",5.41888888888889,234.366666666667
43,"F",5.70166666666667,234.366666666667
33,"F",5.35777777777778,234.383333333333
63,"M",5.21,234.383333333333
52,"M",5.435,234.383333333333
55,"M",5.175,234.4
55,"M",5.26277777777778,234.4
46,"F",5.44388888888889,234.4
30,"F",5.27777777777778,234.4
25,"M",4.93,234.4
43,"F",5.31555555555556,234.4
45,"F",5.45777777777778,234.416666666667
53,"F",5.39111111111111,234.416666666667
49,"M",4.80833333333333,234.416666666667
50,"F",5.41722222222222,234.416666666667
41,"F",5.40555555555556,234.416666666667
57,"M",5.48555555555556,234.416666666667
56,"M",5.25833333333333,234.433333333333
51,"M",5.46888888888889,234.433333333333
45,"F",5.43833333333333,234.45
50,"M",5.62055555555556,234.45
34,"F",5.345,234.45
54,"M",5.50777777777778,234.45
55,"M",5.19611111111111,234.45
50,"M",5.07111111111111,234.466666666667
55,"F",5.49611111111111,234.466666666667
55,"M",5.19277777777778,234.483333333333
48,"F",5.53722222222222,234.483333333333
26,"F",5.58888888888889,234.483333333333
52,"F",5.26111111111111,234.483333333333
35,"F",5.35611111111111,234.483333333333
20,"F",5.525,234.5
49,"F",5.46277777777778,234.5
46,"F",5.585,234.5
53,"M",5.24611111111111,234.5
58,"M",5.57055555555556,234.516666666667
45,"F",5.46611111111111,234.516666666667
40,"M",5.48111111111111,234.516666666667
48,"F",5.26888888888889,234.516666666667
31,"F",5.36222222222222,234.516666666667
49,"F",5.61055555555556,234.516666666667
23,"M",5.50166666666667,234.516666666667
71,"M",5.47944444444444,234.533333333333
50,"F",5.445,234.533333333333
52,"F",5.33166666666667,234.533333333333
57,"M",5.21555555555556,234.533333333333
45,"F",5.42388888888889,234.533333333333
42,"F",5.55055555555556,234.55
33,"M",5.55111111111111,234.55
48,"F",5.54944444444444,234.55
46,"F",5.55555555555556,234.55
28,"F",5.32166666666667,234.566666666667
49,"F",5.37944444444444,234.566666666667
65,"M",5.36277777777778,234.583333333333
42,"F",5.53555555555556,234.583333333333
47,"F",5.60777777777778,234.583333333333
63,"M",5.52111111111111,234.583333333333
27,"F",5.45722222222222,234.583333333333
47,"F",5.53555555555556,234.583333333333
53,"F",5.46555555555556,234.583333333333
39,"F",5.515,234.583333333333
42,"F",5.33444444444444,234.6
39,"F",5.39,234.6
46,"F",5.445,234.6
64,"M",5.52388888888889,234.6
28,"M",5.35111111111111,234.6
60,"M",5.41611111111111,234.6
38,"F",5.20222222222222,234.6
56,"M",5.38222222222222,234.6
44,"F",5.35111111111111,234.616666666667
53,"M",5.095,234.616666666667
48,"F",5.46777777777778,234.616666666667
40,"F",5.28555555555556,234.616666666667
46,"M",5.58666666666667,234.616666666667
33,"M",5.61388888888889,234.633333333333
35,"M",5.32222222222222,234.633333333333
31,"F",5.32166666666667,234.633333333333
32,"F",5.53666666666667,234.65
51,"M",5.27333333333333,234.666666666667
25,"F",5.56777777777778,234.666666666667
42,"F",5.44222222222222,234.666666666667
48,"F",5.67333333333333,234.666666666667
60,"M",5.59166666666667,234.666666666667
36,"M",5.50888888888889,234.666666666667
57,"M",5.57166666666667,234.666666666667
51,"F",5.42722222222222,234.666666666667
52,"F",5.3,234.683333333333
51,"M",5.35111111111111,234.683333333333
51,"M",5.57333333333333,234.683333333333
55,"M",5.29555555555556,234.683333333333
62,"F",5.44111111111111,234.683333333333
51,"F",5.51611111111111,234.683333333333
48,"F",5.45722222222222,234.683333333333
46,"M",5.22333333333333,234.683333333333
45,"M",4.96388888888889,234.683333333333
38,"M",5.35166666666667,234.683333333333
48,"M",5.345,234.683333333333
52,"F",5.38333333333333,234.683333333333
60,"M",5.38388888888889,234.7
60,"M",5.48333333333333,234.7
56,"M",5.41777777777778,234.7
58,"M",5.11111111111111,234.7
55,"F",5.35333333333333,234.7
28,"F",5.57333333333333,234.716666666667
52,"F",5.57388888888889,234.716666666667
46,"M",5.02444444444444,234.716666666667
47,"F",5.59555555555556,234.733333333333
48,"F",5.50611111111111,234.733333333333
63,"M",5.42444444444444,234.75
44,"F",5.56888888888889,234.75
48,"M",5.58833333333333,234.75
60,"M",5.42333333333333,234.75
47,"F",5.45055555555556,234.75
58,"M",5.42444444444444,234.766666666667
61,"M",5.57277777777778,234.766666666667
47,"F",5.50611111111111,234.766666666667
47,"M",5.42111111111111,234.766666666667
37,"F",5.32166666666667,234.766666666667
45,"M",5.41333333333333,234.766666666667
47,"M",5.32777777777778,234.766666666667
49,"F",5.28444444444444,234.783333333333
65,"M",5.46444444444444,234.783333333333
52,"F",5.465,234.783333333333
54,"F",5.48111111111111,234.8
55,"M",5.34666666666667,234.8
43,"F",5.45166666666667,234.8
55,"M",5.38777777777778,234.8
36,"F",5.43388888888889,234.8
35,"M",5.46111111111111,234.8
48,"F",5.31722222222222,234.8
19,"M",5.38,234.816666666667
41,"F",5.43666666666667,234.816666666667
62,"M",5.315,234.816666666667
31,"F",5.72611111111111,234.816666666667
23,"F",5.51555555555556,234.816666666667
62,"M",5.43666666666667,234.833333333333
51,"F",5.56388888888889,234.833333333333
43,"F",5.48222222222222,234.85
45,"F",5.49388888888889,234.85
39,"F",5.395,234.85
60,"M",5.21277777777778,234.85
61,"M",5.50944444444444,234.85
45,"F",5.47,234.85
55,"F",5.45444444444444,234.866666666667
38,"F",5.62055555555556,234.866666666667
45,"F",5.50166666666667,234.866666666667
43,"F",5.48333333333333,234.866666666667
42,"M",5.48555555555556,234.883333333333
24,"F",5.33277777777778,234.883333333333
40,"F",5.41833333333333,234.9
37,"F",5.28333333333333,234.9
47,"M",5.46444444444444,234.9
65,"M",5.22722222222222,234.9
34,"F",5.04055555555556,234.9
59,"M",5.38833333333333,234.916666666667
21,"F",5.37388888888889,234.916666666667
53,"F",5.61833333333333,234.916666666667
51,"F",5.31388888888889,234.933333333333
59,"M",5.165,234.933333333333
27,"M",5.55666666666667,234.933333333333
48,"M",5.14833333333333,234.95
46,"M",5.17222222222222,234.95
66,"F",5.47666666666667,234.95
29,"F",5.40277777777778,234.95
63,"M",5.515,234.966666666667
31,"F",5.53277777777778,234.966666666667
33,"M",5.37333333333333,234.966666666667
43,"M",5.55444444444444,234.966666666667
59,"M",5.51388888888889,234.966666666667
43,"M",5.36388888888889,234.966666666667
51,"F",5.42222222222222,234.966666666667
43,"F",5.40444444444444,234.983333333333
49,"F",5.37888888888889,234.983333333333
54,"F",5.28555555555556,234.983333333333
52,"F",5.53833333333333,234.983333333333
46,"F",5.59166666666667,235
51,"F",5.47333333333333,235
33,"M",5.56444444444444,235
38,"F",5.54722222222222,235
30,"F",5.69166666666667,235.016666666667
46,"F",5.46833333333333,235.016666666667
49,"F",5.53222222222222,235.016666666667
41,"F",5.53277777777778,235.016666666667
47,"F",5.49666666666667,235.033333333333
36,"F",5.48444444444444,235.05
56,"M",5.39333333333333,235.05
53,"F",5.46111111111111,235.05
46,"F",5.48388888888889,235.05
42,"F",5.51,235.05
50,"M",5.49,235.066666666667
58,"M",5.53166666666667,235.066666666667
41,"F",5.28222222222222,235.066666666667
47,"F",5.4,235.066666666667
53,"F",5.41,235.083333333333
25,"F",5.62833333333333,235.083333333333
24,"F",5.45333333333333,235.083333333333
34,"F",5.13222222222222,235.083333333333
45,"F",5.595,235.083333333333
42,"F",5.55111111111111,235.1
52,"F",5.47944444444444,235.1
46,"F",5.34944444444444,235.1
44,"M",5.49388888888889,235.116666666667
32,"F",5.51777777777778,235.116666666667
60,"M",5.36777777777778,235.116666666667
37,"F",5.62611111111111,235.133333333333
35,"F",5.33111111111111,235.133333333333
47,"F",5.32111111111111,235.133333333333
48,"F",5.50166666666667,235.133333333333
64,"M",5.48166666666667,235.133333333333
51,"F",5.50333333333333,235.15
48,"F",5.57333333333333,235.15
27,"F",5.28722222222222,235.15
36,"F",5.455,235.15
62,"M",5.51555555555556,235.15
50,"F",5.56166666666667,235.166666666667
57,"F",5.48555555555556,235.183333333333
63,"M",5.43222222222222,235.183333333333
40,"F",5.36222222222222,235.2
61,"M",5.59666666666667,235.2
42,"M",4.98777777777778,235.2
47,"F",5.43722222222222,235.2
25,"F",5.76722222222222,235.2
46,"M",5.34388888888889,235.2
62,"M",5.34388888888889,235.2
36,"M",5.51888888888889,235.216666666667
41,"M",5.00277777777778,235.216666666667
45,"F",5.47666666666667,235.216666666667
43,"F",5.36,235.216666666667
43,"F",5.25555555555556,235.233333333333
46,"F",5.46277777777778,235.233333333333
49,"M",5.46444444444444,235.233333333333
53,"M",5.53277777777778,235.25
47,"M",5.14833333333333,235.25
47,"M",5.14833333333333,235.25
46,"F",5.53166666666667,235.25
46,"F",5.42666666666667,235.266666666667
38,"F",5.33388888888889,235.266666666667
58,"F",5.52611111111111,235.283333333333
44,"F",5.42833333333333,235.283333333333
53,"M",4.97722222222222,235.3
55,"F",5.52388888888889,235.3
28,"F",5.61277777777778,235.3
56,"M",5.53666666666667,235.316666666667
65,"M",5.41388888888889,235.316666666667
35,"F",5.31055555555556,235.316666666667
41,"F",5.43166666666667,235.333333333333
40,"F",5.35333333333333,235.333333333333
48,"F",5.46611111111111,235.333333333333
51,"F",5.62166666666667,235.333333333333
52,"F",5.57888888888889,235.35
63,"F",5.40222222222222,235.35
47,"F",5.27555555555556,235.35
28,"F",5.14444444444444,235.35
50,"F",5.555,235.35
50,"F",5.26388888888889,235.35
54,"F",5.42611111111111,235.35
53,"F",5.60222222222222,235.35
33,"F",5.44444444444444,235.366666666667
45,"F",5.48,235.366666666667
60,"M",5.40444444444444,235.366666666667
53,"F",5.45055555555556,235.366666666667
40,"F",5.46166666666667,235.366666666667
52,"F",5.50055555555556,235.366666666667
56,"M",5.56666666666667,235.383333333333
20,"F",5.51111111111111,235.383333333333
27,"F",5.56222222222222,235.4
59,"F",5.38277777777778,235.4
25,"F",5.51555555555556,235.416666666667
51,"M",5.52722222222222,235.416666666667
59,"M",5.52722222222222,235.416666666667
40,"F",5.30888888888889,235.416666666667
53,"F",5.51611111111111,235.416666666667
41,"F",5.52444444444444,235.416666666667
56,"M",5.51555555555556,235.416666666667
43,"F",5.49944444444444,235.433333333333
42,"F",5.52222222222222,235.433333333333
27,"F",5.45222222222222,235.433333333333
36,"M",5.08222222222222,235.433333333333
55,"M",5.47111111111111,235.45
43,"M",5.50444444444444,235.45
57,"M",5.35444444444444,235.466666666667
43,"F",5.41944444444445,235.466666666667
47,"F",5.50722222222222,235.466666666667
49,"F",5.31333333333333,235.483333333333
34,"F",5.33611111111111,235.483333333333
53,"F",5.37944444444444,235.483333333333
54,"M",5.52222222222222,235.5
46,"F",5.44388888888889,235.5
60,"M",5.34222222222222,235.516666666667
33,"F",5.40611111111111,235.516666666667
46,"F",5.50944444444444,235.516666666667
43,"F",5.44444444444444,235.533333333333
59,"M",5.35388888888889,235.533333333333
48,"M",5.10944444444444,235.533333333333
51,"F",5.46833333333333,235.533333333333
44,"F",5.49611111111111,235.533333333333
45,"F",5.42277777777778,235.533333333333
33,"M",5.605,235.533333333333
39,"F",5.16388888888889,235.533333333333
54,"F",5.55333333333333,235.533333333333
46,"M",5.35555555555556,235.533333333333
44,"F",5.42111111111111,235.55
29,"F",5.59055555555556,235.55
23,"F",5.31722222222222,235.55
55,"F",5.49277777777778,235.566666666667
56,"M",5.44833333333333,235.566666666667
57,"M",5.225,235.566666666667
36,"F",5.65222222222222,235.566666666667
46,"F",5.55333333333333,235.566666666667
45,"F",5.65222222222222,235.583333333333
55,"M",5.51777777777778,235.583333333333
40,"M",5.07611111111111,235.583333333333
22,"F",5.42222222222222,235.583333333333
50,"F",5.45055555555556,235.583333333333
22,"F",5.42222222222222,235.6
51,"M",5.455,235.6
53,"F",5.42166666666667,235.6
46,"F",5.57111111111111,235.616666666667
55,"M",5.55666666666667,235.616666666667
55,"M",5.265,235.616666666667
42,"F",5.57277777777778,235.616666666667
51,"F",5.52888888888889,235.633333333333
32,"M",4.99666666666667,235.633333333333
48,"F",5.47111111111111,235.633333333333
25,"M",5.68055555555556,235.633333333333
47,"M",5.47111111111111,235.633333333333
41,"F",5.255,235.633333333333
36,"F",5.35055555555556,235.65
47,"M",5.25277777777778,235.666666666667
51,"F",5.41888888888889,235.666666666667
50,"M",5.28777777777778,235.666666666667
46,"F",5.58555555555556,235.666666666667
34,"M",5.60666666666667,235.666666666667
59,"M",5.54166666666667,235.666666666667
47,"F",5.56388888888889,235.666666666667
52,"M",5.56611111111111,235.666666666667
51,"F",5.44277777777778,235.666666666667
33,"F",5.19333333333333,235.666666666667
45,"M",5.54388888888889,235.683333333333
59,"M",5.27555555555556,235.683333333333
49,"M",5.35666666666667,235.683333333333
61,"M",5.55611111111111,235.683333333333
58,"M",5.17166666666667,235.683333333333
46,"F",5.42777777777778,235.683333333333
61,"M",5.45777777777778,235.683333333333
49,"F",5.43055555555556,235.683333333333
32,"F",5.33722222222222,235.683333333333
38,"F",5.38555555555556,235.7
45,"F",5.415,235.7
53,"M",5.46277777777778,235.7
38,"F",5.31333333333333,235.7
36,"F",5.58222222222222,235.716666666667
38,"F",5.15555555555556,235.716666666667
45,"F",5.39666666666667,235.716666666667
34,"F",5.56222222222222,235.733333333333
55,"F",5.54666666666667,235.733333333333
29,"M",5.52944444444444,235.75
55,"M",5.09722222222222,235.75
30,"M",5.52944444444444,235.75
58,"M",5.43,235.75
50,"M",5.34444444444444,235.75
50,"M",5.44055555555556,235.75
30,"M",5.52944444444444,235.75
57,"M",5.40111111111111,235.75
46,"M",5.57222222222222,235.766666666667
37,"F",5.37888888888889,235.766666666667
50,"F",5.46833333333333,235.766666666667
50,"F",5.46833333333333,235.783333333333
47,"F",5.45,235.783333333333
48,"F",5.53055555555556,235.783333333333
49,"F",5.62055555555556,235.783333333333
38,"F",5.46611111111111,235.816666666667
51,"F",5.61333333333333,235.833333333333
67,"M",5.53722222222222,235.833333333333
64,"M",5.33611111111111,235.833333333333
43,"F",5.59722222222222,235.833333333333
50,"F",5.32944444444444,235.833333333333
38,"F",5.45388888888889,235.85
30,"M",5.62888888888889,235.85
54,"F",5.49888888888889,235.85
50,"F",5.51,235.85
45,"F",5.46222222222222,235.866666666667
38,"M",5.38611111111111,235.866666666667
26,"F",5.525,235.866666666667
28,"F",5.10833333333333,235.866666666667
48,"M",5.53666666666667,235.866666666667
54,"M",5.66611111111111,235.883333333333
63,"M",5.63166666666667,235.883333333333
49,"F",5.62055555555556,235.883333333333
56,"M",5.29055555555556,235.9
41,"F",5.62666666666667,235.9
52,"F",5.48833333333333,235.9
47,"F",5.49333333333333,235.9
42,"F",5.43666666666667,235.9
53,"F",5.37444444444444,235.916666666667
56,"M",5.11277777777778,235.916666666667
45,"F",5.46111111111111,235.916666666667
43,"M",5.61388888888889,235.916666666667
55,"M",5.42722222222222,235.933333333333
39,"F",5.59666666666667,235.933333333333
54,"F",5.44111111111111,235.95
60,"M",5.45833333333333,235.95
51,"F",5.56722222222222,235.966666666667
41,"F",5.58222222222222,235.966666666667
48,"F",5.47055555555556,235.966666666667
46,"F",5.495,235.983333333333
42,"F",5.235,235.983333333333
60,"M",5.46,235.983333333333
40,"M",5.235,235.983333333333
47,"F",5.57555555555556,235.983333333333
58,"M",5.31777777777778,235.983333333333
65,"M",5.66944444444445,235.983333333333
52,"F",5.495,235.983333333333
36,"F",5.27833333333333,235.983333333333
50,"F",5.50722222222222,236
61,"M",5.19666666666667,236
52,"F",5.40277777777778,236
54,"F",5.47333333333333,236
45,"F",5.37888888888889,236
35,"F",5.48222222222222,236
52,"F",5.35,236
31,"M",5.46055555555556,236.016666666667
43,"F",5.41444444444444,236.016666666667
54,"F",5.57666666666667,236.033333333333
57,"M",5.45555555555555,236.033333333333
42,"F",5.39055555555556,236.033333333333
23,"F",5.44111111111111,236.033333333333
58,"M",5.28222222222222,236.05
62,"M",5.43611111111111,236.066666666667
38,"F",5.23833333333333,236.066666666667
58,"M",5.57388888888889,236.066666666667
48,"F",5.36888888888889,236.083333333333
56,"F",5.60333333333333,236.083333333333
46,"M",5.58555555555556,236.083333333333
58,"M",5.31388888888889,236.1
55,"F",5.54222222222222,236.1
48,"F",5.555,236.1
48,"F",5.35055555555556,236.1
46,"F",5.65666666666667,236.1
65,"M",5.45333333333333,236.116666666667
50,"F",5.50222222222222,236.116666666667
49,"F",5.48166666666667,236.116666666667
28,"F",5.42555555555556,236.116666666667
46,"F",5.565,236.116666666667
35,"F",5.45111111111111,236.116666666667
49,"F",5.48166666666667,236.133333333333
50,"M",5.34222222222222,236.133333333333
50,"M",5.48166666666667,236.133333333333
48,"F",5.55666666666667,236.133333333333
36,"F",5.30166666666667,236.15
53,"F",5.47666666666667,236.15
57,"M",5.57666666666667,236.15
41,"F",5.45166666666667,236.15
52,"F",5.445,236.183333333333
43,"F",5.43611111111111,236.183333333333
26,"M",5.04444444444445,236.2
53,"M",5.21888888888889,236.2
59,"M",5.52055555555556,236.233333333333
44,"F",5.41277777777778,236.233333333333
55,"F",5.525,236.233333333333
41,"F",5.37,236.233333333333
44,"F",5.39666666666667,236.233333333333
56,"M",5.58055555555555,236.25
32,"F",5.31111111111111,236.25
52,"F",5.64666666666667,236.25
26,"F",5.56111111111111,236.25
50,"M",5.37388888888889,236.25
51,"F",5.36666666666667,236.266666666667
48,"F",5.63944444444444,236.266666666667
52,"F",5.46611111111111,236.266666666667
37,"M",5.51722222222222,236.266666666667
57,"M",5.69555555555556,236.283333333333
50,"M",5.46333333333333,236.283333333333
55,"M",5.575,236.283333333333
49,"M",5.31,236.283333333333
24,"M",5.25388888888889,236.3
64,"M",5.53888888888889,236.3
46,"M",5.87666666666667,236.3
41,"F",5.30333333333333,236.3
52,"M",5.21944444444444,236.316666666667
56,"M",5.04722222222222,236.316666666667
70,"M",5.41833333333333,236.316666666667
44,"F",5.39611111111111,236.316666666667
29,"M",5.60222222222222,236.316666666667
43,"F",5.46944444444444,236.316666666667
47,"F",5.61833333333333,236.316666666667
25,"F",5.44555555555556,236.316666666667
54,"M",5.73222222222222,236.316666666667
45,"F",5.40333333333333,236.333333333333
40,"F",5.43111111111111,236.333333333333
45,"F",5.54388888888889,236.333333333333
49,"F",5.68166666666667,236.333333333333
60,"M",5.38444444444444,236.35
51,"M",5.45,236.35
45,"F",5.50944444444444,236.35
24,"F",5.57,236.35
51,"M",5.29111111111111,236.35
22,"F",5.49388888888889,236.35
35,"F",5.41888888888889,236.35
54,"M",5.265,236.366666666667
32,"M",5.62055555555556,236.366666666667
30,"F",5.62055555555556,236.366666666667
43,"F",5.54111111111111,236.366666666667
56,"M",5.59055555555556,236.366666666667
60,"M",5.52555555555556,236.383333333333
45,"M",5.22777777777778,236.383333333333
62,"M",5.56944444444444,236.383333333333
29,"F",5.52611111111111,236.416666666667
38,"M",5.37777777777778,236.416666666667
43,"F",5.31611111111111,236.433333333333
50,"M",5.36833333333333,236.433333333333
46,"F",5.27722222222222,236.433333333333
51,"M",5.17444444444444,236.433333333333
31,"F",5.46111111111111,236.45
56,"F",5.53055555555556,236.45
42,"M",5.06611111111111,236.45
58,"M",5.45444444444444,236.45
47,"M",5.46666666666667,236.45
38,"F",5.48333333333333,236.45
54,"F",5.45444444444444,236.45
40,"F",5.44611111111111,236.466666666667
63,"M",5.44722222222222,236.466666666667
56,"M",5.38666666666667,236.466666666667
39,"M",5.165,236.466666666667
57,"M",5.51888888888889,236.483333333333
61,"M",5.515,236.483333333333
35,"F",5.795,236.483333333333
49,"M",5.51888888888889,236.483333333333
46,"F",5.495,236.5
67,"M",5.40666666666667,236.5
41,"M",5.59444444444444,236.5
31,"F",5.41777777777778,236.5
56,"F",5.44277777777778,236.5
55,"M",5.255,236.5
42,"F",5.40222222222222,236.516666666667
56,"M",5.32555555555556,236.516666666667
35,"M",5.48666666666667,236.533333333333
45,"F",5.44833333333333,236.55
27,"F",5.55722222222222,236.55
60,"M",5.60333333333333,236.55
53,"M",5.57333333333333,236.566666666667
40,"F",5.58,236.566666666667
40,"F",5.42166666666667,236.566666666667
52,"F",5.56166666666667,236.566666666667
60,"M",5.57444444444444,236.566666666667
55,"F",5.61388888888889,236.566666666667
22,"F",5.485,236.566666666667
29,"M",5.47722222222222,236.583333333333
51,"M",5.49166666666667,236.583333333333
50,"F",5.53111111111111,236.583333333333
51,"F",5.56333333333333,236.583333333333
52,"F",5.44722222222222,236.583333333333
50,"F",5.505,236.583333333333
46,"M",5.12166666666667,236.6
25,"M",5.43555555555556,236.6
46,"F",5.545,236.6
40,"F",5.39666666666667,236.6
36,"F",5.4,236.6
27,"M",5.57444444444444,236.6
49,"F",5.49055555555556,236.6
50,"M",4.89888888888889,236.6
59,"M",5.46666666666667,236.616666666667
61,"M",5.545,236.616666666667
37,"F",5.01722222222222,236.633333333333
40,"F",5.46777777777778,236.633333333333
60,"M",5.50611111111111,236.633333333333
53,"F",5.435,236.65
56,"M",5.385,236.65
18,"F",5.44,236.65
66,"M",5.27055555555556,236.65
50,"M",5.00222222222222,236.65
46,"M",5.37055555555556,236.666666666667
45,"M",4.82166666666667,236.683333333333
46,"F",5.66833333333333,236.683333333333
27,"M",5.13388888888889,236.683333333333
44,"F",5.53777777777778,236.683333333333
53,"F",5.44333333333333,236.683333333333
45,"F",5.51388888888889,236.7
53,"F",5.56,236.7
47,"M",5.47444444444444,236.7
68,"M",5.52722222222222,236.7
48,"M",5.44666666666667,236.7
44,"M",5.39722222222222,236.716666666667
52,"F",5.55611111111111,236.716666666667
61,"M",5.67611111111111,236.733333333333
46,"F",5.50388888888889,236.733333333333
55,"F",5.53888888888889,236.733333333333
55,"M",5.49055555555556,236.733333333333
45,"F",5.48166666666667,236.75
40,"M",5.28611111111111,236.75
35,"F",5.57166666666667,236.75
59,"F",5.51611111111111,236.766666666667
38,"F",5.57166666666667,236.766666666667
25,"F",5.54222222222222,236.766666666667
34,"F",5.56611111111111,236.783333333333
27,"F",5.56722222222222,236.783333333333
51,"F",5.29222222222222,236.783333333333
42,"M",6.10333333333333,236.783333333333
35,"M",5.39277777777778,236.8
41,"F",5.52,236.8
50,"F",5.49888888888889,236.816666666667
57,"M",5.23388888888889,236.816666666667
41,"F",5.38611111111111,236.816666666667
35,"M",5.16111111111111,236.833333333333
49,"F",5.51222222222222,236.833333333333
51,"M",5.36555555555556,236.833333333333
38,"F",5.54555555555556,236.85
63,"M",5.55111111111111,236.85
28,"F",5.69777777777778,236.85
38,"M",5.51333333333333,236.866666666667
45,"F",5.52333333333333,236.866666666667
47,"M",5.02666666666667,236.883333333333
42,"M",5.19166666666667,236.883333333333
52,"F",5.52,236.9
57,"M",5.53722222222222,236.9
27,"F",5.61,236.9
55,"M",5.16333333333333,236.9
65,"M",5.40055555555556,236.9
48,"F",5.72555555555556,236.916666666667
56,"M",5.38111111111111,236.916666666667
40,"F",5.53833333333333,236.916666666667
52,"M",5.535,236.916666666667
55,"F",5.67333333333333,236.933333333333
47,"M",5.15555555555556,236.933333333333
44,"F",5.38222222222222,236.95
51,"F",5.47166666666667,236.95
58,"F",5.475,236.966666666667
57,"F",5.39777777777778,236.966666666667
47,"F",5.57166666666667,236.966666666667
58,"M",5.58333333333333,236.983333333333
57,"F",5.58333333333333,236.983333333333
48,"F",5.475,236.983333333333
62,"M",5.63,236.983333333333
40,"F",5.49277777777778,236.983333333333
29,"F",5.54611111111111,236.983333333333
60,"M",5.54222222222222,237
28,"M",5.32555555555556,237
37,"M",5.47055555555556,237
57,"M",5.44833333333333,237
42,"M",5.35777777777778,237
40,"F",5.56833333333333,237.016666666667
68,"M",5.45888888888889,237.016666666667
52,"F",5.53111111111111,237.033333333333
50,"F",5.53777777777778,237.033333333333
47,"M",5.48944444444444,237.033333333333
45,"M",5.43444444444444,237.05
41,"F",5.37611111111111,237.05
28,"M",5.60722222222222,237.05
51,"F",5.53555555555556,237.05
44,"F",5.46611111111111,237.05
52,"F",5.44722222222222,237.05
52,"F",5.49277777777778,237.05
36,"M",5.41722222222222,237.05
53,"M",4.94555555555556,237.066666666667
44,"F",5.53333333333333,237.066666666667
31,"F",5.64055555555556,237.066666666667
47,"M",5.52555555555556,237.066666666667
28,"M",5.49444444444444,237.083333333333
34,"F",5.41611111111111,237.1
54,"F",5.48833333333333,237.1
40,"F",5.54444444444445,237.116666666667
59,"M",5.47833333333333,237.116666666667
36,"F",5.42611111111111,237.116666666667
46,"F",5.70166666666667,237.116666666667
45,"F",5.56055555555556,237.133333333333
34,"F",5.29222222222222,237.133333333333
62,"M",5.61055555555556,237.15
50,"M",5.51222222222222,237.15
37,"M",5.58833333333333,237.166666666667
65,"M",5.39944444444444,237.166666666667
47,"M",5.31555555555556,237.183333333333
58,"F",5.50555555555556,237.183333333333
46,"M",5.37611111111111,237.2
38,"F",5.36222222222222,237.2
47,"F",5.60333333333333,237.216666666667
39,"F",5.53944444444444,237.216666666667
52,"F",5.61833333333333,237.216666666667
48,"M",5.55888888888889,237.25
44,"F",5.59166666666667,237.25
57,"M",5.70055555555556,237.25
51,"F",5.59222222222222,237.25
36,"F",5.55666666666667,237.25
42,"M",5.58111111111111,237.25
56,"F",5.49388888888889,237.25
60,"M",5.46888888888889,237.25
45,"M",5.45722222222222,237.266666666667
38,"M",5.67277777777778,237.266666666667
35,"F",5.60333333333333,237.283333333333
47,"F",5.54166666666667,237.283333333333
55,"M",5.23388888888889,237.283333333333
45,"F",5.51666666666667,237.283333333333
46,"F",5.60888888888889,237.283333333333
51,"F",5.56444444444444,237.316666666667
34,"M",5.53666666666667,237.316666666667
62,"M",5.43833333333333,237.316666666667
48,"F",5.56277777777778,237.333333333333
45,"M",5.29333333333333,237.333333333333
41,"F",5.59555555555556,237.333333333333
46,"F",5.59555555555556,237.333333333333
25,"F",5.47722222222222,237.333333333333
55,"M",5.58111111111111,237.333333333333
42,"M",5.5,237.333333333333
48,"M",5.58111111111111,237.35
41,"F",5.43833333333333,237.35
60,"M",5.49833333333333,237.35
50,"F",5.59555555555556,237.35
40,"F",5.565,237.35
30,"F",5.55444444444444,237.35
41,"M",5.57222222222222,237.35
49,"F",5.48222222222222,237.35
55,"M",5.27277777777778,237.35
61,"M",5.52944444444444,237.35
43,"M",5.45166666666667,237.35
31,"M",5.45111111111111,237.35
47,"F",5.37111111111111,237.366666666667
50,"F",5.64722222222222,237.366666666667
40,"F",5.49555555555556,237.366666666667
63,"M",5.62611111111111,237.366666666667
55,"M",5.55444444444444,237.366666666667
32,"F",5.49833333333333,237.366666666667
33,"F",5.58444444444444,237.383333333333
51,"F",5.51222222222222,237.383333333333
51,"M",5.56833333333333,237.4
31,"F",5.585,237.4
32,"F",5.585,237.4
37,"F",5.52555555555556,237.4
49,"F",5.57111111111111,237.4
51,"F",5.51444444444444,237.4
52,"F",5.585,237.4
51,"F",5.49666666666667,237.416666666667
41,"F",5.39444444444444,237.416666666667
67,"M",5.45166666666667,237.416666666667
51,"F",5.54333333333333,237.433333333333
49,"F",5.52777777777778,237.433333333333
52,"F",5.58,237.433333333333
46,"F",5.49777777777778,237.433333333333
46,"F",5.51111111111111,237.433333333333
30,"F",5.21666666666667,237.45
57,"F",5.54388888888889,237.45
45,"F",5.49333333333333,237.466666666667
47,"F",5.40833333333333,237.466666666667
49,"M",5.44444444444444,237.483333333333
47,"F",5.585,237.483333333333
50,"F",5.56888888888889,237.5
48,"M",5.56166666666667,237.5
62,"M",5.30944444444444,237.5
30,"F",5.39722222222222,237.5
37,"F",5.56777777777778,237.516666666667
43,"M",5.69777777777778,237.516666666667
62,"M",5.62611111111111,237.516666666667
45,"F",5.43277777777778,237.516666666667
63,"M",5.54055555555556,237.516666666667
62,"M",5.49,237.516666666667
57,"F",5.55,237.533333333333
69,"M",5.49555555555556,237.533333333333
38,"F",5.23722222222222,237.533333333333
53,"F",5.51944444444444,237.533333333333
63,"M",5.38833333333333,237.533333333333
23,"F",5.65555555555556,237.55
27,"M",5.59444444444444,237.55
42,"F",5.48055555555556,237.566666666667
46,"M",5.555,237.566666666667
42,"F",5.46444444444444,237.566666666667
50,"F",5.44,237.566666666667
43,"F",5.41444444444444,237.566666666667
27,"F",5.44722222222222,237.566666666667
37,"M",5.84111111111111,237.566666666667
47,"F",5.50222222222222,237.566666666667
48,"F",5.61277777777778,237.566666666667
36,"F",5.565,237.583333333333
54,"F",5.57055555555556,237.583333333333
35,"F",5.40888888888889,237.6
56,"M",5.40611111111111,237.6
57,"F",5.60111111111111,237.616666666667
58,"F",5.54888888888889,237.616666666667
37,"F",5.68777777777778,237.616666666667
41,"F",5.51944444444444,237.633333333333
55,"F",5.24722222222222,237.633333333333
50,"F",5.57222222222222,237.633333333333
35,"F",5.69722222222222,237.65
45,"F",5.555,237.65
60,"F",5.58388888888889,237.65
45,"F",5.48666666666667,237.65
34,"M",5.22222222222222,237.65
51,"M",5.40888888888889,237.666666666667
55,"F",5.59055555555556,237.666666666667
37,"F",5.27777777777778,237.666666666667
25,"F",5.51444444444444,237.666666666667
40,"M",5.54444444444445,237.683333333333
65,"M",5.575,237.683333333333
22,"F",5.27444444444444,237.683333333333
27,"F",5.50277777777778,237.683333333333
27,"M",5.54611111111111,237.683333333333
41,"M",5.52222222222222,237.683333333333
47,"F",5.58944444444444,237.683333333333
48,"M",5.52944444444444,237.7
55,"M",5.63222222222222,237.7
51,"F",5.33277777777778,237.716666666667
35,"F",5.34111111111111,237.716666666667
31,"F",5.67944444444444,237.733333333333
31,"M",5.44777777777778,237.733333333333
51,"F",5.48666666666667,237.75
65,"M",5.57388888888889,237.75
42,"F",5.64555555555556,237.75
21,"M",5.10055555555556,237.75
46,"M",5.56,237.75
55,"F",5.41666666666667,237.766666666667
72,"M",5.45722222222222,237.766666666667
47,"M",5.45388888888889,237.766666666667
59,"M",5.53222222222222,237.766666666667
50,"M",4.41722222222222,237.766666666667
66,"M",5.35111111111111,237.783333333333
53,"M",5.51333333333333,237.783333333333
53,"F",5.49944444444444,237.783333333333
55,"M",5.41833333333333,237.783333333333
63,"M",5.50111111111111,237.8
51,"M",5.595,237.8
41,"M",5.54,237.8
36,"F",5.51444444444444,237.8
51,"F",5.44222222222222,237.8
59,"F",5.53222222222222,237.816666666667
57,"F",5.61222222222222,237.816666666667
34,"F",5.58722222222222,237.833333333333
41,"F",5.53722222222222,237.833333333333
67,"M",5.58111111111111,237.833333333333
23,"F",5.31222222222222,237.833333333333
48,"F",5.51888888888889,237.85
62,"M",5.54833333333333,237.85
59,"M",5.35722222222222,237.85
54,"F",5.58666666666667,237.85
70,"M",5.63833333333333,237.85
27,"M",5.32611111111111,237.85
47,"M",5.38444444444444,237.85
49,"F",5.45111111111111,237.85
48,"M",5.27444444444444,237.866666666667
61,"F",5.56888888888889,237.866666666667
51,"F",5.53666666666667,237.883333333333
31,"M",5.47777777777778,237.883333333333
30,"F",5.63444444444444,237.883333333333
54,"M",5.57888888888889,237.883333333333
59,"M",5.53055555555556,237.883333333333
53,"F",5.36,237.883333333333
54,"F",5.59055555555556,237.9
66,"M",5.58833333333333,237.9
40,"F",5.47055555555556,237.9
43,"M",5.62111111111111,237.9
26,"F",5.48444444444444,237.9
47,"F",5.60333333333333,237.9
45,"M",5.485,237.9
33,"F",5.44,237.916666666667
53,"F",5.59055555555556,237.916666666667
34,"M",5.59055555555556,237.916666666667
43,"M",4.71777777777778,237.916666666667
55,"M",5.47888888888889,237.916666666667
53,"M",5.55611111111111,237.916666666667
46,"M",5.20555555555555,237.933333333333
51,"F",5.445,237.933333333333
65,"M",5.45388888888889,237.933333333333
52,"F",5.54833333333333,237.933333333333
33,"F",5.58888888888889,237.933333333333
35,"F",5.50277777777778,237.95
46,"F",5.47222222222222,237.95
57,"F",5.53444444444444,237.95
60,"M",5.39277777777778,237.95
51,"M",5.42611111111111,237.966666666667
41,"M",5.50166666666667,237.983333333333
40,"F",5.49166666666667,237.983333333333
45,"M",5.52944444444444,237.983333333333
58,"M",5.26944444444444,237.983333333333
45,"M",5.65666666666667,237.983333333333
53,"M",5.46666666666667,238
45,"F",5.60444444444444,238
43,"M",5.51222222222222,238
40,"M",5.51222222222222,238.016666666667
50,"F",5.50888888888889,238.016666666667
37,"F",5.25111111111111,238.016666666667
49,"F",5.64222222222222,238.016666666667
42,"F",5.73222222222222,238.033333333333
66,"M",5.42888888888889,238.05
64,"M",5.41555555555556,238.05
46,"F",5.47055555555556,238.05
57,"M",5.63111111111111,238.05
36,"F",5.56055555555556,238.066666666667
49,"F",5.45222222222222,238.066666666667
31,"M",5.50277777777778,238.066666666667
45,"F",5.58222222222222,238.066666666667
63,"M",5.52222222222222,238.083333333333
48,"M",5.57722222222222,238.083333333333
34,"F",5.51055555555556,238.1
56,"M",5.51388888888889,238.1
42,"F",5.50222222222222,238.1
34,"F",5.40166666666667,238.116666666667
46,"F",5.57277777777778,238.116666666667
49,"F",5.35777777777778,238.116666666667
47,"M",5.43611111111111,238.133333333333
45,"F",5.55166666666667,238.133333333333
56,"M",5.42722222222222,238.133333333333
45,"F",5.51166666666667,238.15
48,"F",5.58222222222222,238.15
51,"F",5.44722222222222,238.15
26,"F",5.58944444444444,238.166666666667
25,"F",5.31166666666667,238.166666666667
46,"F",5.66222222222222,238.166666666667
44,"M",5.51833333333333,238.166666666667
34,"F",5.47611111111111,238.166666666667
21,"M",5.44111111111111,238.166666666667
56,"F",5.55611111111111,238.183333333333
50,"F",5.46,238.183333333333
30,"F",5.16722222222222,238.183333333333
42,"M",5.65055555555556,238.2
33,"F",5.425,238.216666666667
55,"M",5.175,238.216666666667
25,"M",5.53222222222222,238.216666666667
48,"M",5.46944444444444,238.233333333333
55,"M",5.44555555555556,238.233333333333
60,"M",5.50388888888889,238.233333333333
42,"M",5.50555555555556,238.233333333333
65,"M",5.50777777777778,238.233333333333
59,"M",5.56444444444444,238.233333333333
53,"F",5.515,238.233333333333
39,"M",5.58611111111111,238.233333333333
40,"M",4.93666666666667,238.25
56,"M",5.47166666666667,238.25
27,"F",5.78166666666667,238.25
59,"F",5.53666666666667,238.25
55,"M",5.45055555555556,238.266666666667
56,"M",5.26722222222222,238.266666666667
55,"M",5.16611111111111,238.3
31,"M",5.57166666666667,238.3
51,"F",5.6,238.3
51,"F",5.56888888888889,238.3
34,"F",5.59555555555556,238.3
46,"F",5.56944444444444,238.3
60,"M",5.52444444444444,238.3
55,"M",5.65111111111111,238.316666666667
28,"F",5.27166666666667,238.316666666667
40,"M",5.46944444444444,238.316666666667
56,"M",5.59166666666667,238.316666666667
38,"F",5.58555555555556,238.35
41,"F",5.53388888888889,238.35
22,"M",5.37333333333333,238.35
61,"M",5.49166666666667,238.35
50,"M",5.70666666666667,238.366666666667
37,"F",5.28222222222222,238.366666666667
42,"F",5.74333333333333,238.366666666667
52,"M",5.42055555555556,238.366666666667
48,"M",5.30722222222222,238.366666666667
54,"F",5.54277777777778,238.383333333333
57,"M",5.52611111111111,238.383333333333
51,"F",5.51611111111111,238.4
46,"M",5.45388888888889,238.4
47,"F",5.52833333333333,238.4
46,"M",5.48,238.4
50,"F",5.50222222222222,238.4
56,"M",5.17277777777778,238.4
45,"M",5.52277777777778,238.433333333333
50,"F",5.70055555555556,238.433333333333
29,"M",5.68166666666667,238.45
49,"M",5.45777777777778,238.45
52,"F",5.52277777777778,238.45
54,"M",5.215,238.45
19,"F",5.52611111111111,238.466666666667
55,"F",5.53277777777778,238.466666666667
49,"F",5.61555555555556,238.466666666667
68,"M",5.57555555555556,238.466666666667
36,"F",5.51055555555556,238.466666666667
40,"F",5.40666666666667,238.466666666667
45,"M",5.46944444444444,238.483333333333
32,"F",5.39388888888889,238.483333333333
30,"F",5.39388888888889,238.483333333333
48,"F",5.54055555555556,238.483333333333
27,"F",5.80722222222222,238.483333333333
65,"M",5.27722222222222,238.483333333333
45,"M",5.40333333333333,238.5
42,"M",5.67722222222222,238.5
49,"M",5.07166666666667,238.5
57,"M",5.59111111111111,238.5
51,"F",5.53333333333333,238.516666666667
50,"M",5.18333333333333,238.516666666667
46,"M",5.50222222222222,238.516666666667
58,"M",4.94,238.516666666667
36,"F",5.38444444444444,238.533333333333
24,"F",5.85111111111111,238.533333333333
61,"M",5.56888888888889,238.533333333333
53,"F",5.61277777777778,238.533333333333
48,"M",5.075,238.55
28,"M",5.23333333333333,238.55
49,"F",5.50444444444444,238.566666666667
24,"F",5.46055555555556,238.566666666667
46,"F",5.54333333333333,238.566666666667
64,"F",5.60444444444444,238.566666666667
39,"F",5.69888888888889,238.583333333333
54,"F",5.59722222222222,238.583333333333
36,"F",5.49388888888889,238.583333333333
43,"M",5.49611111111111,238.6
48,"F",5.52444444444444,238.6
55,"F",5.59666666666667,238.6
24,"F",5.45166666666667,238.616666666667
42,"F",5.64222222222222,238.633333333333
65,"M",5.29777777777778,238.633333333333
25,"M",5.51888888888889,238.633333333333
51,"M",5.51888888888889,238.633333333333
49,"F",5.47833333333333,238.65
32,"F",5.59722222222222,238.666666666667
51,"F",5.51611111111111,238.666666666667
33,"F",5.59888888888889,238.683333333333
27,"M",5.44777777777778,238.683333333333
53,"F",5.65333333333333,238.7
64,"M",5.61111111111111,238.7
35,"F",5.46833333333333,238.7
43,"F",5.61888888888889,238.716666666667
40,"F",5.70833333333333,238.716666666667
58,"F",5.37277777777778,238.716666666667
22,"M",5.57277777777778,238.716666666667
50,"M",5.55944444444444,238.716666666667
47,"M",5.62,238.733333333333
47,"F",5.60611111111111,238.75
60,"M",5.48166666666667,238.75
64,"M",5.54333333333333,238.75
30,"F",5.63666666666667,238.75
37,"F",5.40388888888889,238.766666666667
33,"F",5.37611111111111,238.766666666667
43,"F",5.50277777777778,238.766666666667
55,"F",5.72944444444444,238.766666666667
60,"M",5.64388888888889,238.766666666667
63,"M",5.64777777777778,238.766666666667
46,"F",5.44944444444444,238.766666666667
53,"F",5.60388888888889,238.783333333333
44,"F",5.47388888888889,238.783333333333
40,"M",5.34888888888889,238.783333333333
39,"F",5.625,238.8
53,"M",5.61888888888889,238.8
32,"F",5.76222222222222,238.8
28,"F",5.76222222222222,238.8
27,"F",5.54055555555556,238.8
40,"F",5.66055555555556,238.8
44,"F",5.46833333333333,238.816666666667
40,"F",5.28,238.816666666667
32,"F",5.69888888888889,238.833333333333
24,"F",5.59166666666667,238.833333333333
62,"M",5.51888888888889,238.833333333333
35,"M",5.54222222222222,238.833333333333
66,"M",5.47944444444444,238.833333333333
45,"M",5.17555555555556,238.85
22,"M",5.64666666666667,238.85
58,"M",5.18166666666667,238.866666666667
44,"F",5.50888888888889,238.866666666667
44,"M",5.70722222222222,238.866666666667
50,"M",5.64111111111111,238.866666666667
36,"F",5.50722222222222,238.866666666667
60,"M",5.56777777777778,238.883333333333
65,"M",5.63888888888889,238.883333333333
55,"F",5.63444444444444,238.883333333333
60,"M",5.56277777777778,238.883333333333
63,"M",5.65777777777778,238.883333333333
47,"F",5.64777777777778,238.9
51,"F",5.59333333333333,238.9
47,"F",5.53055555555556,238.9
60,"M",5.55888888888889,238.916666666667
31,"F",5.26611111111111,238.916666666667
56,"F",5.55111111111111,238.933333333333
37,"F",5.63555555555556,238.933333333333
46,"F",5.54055555555556,238.933333333333
42,"F",5.48666666666667,238.933333333333
38,"F",5.48666666666667,238.95
38,"F",5.39,238.95
54,"F",5.36611111111111,238.95
50,"F",5.35055555555556,238.95
76,"M",5.475,238.95
49,"F",5.54666666666667,238.95
38,"M",5.46388888888889,238.95
43,"M",5.02611111111111,238.966666666667
53,"F",5.46333333333333,238.966666666667
46,"F",5.64111111111111,238.966666666667
56,"F",5.55944444444444,238.966666666667
40,"M",5.65611111111111,238.966666666667
46,"F",5.38611111111111,238.966666666667
27,"M",4.36333333333333,238.966666666667
40,"M",5.66833333333333,238.983333333333
45,"F",5.55166666666667,239
56,"M",5.475,239
60,"M",5.55333333333333,239
34,"M",5.73722222222222,239
66,"M",5.24111111111111,239
30,"F",5.61555555555556,239
33,"F",5.72333333333333,239
41,"F",5.65722222222222,239.016666666667
51,"F",5.31777777777778,239.016666666667
61,"M",5.37055555555556,239.016666666667
49,"M",5.12666666666667,239.016666666667
40,"F",5.56944444444444,239.016666666667
39,"M",5.31777777777778,239.033333333333
55,"F",5.45944444444444,239.033333333333
48,"F",5.73388888888889,239.033333333333
43,"M",5.34055555555556,239.033333333333
52,"F",5.66277777777778,239.033333333333
47,"F",5.52277777777778,239.05
43,"M",5.14777777777778,239.05
38,"M",5.55944444444444,239.066666666667
46,"F",5.58166666666667,239.066666666667
45,"F",5.65555555555556,239.066666666667
31,"F",5.54555555555556,239.066666666667
46,"F",5.58944444444444,239.066666666667
22,"M",5.67277777777778,239.083333333333
25,"F",5.64611111111111,239.1
47,"M",5.08166666666667,239.1
31,"M",5.49611111111111,239.1
68,"M",5.61833333333333,239.1
29,"F",5.63333333333333,239.1
47,"F",5.56666666666667,239.116666666667
61,"F",5.50444444444444,239.116666666667
55,"F",5.52722222222222,239.116666666667
46,"M",5.37444444444444,239.116666666667
63,"M",5.62944444444444,239.116666666667
23,"F",5.625,239.116666666667
52,"F",5.48944444444444,239.133333333333
42,"M",5.62,239.133333333333
38,"M",5.00166666666667,239.133333333333
29,"M",4.57833333333333,239.133333333333
43,"M",5.50444444444444,239.15
45,"F",5.56277777777778,239.15
57,"M",5.59,239.15
35,"F",5.70277777777778,239.166666666667
43,"F",5.71111111111111,239.166666666667
41,"F",5.63611111111111,239.166666666667
45,"F",5.42666666666667,239.166666666667
55,"M",5.60444444444444,239.166666666667
45,"F",5.62666666666667,239.166666666667
42,"F",5.56055555555556,239.183333333333
49,"F",5.64388888888889,239.183333333333
53,"M",5.62055555555556,239.183333333333
37,"F",5.54555555555556,239.183333333333
56,"F",5.59722222222222,239.183333333333
47,"F",5.42111111111111,239.183333333333
66,"M",5.66,239.183333333333
52,"F",5.35555555555556,239.183333333333
65,"M",5.62611111111111,239.2
52,"F",5.41833333333333,239.2
55,"F",5.63333333333333,239.2
60,"M",5.55055555555556,239.2
49,"M",5.36388888888889,239.2
45,"F",5.66388888888889,239.216666666667
45,"M",5.67888888888889,239.233333333333
65,"F",5.55222222222222,239.233333333333
40,"F",5.44222222222222,239.25
41,"M",4.97055555555556,239.25
50,"F",5.67111111111111,239.25
51,"M",5.19666666666667,239.25
42,"F",5.34111111111111,239.266666666667
60,"M",5.23388888888889,239.266666666667
45,"F",5.59166666666667,239.283333333333
62,"M",5.56555555555556,239.3
46,"M",5.56166666666667,239.3
55,"F",5.54666666666667,239.316666666667
60,"M",5.59888888888889,239.316666666667
34,"F",5.54277777777778,239.316666666667
40,"M",5.68222222222222,239.316666666667
42,"F",5.50222222222222,239.316666666667
34,"F",5.47,239.316666666667
55,"M",5.55166666666667,239.316666666667
30,"F",5.63055555555556,239.333333333333
49,"F",5.53444444444444,239.333333333333
42,"F",5.61055555555556,239.333333333333
35,"F",5.40277777777778,239.35
45,"M",5.68277777777778,239.35
45,"F",5.55944444444444,239.35
28,"M",5.81555555555556,239.35
57,"F",5.53444444444444,239.35
45,"F",5.75055555555556,239.35
57,"F",5.66111111111111,239.366666666667
58,"F",5.535,239.366666666667
40,"F",5.72055555555556,239.366666666667
43,"F",5.61833333333333,239.366666666667
60,"F",5.66166666666667,239.383333333333
35,"M",4.76388888888889,239.383333333333
50,"F",5.60166666666667,239.383333333333
31,"F",5.58944444444444,239.383333333333
52,"M",5.75555555555556,239.4
41,"F",5.54611111111111,239.4
59,"M",5.45722222222222,239.4
45,"F",5.68055555555556,239.4
65,"M",5.445,239.416666666667
38,"M",5.45166666666667,239.416666666667
44,"M",5.57111111111111,239.416666666667
54,"M",5.43222222222222,239.433333333333
41,"M",5.64222222222222,239.433333333333
60,"M",5.51222222222222,239.45
37,"F",5.43888888888889,239.45
51,"F",5.56833333333333,239.45
48,"F",5.69166666666667,239.466666666667
50,"M",5.31666666666667,239.466666666667
33,"M",5.55944444444444,239.466666666667
63,"F",5.38833333333333,239.483333333333
35,"F",5.52611111111111,239.483333333333
51,"F",5.72,239.483333333333
43,"M",5.64333333333333,239.483333333333
32,"M",4.36277777777778,239.483333333333
40,"M",5.62722222222222,239.5
70,"M",5.36277777777778,239.5
42,"F",5.69555555555556,239.5
50,"M",5.26333333333333,239.5
57,"M",5.52722222222222,239.5
53,"F",5.54611111111111,239.516666666667
26,"M",5.75333333333333,239.516666666667
64,"M",5.65611111111111,239.516666666667
52,"M",5.29,239.516666666667
28,"F",5.32111111111111,239.516666666667
30,"F",5.69,239.516666666667
41,"M",5.67333333333333,239.533333333333
63,"M",5.59777777777778,239.533333333333
39,"F",5.54055555555556,239.533333333333
45,"M",5.56888888888889,239.533333333333
48,"F",5.56722222222222,239.55
65,"M",5.53277777777778,239.55
36,"F",5.53277777777778,239.55
31,"F",5.67666666666667,239.55
57,"M",5.435,239.566666666667
43,"M",5.35277777777778,239.566666666667
45,"F",5.55611111111111,239.566666666667
55,"F",5.47111111111111,239.566666666667
65,"F",5.60055555555556,239.566666666667
48,"F",5.55611111111111,239.583333333333
33,"M",5.64833333333333,239.583333333333
26,"F",5.79611111111111,239.6
55,"F",5.51444444444444,239.6
55,"F",5.68444444444444,239.6
40,"F",5.55388888888889,239.6
42,"F",5.62555555555556,239.616666666667
33,"F",5.30666666666667,239.616666666667
33,"F",5.37055555555556,239.616666666667
57,"M",5.67,239.633333333333
48,"M",5.54277777777778,239.633333333333
51,"F",5.63055555555556,239.65
42,"M",5.57055555555556,239.65
46,"M",5.71555555555556,239.65
60,"F",5.50944444444444,239.65
48,"M",5.66166666666667,239.65
39,"F",5.41388888888889,239.666666666667
55,"M",5.28277777777778,239.683333333333
66,"M",5.05833333333333,239.683333333333
52,"M",5.66,239.683333333333
51,"M",5.30388888888889,239.683333333333
45,"F",5.615,239.7
61,"M",5.57444444444444,239.7
45,"F",5.46222222222222,239.7
42,"F",5.56166666666667,239.716666666667
57,"M",5.62777777777778,239.716666666667
56,"F",5.62777777777778,239.716666666667
49,"F",5.70111111111111,239.716666666667
49,"F",5.53277777777778,239.733333333333
35,"F",5.46444444444444,239.733333333333
44,"F",5.30666666666667,239.733333333333
60,"F",5.56611111111111,239.733333333333
35,"F",5.25055555555556,239.733333333333
36,"M",5.16111111111111,239.733333333333
60,"M",5.61444444444444,239.75
24,"F",5.60611111111111,239.75
44,"F",5.51611111111111,239.75
62,"M",5.68944444444444,239.75
65,"M",5.48388888888889,239.75
62,"M",5.58888888888889,239.766666666667
54,"F",5.62944444444444,239.766666666667
49,"M",5.33055555555555,239.783333333333
60,"M",5.61944444444444,239.783333333333
55,"F",5.58944444444444,239.8
46,"F",5.54166666666667,239.8
55,"M",5.11,239.816666666667
33,"M",5.285,239.816666666667
40,"M",5.52944444444444,239.816666666667
63,"M",5.48777777777778,239.816666666667
50,"M",5.36777777777778,239.833333333333
61,"M",5.56055555555556,239.833333333333
21,"F",5.69111111111111,239.85
43,"F",5.58222222222222,239.85
35,"M",5.10444444444444,239.85
28,"M",5.78333333333333,239.85
50,"M",4.99944444444444,239.866666666667
48,"M",5.74722222222222,239.866666666667
42,"F",5.73111111111111,239.866666666667
46,"F",5.37055555555556,239.866666666667
47,"M",5.25611111111111,239.866666666667
25,"F",5.65611111111111,239.866666666667
32,"F",5.47555555555556,239.883333333333
44,"F",5.34944444444444,239.883333333333
56,"M",5.57611111111111,239.883333333333
56,"M",5.37722222222222,239.883333333333
47,"F",5.57277777777778,239.883333333333
37,"F",5.51277777777778,239.9
60,"M",5.615,239.9
44,"F",5.50666666666667,239.9
44,"F",5.57222222222222,239.9
37,"M",5.48444444444444,239.9
35,"F",5.51166666666667,239.9
60,"M",5.475,239.916666666667
45,"F",5.43111111111111,239.916666666667
58,"F",5.60444444444444,239.916666666667
53,"F",5.49722222222222,239.916666666667
53,"M",5.65666666666667,239.916666666667
37,"M",5.55388888888889,239.933333333333
45,"F",5.72055555555556,239.933333333333
56,"M",5.19833333333333,239.933333333333
60,"M",5.53,239.95
38,"M",5.56277777777778,239.95
45,"F",5.68222222222222,239.95
56,"M",5.42277777777778,239.95
29,"M",5.42833333333333,239.966666666667
24,"M",5.63722222222222,239.966666666667
44,"F",5.51833333333333,239.983333333333
44,"M",5.51833333333333,239.983333333333
36,"M",4.455,239.983333333333
43,"F",5.44611111111111,240
63,"M",5.58944444444444,240
48,"F",5.62555555555556,240
37,"M",5.33611111111111,240.016666666667
31,"M",5.51666666666667,240.016666666667
63,"M",5.48166666666667,240.033333333333
37,"M",5.39222222222222,240.05
36,"M",4.57166666666667,240.05
40,"F",5.28777777777778,240.05
52,"F",5.68333333333333,240.05
25,"F",5.62611111111111,240.066666666667
35,"F",5.61444444444444,240.066666666667
40,"M",5.67388888888889,240.066666666667
46,"M",5.67388888888889,240.066666666667
49,"F",5.57111111111111,240.066666666667
35,"F",5.53166666666667,240.066666666667
56,"M",5.53,240.083333333333
36,"F",5.62222222222222,240.083333333333
50,"F",5.45111111111111,240.083333333333
65,"M",5.50111111111111,240.1
45,"F",5.51722222222222,240.1
30,"F",5.45222222222222,240.116666666667
51,"F",5.44555555555556,240.116666666667
35,"F",5.28833333333333,240.133333333333
42,"M",5.79777777777778,240.133333333333
56,"F",5.46166666666667,240.133333333333
48,"F",5.51944444444444,240.133333333333
51,"F",5.48944444444444,240.15
45,"F",5.50277777777778,240.15
43,"M",5.63444444444444,240.15
40,"M",5.58166666666667,240.183333333333
60,"M",5.39722222222222,240.183333333333
43,"F",5.49777777777778,240.183333333333
48,"F",5.555,240.2
49,"F",5.33666666666667,240.216666666667
41,"F",5.57944444444444,240.216666666667
45,"F",5.62444444444444,240.233333333333
50,"F",5.43611111111111,240.233333333333
31,"F",5.35166666666667,240.25
45,"F",5.58555555555556,240.25
50,"M",5.09222222222222,240.25
52,"F",5.64333333333333,240.266666666667
58,"M",5.61055555555556,240.266666666667
65,"F",5.55444444444444,240.283333333333
39,"F",5.41722222222222,240.283333333333
44,"M",5.67333333333333,240.283333333333
48,"M",5.98555555555556,240.283333333333
50,"F",5.65666666666667,240.3
48,"F",5.65666666666667,240.3
49,"M",5.31833333333333,240.3
45,"F",5.525,240.3
45,"F",5.69,240.316666666667
36,"M",5.555,240.333333333333
45,"F",5.46166666666667,240.333333333333
50,"F",5.61944444444444,240.333333333333
54,"F",5.66333333333333,240.35
40,"F",5.43111111111111,240.35
42,"M",5.65166666666667,240.35
42,"F",5.64222222222222,240.35
56,"F",5.49944444444444,240.35
63,"M",5.20833333333333,240.366666666667
27,"M",5.55777777777778,240.366666666667
42,"M",5.585,240.383333333333
56,"F",5.59666666666667,240.383333333333
34,"F",5.57666666666667,240.383333333333
33,"F",5.59666666666667,240.416666666667
29,"M",5.69722222222222,240.416666666667
63,"M",5.44222222222222,240.416666666667
43,"F",5.67888888888889,240.416666666667
37,"M",5.68722222222222,240.433333333333
29,"F",5.54722222222222,240.433333333333
48,"F",5.66388888888889,240.433333333333
46,"F",5.65722222222222,240.45
52,"F",5.58722222222222,240.466666666667
23,"M",5.72722222222222,240.466666666667
35,"F",5.44055555555556,240.483333333333
60,"M",5.58944444444444,240.5
48,"F",5.47888888888889,240.5
60,"M",5.51777777777778,240.516666666667
38,"F",5.51166666666667,240.533333333333
46,"F",5.58055555555555,240.533333333333
65,"M",5.49277777777778,240.533333333333
50,"F",5.66666666666667,240.533333333333
43,"M",5.28111111111111,240.55
44,"F",5.65222222222222,240.55
45,"F",5.50444444444444,240.566666666667
26,"F",5.62222222222222,240.566666666667
37,"F",5.63555555555556,240.583333333333
50,"F",5.49888888888889,240.583333333333
51,"F",5.62333333333333,240.583333333333
37,"F",5.63555555555556,240.6
45,"M",5.39722222222222,240.6
50,"M",5.69277777777778,240.6
43,"F",5.30444444444444,240.6
57,"F",5.56055555555556,240.616666666667
50,"F",5.59444444444444,240.616666666667
47,"F",5.58333333333333,240.616666666667
34,"M",5.71666666666667,240.616666666667
65,"M",5.68722222222222,240.616666666667
40,"F",5.355,240.616666666667
43,"M",5.11555555555556,240.633333333333
52,"M",5.54555555555556,240.633333333333
54,"F",5.61722222222222,240.633333333333
41,"F",5.41388888888889,240.65
59,"M",5.67666666666667,240.65
46,"F",5.59,240.666666666667
31,"F",5.5,240.683333333333
61,"F",5.555,240.683333333333
60,"M",5.43111111111111,240.7
47,"F",5.69833333333333,240.7
46,"M",5.18,240.716666666667
34,"M",5.56944444444444,240.716666666667
52,"M",5.69944444444444,240.733333333333
41,"F",5.47722222222222,240.733333333333
55,"F",5.51888888888889,240.733333333333
59,"F",5.47777777777778,240.733333333333
31,"M",5.53444444444444,240.75
35,"F",5.51388888888889,240.75
46,"F",5.57,240.75
46,"F",5.38277777777778,240.75
60,"F",5.59555555555556,240.766666666667
53,"F",5.48333333333333,240.766666666667
44,"F",5.68055555555556,240.766666666667
58,"M",5.66444444444444,240.766666666667
36,"F",5.45,240.783333333333
26,"F",5.41888888888889,240.783333333333
26,"M",5.65666666666667,240.783333333333
25,"M",5.43555555555556,240.816666666667
50,"F",5.63555555555556,240.816666666667
49,"F",5.63277777777778,240.816666666667
45,"F",5.58277777777778,240.833333333333
30,"F",5.65111111111111,240.833333333333
48,"F",5.45666666666667,240.85
53,"M",5.72333333333333,240.85
35,"M",5.51166666666667,240.85
47,"F",5.56,240.85
23,"F",5.58888888888889,240.85
43,"F",5.50277777777778,240.866666666667
32,"M",5.68444444444444,240.866666666667
48,"F",5.54666666666667,240.866666666667
35,"F",5.70444444444444,240.866666666667
49,"F",5.39388888888889,240.883333333333
24,"F",5.55277777777778,240.883333333333
42,"F",5.55888888888889,240.883333333333
22,"F",5.65722222222222,240.9
33,"F",5.71166666666667,240.916666666667
48,"M",5.43333333333333,240.916666666667
37,"F",5.33555555555556,240.916666666667
24,"F",5.55388888888889,240.916666666667
41,"F",5.44277777777778,240.933333333333
50,"F",5.60333333333333,240.933333333333
44,"F",5.48277777777778,240.933333333333
72,"F",5.47444444444444,240.933333333333
36,"F",5.65611111111111,240.95
63,"M",5.60611111111111,240.95
56,"M",5.67222222222222,240.95
52,"F",5.52833333333333,240.95
47,"F",5.58944444444444,240.95
74,"M",5.66777777777778,240.95
50,"F",5.65444444444444,240.966666666667
49,"M",5.42222222222222,240.966666666667
45,"F",5.50222222222222,240.966666666667
41,"F",5.50222222222222,240.966666666667
40,"F",5.50055555555556,240.983333333333
52,"F",5.67055555555556,240.983333333333
39,"M",5.55944444444444,241
32,"F",5.59277777777778,241
41,"M",5.56055555555556,241
58,"F",5.60555555555556,241
50,"F",5.70277777777778,241
47,"M",5.44666666666667,241
52,"F",5.43111111111111,241.016666666667
46,"F",5.615,241.016666666667
37,"M",5.57222222222222,241.016666666667
25,"M",5.50222222222222,241.016666666667
64,"M",5.56388888888889,241.016666666667
45,"F",5.54055555555556,241.016666666667
38,"F",5.49666666666667,241.016666666667
49,"F",5.54444444444445,241.033333333333
54,"F",5.46111111111111,241.033333333333
57,"M",5.54388888888889,241.033333333333
66,"M",5.67,241.05
44,"M",5.67555555555556,241.05
41,"F",5.50777777777778,241.05
41,"F",5.57555555555556,241.05
46,"F",5.48444444444444,241.066666666667
44,"F",5.5,241.066666666667
50,"M",5.485,241.066666666667
44,"F",5.64666666666667,241.066666666667
49,"F",5.63222222222222,241.066666666667
42,"F",5.51,241.083333333333
44,"F",5.62833333333333,241.1
50,"F",5.69611111111111,241.116666666667
41,"F",5.60833333333333,241.116666666667
26,"F",5.50388888888889,241.133333333333
52,"M",5.51833333333333,241.15
49,"M",5.39333333333333,241.183333333333
26,"M",5.55111111111111,241.183333333333
45,"F",5.68333333333333,241.2
68,"M",5.68111111111111,241.2
52,"F",5.70333333333333,241.216666666667
31,"F",5.61555555555556,241.216666666667
66,"M",5.59611111111111,241.216666666667
62,"M",5.50833333333333,241.216666666667
60,"M",5.43833333333333,241.216666666667
27,"F",5.60555555555556,241.216666666667
59,"F",5.725,241.233333333333
36,"F",5.62722222222222,241.233333333333
50,"F",5.65,241.233333333333
56,"M",5.55388888888889,241.233333333333
35,"F",5.41055555555556,241.25
40,"F",5.48055555555556,241.266666666667
57,"F",5.66944444444445,241.266666666667
45,"M",5.48666666666667,241.283333333333
43,"M",5.67944444444444,241.3
35,"F",5.67777777777778,241.3
37,"F",5.57055555555556,241.3
47,"F",5.70277777777778,241.3
50,"F",5.54666666666667,241.3
51,"F",5.62222222222222,241.316666666667
42,"F",5.65777777777778,241.316666666667
27,"F",5.55,241.316666666667
33,"M",5.49222222222222,241.333333333333
45,"M",5.55444444444444,241.333333333333
50,"F",5.65555555555556,241.333333333333
44,"M",5.19333333333333,241.333333333333
61,"M",5.38722222222222,241.35
57,"M",5.53888888888889,241.35
41,"M",5.50611111111111,241.35
50,"F",5.51277777777778,241.35
60,"M",5.57444444444444,241.366666666667
55,"M",5.62444444444444,241.366666666667
61,"M",5.37722222222222,241.366666666667
43,"M",5.73833333333333,241.366666666667
66,"M",5.45888888888889,241.383333333333
62,"M",4.78277777777778,241.383333333333
46,"F",5.62444444444444,241.383333333333
39,"F",5.69333333333333,241.383333333333
43,"F",5.45944444444444,241.4
39,"F",5.64555555555556,241.4
57,"M",5.545,241.416666666667
46,"F",5.42333333333333,241.416666666667
65,"M",5.55277777777778,241.416666666667
31,"F",5.68277777777778,241.416666666667
29,"F",5.72055555555556,241.45
45,"F",5.58777777777778,241.45
39,"M",5.56888888888889,241.45
46,"M",5.50944444444444,241.45
63,"M",5.715,241.45
54,"F",5.64,241.466666666667
59,"F",5.61111111111111,241.466666666667
49,"M",5.61944444444444,241.466666666667
68,"M",5.62722222222222,241.483333333333
32,"M",5.67166666666667,241.483333333333
50,"F",5.48777777777778,241.483333333333
49,"F",5.70555555555555,241.483333333333
42,"F",5.63944444444444,241.5
48,"F",5.59333333333333,241.5
58,"F",5.72166666666667,241.5
67,"M",5.69777777777778,241.516666666667
38,"M",5.68055555555556,241.533333333333
44,"M",5.64111111111111,241.533333333333
30,"M",5.65666666666667,241.533333333333
42,"F",5.55888888888889,241.533333333333
39,"M",5.67888888888889,241.55
55,"M",5.13888888888889,241.55
48,"F",5.71944444444444,241.55
29,"M",5.44333333333333,241.566666666667
50,"F",5.43833333333333,241.566666666667
51,"F",5.56611111111111,241.583333333333
48,"F",5.56611111111111,241.583333333333
47,"F",5.56611111111111,241.583333333333
27,"F",5.65222222222222,241.583333333333
28,"F",5.13,241.583333333333
55,"F",5.59833333333333,241.6
51,"F",5.69555555555556,241.6
45,"F",5.44388888888889,241.616666666667
52,"M",5.59722222222222,241.616666666667
39,"F",5.77333333333333,241.616666666667
52,"F",5.79111111111111,241.616666666667
56,"M",5.68055555555556,241.616666666667
51,"M",5.64777777777778,241.633333333333
35,"F",5.755,241.65
43,"F",5.56888888888889,241.65
63,"M",5.51222222222222,241.65
47,"F",5.65777777777778,241.65
44,"M",5.53944444444444,241.666666666667
28,"M",5.42388888888889,241.666666666667
32,"F",5.55,241.666666666667
55,"F",5.695,241.666666666667
32,"F",5.72666666666667,241.683333333333
46,"F",5.62,241.683333333333
47,"M",5.52944444444444,241.7
58,"M",5.58055555555555,241.7
40,"F",5.63333333333333,241.716666666667
42,"F",5.53944444444444,241.716666666667
72,"M",5.585,241.716666666667
31,"F",5.32666666666667,241.716666666667
28,"M",5.08777777777778,241.716666666667
37,"F",5.51055555555556,241.716666666667
45,"F",5.57611111111111,241.716666666667
51,"F",5.49333333333333,241.75
50,"F",5.50611111111111,241.75
64,"M",5.63833333333333,241.766666666667
57,"M",5.65944444444444,241.766666666667
53,"F",5.52944444444444,241.783333333333
52,"M",5.36611111111111,241.8
41,"F",5.535,241.8
27,"M",5.46777777777778,241.8
43,"F",4.94444444444444,241.816666666667
51,"F",5.53111111111111,241.833333333333
47,"F",5.66222222222222,241.85
34,"F",5.53166666666667,241.85
57,"M",5.42277777777778,241.866666666667
42,"F",5.64777777777778,241.866666666667
43,"M",5.58111111111111,241.866666666667
53,"F",5.62166666666667,241.883333333333
50,"M",5.64222222222222,241.9
56,"F",5.69722222222222,241.9
34,"M",4.82388888888889,241.9
40,"F",5.74444444444444,241.9
57,"F",5.62666666666667,241.916666666667
56,"F",5.65666666666667,241.916666666667
46,"F",5.66222222222222,241.916666666667
67,"M",5.54222222222222,241.916666666667
61,"M",5.59055555555556,241.916666666667
41,"M",5.68055555555556,241.916666666667
41,"F",5.68111111111111,241.933333333333
46,"F",5.61888888888889,241.933333333333
64,"F",5.64944444444444,241.933333333333
53,"F",5.36055555555556,241.95
55,"M",5.39,241.95
56,"F",5.34666666666667,241.95
53,"M",5.49388888888889,241.966666666667
52,"F",5.66444444444444,241.966666666667
42,"F",5.68111111111111,241.966666666667
52,"F",5.59833333333333,241.983333333333
39,"M",5.69166666666667,241.983333333333
39,"F",5.61333333333333,241.983333333333
50,"M",5.57277777777778,242
40,"F",5.63888888888889,242.016666666667
31,"F",5.43111111111111,242.016666666667
63,"M",5.56222222222222,242.016666666667
47,"F",5.54222222222222,242.016666666667
47,"F",5.60722222222222,242.016666666667
54,"M",5.22611111111111,242.033333333333
38,"F",5.49333333333333,242.033333333333
44,"F",5.46277777777778,242.05
57,"M",5.22166666666667,242.066666666667
26,"F",5.63833333333333,242.083333333333
43,"M",5.58222222222222,242.1
50,"F",5.65277777777778,242.1
66,"M",5.63833333333333,242.1
46,"M",4.83777777777778,242.116666666667
58,"M",5.39833333333333,242.116666666667
38,"F",5.82,242.116666666667
55,"F",5.58777777777778,242.116666666667
50,"F",5.67277777777778,242.116666666667
55,"F",5.20555555555555,242.133333333333
48,"F",5.59555555555556,242.133333333333
37,"M",5.84333333333333,242.166666666667
45,"M",5.69722222222222,242.166666666667
53,"F",5.68222222222222,242.166666666667
60,"M",5.54555555555556,242.166666666667
51,"F",5.80277777777778,242.166666666667
62,"M",5.65666666666667,242.183333333333
60,"F",5.48611111111111,242.183333333333
32,"F",5.60222222222222,242.183333333333
30,"F",5.49388888888889,242.183333333333
60,"F",5.58055555555555,242.183333333333
63,"M",5.61333333333333,242.183333333333
47,"F",5.80277777777778,242.2
41,"F",5.69944444444444,242.2
34,"F",5.64388888888889,242.2
64,"M",5.10222222222222,242.2
56,"M",5.60277777777778,242.216666666667
35,"F",5.57,242.233333333333
31,"M",5.86222222222222,242.233333333333
28,"M",5.44444444444444,242.233333333333
56,"M",5.71444444444444,242.233333333333
25,"F",5.67944444444444,242.233333333333
70,"M",5.53333333333333,242.25
30,"F",5.61222222222222,242.25
31,"M",5.40666666666667,242.25
58,"F",5.58444444444444,242.25
53,"F",5.53166666666667,242.266666666667
44,"F",5.56166666666667,242.283333333333
58,"F",5.56611111111111,242.3
46,"F",5.66555555555556,242.3
46,"F",5.83055555555555,242.3
49,"F",5.69388888888889,242.3
46,"F",5.83,242.316666666667
46,"F",5.55777777777778,242.316666666667
37,"M",5.72166666666667,242.316666666667
40,"F",5.50944444444444,242.333333333333
54,"F",5.45777777777778,242.333333333333
21,"F",5.58722222222222,242.333333333333
63,"M",5.69,242.333333333333
60,"M",5.61555555555556,242.333333333333
23,"M",5.72333333333333,242.35
55,"M",5.81833333333333,242.35
57,"F",5.88055555555556,242.35
42,"F",5.41833333333333,242.35
50,"F",5.58555555555556,242.366666666667
56,"F",5.57166666666667,242.383333333333
61,"M",5.52444444444444,242.383333333333
48,"F",5.65333333333333,242.4
43,"F",5.55388888888889,242.4
37,"F",5.65944444444444,242.416666666667
42,"F",5.65944444444444,242.416666666667
54,"F",5.50055555555556,242.416666666667
65,"M",5.58388888888889,242.416666666667
53,"F",5.61777777777778,242.416666666667
67,"M",5.70055555555556,242.433333333333
58,"F",5.76222222222222,242.433333333333
53,"F",5.57055555555556,242.45
45,"F",5.62888888888889,242.45
24,"F",5.94,242.45
53,"M",5.63333333333333,242.45
53,"F",5.82666666666667,242.466666666667
36,"F",5.46666666666667,242.483333333333
52,"F",5.67444444444444,242.483333333333
62,"M",5.54388888888889,242.483333333333
57,"M",5.65888888888889,242.483333333333
61,"M",5.15388888888889,242.5
65,"M",5.48277777777778,242.5
46,"F",5.61222222222222,242.5
48,"F",5.71222222222222,242.5
39,"F",5.74611111111111,242.5
58,"M",5.70111111111111,242.516666666667
46,"F",5.51611111111111,242.516666666667
23,"F",5.54166666666667,242.516666666667
53,"F",5.54166666666667,242.516666666667
50,"F",5.64944444444444,242.533333333333
50,"M",5.18888888888889,242.55
29,"M",5.43944444444444,242.566666666667
43,"M",5.23,242.583333333333
48,"F",5.56944444444444,242.583333333333
62,"M",5.51166666666667,242.583333333333
46,"F",5.59555555555556,242.6
46,"F",5.67833333333333,242.6
41,"F",5.495,242.6
20,"F",5.40277777777778,242.616666666667
61,"M",5.39722222222222,242.616666666667
47,"F",5.60833333333333,242.633333333333
50,"F",5.42833333333333,242.65
55,"F",5.68611111111111,242.666666666667
45,"F",5.52333333333333,242.666666666667
65,"F",5.45666666666667,242.666666666667
24,"F",5.50333333333333,242.683333333333
56,"F",5.63611111111111,242.683333333333
47,"F",5.65944444444444,242.7
45,"M",5.65277777777778,242.7
55,"F",5.62055555555556,242.7
48,"F",5.535,242.7
33,"M",5.42722222222222,242.7
57,"F",5.58333333333333,242.716666666667
51,"M",5.39,242.716666666667
45,"F",5.73055555555556,242.733333333333
50,"M",5.48055555555556,242.75
55,"M",5.67222222222222,242.766666666667
40,"F",5.62722222222222,242.766666666667
47,"M",5.48166666666667,242.766666666667
61,"M",5.59555555555556,242.783333333333
53,"F",5.64333333333333,242.783333333333
44,"M",5.72166666666667,242.783333333333
43,"M",5.51,242.783333333333
65,"M",5.48111111111111,242.783333333333
57,"F",5.64388888888889,242.783333333333
54,"M",5.49444444444444,242.8
48,"F",5.66722222222222,242.8
52,"F",5.61388888888889,242.816666666667
31,"F",5.41,242.816666666667
42,"F",5.41722222222222,242.816666666667
58,"F",5.69777777777778,242.833333333333
53,"F",5.64611111111111,242.833333333333
52,"M",5.22611111111111,242.85
34,"F",5.43277777777778,242.85
30,"M",5.57666666666667,242.866666666667
62,"M",5.63722222222222,242.883333333333
47,"F",5.68833333333333,242.883333333333
57,"F",5.66,242.9
25,"F",5.78333333333333,242.9
42,"F",5.68611111111111,242.9
56,"M",5.68611111111111,242.9
75,"M",5.55222222222222,242.916666666667
40,"F",5.92388888888889,242.916666666667
34,"M",5.60666666666667,242.933333333333
57,"M",5.65444444444444,242.933333333333
45,"F",5.73722222222222,242.933333333333
42,"M",5.48222222222222,242.95
38,"F",5.73777777777778,242.95
40,"F",5.61666666666667,242.95
28,"F",5.44722222222222,242.983333333333
30,"F",5.60111111111111,243.016666666667
41,"F",5.65277777777778,243.016666666667
46,"F",5.65222222222222,243.016666666667
26,"F",5.64722222222222,243.033333333333
48,"F",5.58222222222222,243.033333333333
32,"M",5.61333333333333,243.05
55,"F",5.73555555555556,243.05
62,"M",5.65277777777778,243.066666666667
55,"M",5.60777777777778,243.066666666667
45,"F",5.73222222222222,243.066666666667
52,"F",5.58555555555556,243.066666666667
54,"F",5.75944444444444,243.066666666667
53,"F",5.74222222222222,243.083333333333
26,"M",5.695,243.1
65,"M",5.60666666666667,243.116666666667
33,"F",5.63722222222222,243.116666666667
32,"F",5.61833333333333,243.116666666667
57,"F",5.58,243.116666666667
61,"M",5.31611111111111,243.116666666667
28,"F",5.58888888888889,243.116666666667
64,"M",5.58333333333333,243.116666666667
55,"F",5.58611111111111,243.133333333333
48,"F",5.515,243.15
54,"F",5.53388888888889,243.183333333333
46,"M",5.71888888888889,243.183333333333
46,"F",5.28166666666667,243.183333333333
46,"F",5.59777777777778,243.2
62,"M",5.68944444444444,243.216666666667
41,"F",5.56888888888889,243.216666666667
22,"F",5.73666666666667,243.216666666667
37,"F",5.71666666666667,243.216666666667
61,"F",5.615,243.233333333333
56,"M",5.73555555555556,243.233333333333
52,"M",5.61888888888889,243.233333333333
44,"M",5.86444444444444,243.233333333333
21,"F",5.42,243.25
61,"M",5.65555555555556,243.266666666667
57,"F",5.61833333333333,243.266666666667
35,"F",5.44333333333333,243.266666666667
50,"F",5.79111111111111,243.283333333333
39,"F",5.63777777777778,243.283333333333
25,"M",5.03833333333333,243.3
51,"M",5.65611111111111,243.3
51,"F",5.49666666666667,243.316666666667
44,"F",5.59833333333333,243.316666666667
46,"F",5.69944444444444,243.316666666667
62,"M",5.63388888888889,243.333333333333
50,"F",5.65888888888889,243.333333333333
38,"F",5.56944444444444,243.35
46,"F",5.7,243.35
62,"F",5.675,243.35
31,"F",5.54722222222222,243.366666666667
46,"F",5.62055555555556,243.366666666667
43,"F",5.53111111111111,243.383333333333
56,"M",5.375,243.4
60,"F",5.17444444444444,243.4
48,"F",5.66666666666667,243.4
60,"F",5.34944444444444,243.416666666667
42,"F",5.58777777777778,243.416666666667
50,"M",5.61111111111111,243.433333333333
44,"F",5.60444444444444,243.433333333333
44,"F",5.71888888888889,243.483333333333
50,"F",5.65444444444444,243.483333333333
29,"F",5.68388888888889,243.5
38,"F",5.57777777777778,243.5
57,"F",5.62666666666667,243.5
65,"M",5.53277777777778,243.5
61,"M",5.645,243.5
30,"F",5.635,243.5
46,"F",5.60388888888889,243.5
55,"M",5.52166666666667,243.516666666667
47,"F",5.85611111111111,243.516666666667
55,"F",5.81166666666667,243.533333333333
55,"M",5.81166666666667,243.533333333333
64,"M",5.62722222222222,243.533333333333
55,"F",5.67111111111111,243.533333333333
42,"F",5.81166666666667,243.533333333333
55,"F",5.82222222222222,243.55
42,"F",5.55444444444444,243.55
34,"F",5.585,243.566666666667
43,"M",5.43611111111111,243.566666666667
30,"M",5.91611111111111,243.6
39,"F",5.30555555555556,243.6
60,"M",5.53055555555556,243.616666666667
43,"F",5.25722222222222,243.616666666667
62,"M",5.76388888888889,243.616666666667
22,"M",5.47777777777778,243.616666666667
35,"F",5.64888888888889,243.633333333333
43,"F",5.60833333333333,243.633333333333
56,"F",5.67611111111111,243.633333333333
33,"F",5.34777777777778,243.633333333333
57,"F",5.68055555555556,243.633333333333
20,"F",5.39611111111111,243.633333333333
59,"F",5.63611111111111,243.65
51,"F",5.65833333333333,243.65
62,"M",5.66,243.65
54,"F",5.64722222222222,243.666666666667
63,"M",5.31888888888889,243.666666666667
21,"M",5.07388888888889,243.683333333333
47,"M",5.75,243.7
44,"M",5.77111111111111,243.7
51,"F",5.48888888888889,243.716666666667
67,"M",5.70555555555555,243.716666666667
44,"F",5.77166666666667,243.716666666667
45,"F",5.66722222222222,243.716666666667
48,"F",5.66222222222222,243.716666666667
31,"F",5.73833333333333,243.733333333333
62,"M",5.44166666666667,243.75
48,"F",5.64055555555556,243.766666666667
48,"M",5.70388888888889,243.783333333333
53,"M",5.53555555555556,243.783333333333
46,"F",5.57888888888889,243.8
46,"F",5.76277777777778,243.8
45,"F",5.76333333333333,243.8
61,"F",5.81277777777778,243.8
47,"M",5.30111111111111,243.8
52,"F",5.71555555555556,243.8
25,"F",5.79611111111111,243.8
29,"F",5.62944444444444,243.816666666667
50,"F",5.71555555555556,243.816666666667
58,"M",5.49722222222222,243.816666666667
38,"F",5.75055555555556,243.833333333333
42,"F",5.69333333333333,243.833333333333
43,"F",5.58444444444444,243.833333333333
57,"F",5.57833333333333,243.85
54,"F",5.665,243.85
59,"F",5.72944444444444,243.85
60,"M",5.42777777777778,243.85
59,"M",5.67444444444444,243.85
51,"F",5.60444444444444,243.866666666667
43,"F",5.54111111111111,243.866666666667
49,"F",5.46111111111111,243.866666666667
42,"F",5.75944444444444,243.866666666667
50,"M",5.33444444444444,243.883333333333
61,"M",5.80333333333333,243.883333333333
55,"F",5.62055555555556,243.9
58,"M",5.49722222222222,243.9
30,"F",5.80944444444444,243.916666666667
24,"M",5.71611111111111,243.916666666667
45,"M",5.21722222222222,243.916666666667
53,"F",5.73777777777778,243.933333333333
56,"F",5.465,243.933333333333
24,"M",5.71666666666667,243.933333333333
65,"M",5.725,243.95
40,"M",5.76055555555556,243.95
47,"F",5.735,243.95
51,"F",5.59777777777778,243.95
23,"F",5.75388888888889,243.95
52,"F",5.61277777777778,243.966666666667
50,"F",5.83111111111111,243.966666666667
24,"F",5.86555555555556,243.983333333333
45,"M",5.57388888888889,243.983333333333
28,"M",5.40277777777778,244
66,"M",5.56555555555556,244
40,"F",5.62222222222222,244
44,"F",5.7,244
61,"M",5.58944444444444,244
58,"M",5.63444444444444,244.016666666667
52,"F",5.74444444444444,244.016666666667
36,"M",5.57555555555556,244.016666666667
33,"M",5.51611111111111,244.016666666667
60,"M",5.78944444444444,244.016666666667
40,"F",5.74111111111111,244.016666666667
63,"M",5.60777777777778,244.033333333333
61,"M",5.70166666666667,244.033333333333
33,"M",5.84777777777778,244.033333333333
46,"F",5.52055555555556,244.033333333333
38,"M",5.56722222222222,244.033333333333
41,"F",5.50611111111111,244.033333333333
43,"F",5.475,244.05
54,"F",5.48666666666667,244.066666666667
56,"F",5.48611111111111,244.066666666667
45,"F",5.595,244.066666666667
45,"F",5.57333333333333,244.066666666667
48,"F",5.56333333333333,244.066666666667
51,"M",5.71611111111111,244.083333333333
48,"F",5.48388888888889,244.1
56,"F",5.70777777777778,244.1
50,"F",5.70944444444444,244.1
66,"M",5.60777777777778,244.116666666667
48,"M",5.58666666666667,244.116666666667
60,"M",5.48777777777778,244.133333333333
64,"M",5.57777777777778,244.133333333333
23,"F",5.54,244.133333333333
44,"F",5.68111111111111,244.15
56,"M",5.61166666666667,244.15
77,"M",5.59944444444444,244.166666666667
50,"F",5.55444444444444,244.166666666667
45,"F",5.68611111111111,244.183333333333
50,"F",5.67777777777778,244.183333333333
37,"F",5.365,244.183333333333
45,"F",5.67777777777778,244.183333333333
65,"M",5.60722222222222,244.183333333333
35,"F",5.73222222222222,244.2
51,"F",5.65666666666667,244.2
34,"M",5.74888888888889,244.2
47,"M",5.77611111111111,244.2
52,"M",5.37,244.216666666667
52,"M",5.79722222222222,244.216666666667
42,"F",5.57611111111111,244.216666666667
29,"F",5.65444444444444,244.216666666667
48,"F",5.68833333333333,244.233333333333
39,"F",5.53055555555556,244.233333333333
62,"M",5.57555555555556,244.25
56,"M",5.59833333333333,244.25
54,"F",5.22277777777778,244.25
65,"M",5.70333333333333,244.25
37,"F",5.63,244.25
50,"F",5.63111111111111,244.266666666667
57,"F",5.74888888888889,244.266666666667
56,"M",5.34722222222222,244.266666666667
52,"F",5.74888888888889,244.266666666667
60,"M",5.50444444444444,244.266666666667
38,"M",5.55777777777778,244.283333333333
38,"F",5.71166666666667,244.283333333333
27,"F",5.74555555555556,244.283333333333
26,"M",5.74555555555556,244.283333333333
46,"F",5.72555555555556,244.3
65,"M",5.61333333333333,244.3
35,"F",5.44444444444444,244.3
31,"F",5.135,244.3
41,"F",5.69166666666667,244.316666666667
50,"M",5.635,244.316666666667
60,"M",5.60555555555556,244.316666666667
58,"M",5.605,244.316666666667
52,"F",5.73666666666667,244.316666666667
39,"M",5.66444444444444,244.333333333333
51,"F",5.545,244.333333333333
60,"M",5.57,244.333333333333
41,"F",5.66722222222222,244.333333333333
56,"F",5.61055555555556,244.333333333333
61,"F",5.63388888888889,244.35
46,"F",5.52722222222222,244.35
56,"M",5.56833333333333,244.35
37,"F",5.64277777777778,244.35
46,"F",5.73888888888889,244.366666666667
38,"M",5.39166666666667,244.366666666667
56,"F",5.72055555555556,244.383333333333
58,"F",5.57333333333333,244.383333333333
26,"F",4.80055555555556,244.4
48,"M",5.52777777777778,244.4
64,"M",5.64444444444444,244.4
53,"M",5.62555555555556,244.416666666667
56,"M",5.37722222222222,244.433333333333
46,"F",5.67277777777778,244.433333333333
54,"F",5.45944444444444,244.433333333333
55,"M",5.75611111111111,244.466666666667
54,"F",5.42833333333333,244.483333333333
46,"F",5.54722222222222,244.483333333333
47,"F",5.63444444444444,244.5
53,"F",5.63444444444444,244.516666666667
53,"F",5.52666666666667,244.516666666667
63,"M",5.47833333333333,244.533333333333
57,"F",5.52333333333333,244.533333333333
41,"M",5.68777777777778,244.533333333333
25,"M",5.63055555555556,244.533333333333
58,"M",5.67833333333333,244.533333333333
32,"M",5.54944444444444,244.533333333333
47,"F",5.50333333333333,244.533333333333
61,"M",5.74444444444444,244.55
33,"F",5.50333333333333,244.55
50,"F",5.72,244.55
58,"F",5.70944444444444,244.566666666667
45,"M",5.59,244.566666666667
42,"M",5.57555555555556,244.566666666667
65,"M",5.52666666666667,244.566666666667
36,"M",5.61277777777778,244.566666666667
48,"M",5.31944444444444,244.566666666667
62,"M",5.54833333333333,244.583333333333
54,"F",5.77555555555556,244.583333333333
52,"F",5.68388888888889,244.583333333333
60,"M",5.46611111111111,244.583333333333
59,"F",5.85777777777778,244.6
43,"F",5.79222222222222,244.6
50,"M",5.41222222222222,244.616666666667
40,"F",5.57277777777778,244.616666666667
29,"F",5.62,244.616666666667
49,"F",5.725,244.633333333333
63,"F",5.81277777777778,244.633333333333
25,"F",5.63777777777778,244.65
54,"F",5.73333333333333,244.65
57,"F",5.77166666666667,244.65
60,"M",5.68888888888889,244.65
63,"F",5.715,244.65
62,"M",5.73277777777778,244.666666666667
50,"F",5.71444444444444,244.683333333333
58,"M",5.62555555555556,244.7
34,"M",5.74944444444444,244.7
41,"F",5.68111111111111,244.7
53,"M",5.40333333333333,244.716666666667
58,"M",5.53055555555556,244.716666666667
39,"M",5.58666666666667,244.716666666667
38,"F",5.71444444444444,244.733333333333
39,"F",5.68722222222222,244.733333333333
37,"F",5.68611111111111,244.733333333333
42,"M",5.54111111111111,244.75
61,"F",5.62111111111111,244.766666666667
46,"M",5.32055555555556,244.783333333333
41,"M",5.43388888888889,244.816666666667
44,"F",5.46166666666667,244.816666666667
42,"M",5.90722222222222,244.816666666667
53,"F",5.805,244.816666666667
50,"M",5.79444444444445,244.816666666667
46,"F",5.84055555555556,244.833333333333
61,"M",5.55777777777778,244.833333333333
65,"M",5.34777777777778,244.833333333333
55,"M",5.61722222222222,244.85
55,"M",5.42055555555556,244.85
58,"F",5.63888888888889,244.85
31,"F",5.42944444444444,244.85
41,"F",5.50833333333333,244.85
47,"F",5.46388888888889,244.866666666667
56,"M",5.72555555555556,244.866666666667
56,"F",5.69777777777778,244.866666666667
43,"F",5.49166666666667,244.883333333333
28,"F",5.79055555555556,244.883333333333
55,"F",5.62388888888889,244.883333333333
67,"M",5.61222222222222,244.883333333333
58,"F",5.69444444444444,244.883333333333
24,"F",5.75055555555556,244.9
62,"M",5.75666666666667,244.916666666667
37,"M",5.96222222222222,244.916666666667
38,"M",5.67222222222222,244.916666666667
45,"F",5.715,244.933333333333
45,"F",5.60388888888889,244.933333333333
42,"F",5.75388888888889,244.933333333333
56,"M",5.58166666666667,244.95
52,"F",5.68277777777778,244.95
30,"M",5.76722222222222,244.95
43,"M",5.50777777777778,244.966666666667
62,"M",5.79388888888889,244.966666666667
57,"M",5.66333333333333,244.983333333333
42,"M",5.59055555555556,244.983333333333
37,"F",5.83,244.983333333333
46,"F",5.62388888888889,245
51,"F",5.62722222222222,245
44,"F",5.53888888888889,245
51,"F",5.58277777777778,245
37,"F",5.69611111111111,245.033333333333
67,"M",5.65222222222222,245.033333333333
52,"F",5.70888888888889,245.033333333333
58,"M",5.63166666666667,245.05
48,"F",5.72,245.05
78,"M",5.58444444444444,245.05
57,"M",5.77388888888889,245.066666666667
46,"F",5.54722222222222,245.083333333333
41,"F",5.83333333333333,245.1
43,"M",5.64388888888889,245.116666666667
64,"M",5.57944444444444,245.133333333333
20,"F",5.75555555555556,245.133333333333
52,"F",5.71277777777778,245.133333333333
53,"F",5.57111111111111,245.15
52,"F",5.67444444444444,245.166666666667
55,"M",5.56888888888889,245.183333333333
60,"M",5.61111111111111,245.183333333333
21,"F",5.69888888888889,245.2
45,"M",5.37666666666667,245.2
29,"F",5.66777777777778,245.2
44,"M",5.37611111111111,245.2
45,"F",5.53388888888889,245.233333333333
48,"F",5.62944444444444,245.233333333333
43,"F",5.73944444444444,245.233333333333
38,"F",5.61444444444444,245.25
44,"F",5.87833333333333,245.266666666667
32,"F",5.87777777777778,245.266666666667
47,"F",5.585,245.266666666667
60,"M",5.50111111111111,245.266666666667
52,"F",5.54111111111111,245.283333333333
51,"F",5.59888888888889,245.3
58,"F",5.72611111111111,245.3
51,"M",5.4,245.316666666667
53,"F",5.54722222222222,245.316666666667
61,"F",5.695,245.316666666667
51,"F",5.57888888888889,245.316666666667
40,"F",5.66333333333333,245.316666666667
42,"F",5.62166666666667,245.316666666667
50,"F",5.5,245.333333333333
34,"F",5.66,245.333333333333
58,"M",5.54222222222222,245.35
57,"M",5.76055555555556,245.366666666667
46,"F",5.68333333333333,245.366666666667
51,"F",5.74888888888889,245.383333333333
50,"F",5.67111111111111,245.383333333333
36,"F",5.72111111111111,245.4
65,"M",5.62888888888889,245.4
38,"F",5.51888888888889,245.4
43,"F",5.51833333333333,245.416666666667
58,"M",5.66888888888889,245.416666666667
61,"M",5.78055555555556,245.416666666667
61,"M",5.70888888888889,245.416666666667
23,"F",5.29888888888889,245.433333333333
36,"F",5.72166666666667,245.433333333333
38,"F",5.72111111111111,245.433333333333
27,"F",5.605,245.433333333333
49,"F",5.63,245.433333333333
67,"M",5.71222222222222,245.45
22,"M",5.14555555555556,245.45
45,"F",5.62333333333333,245.45
28,"F",5.61666666666667,245.466666666667
51,"M",5.59722222222222,245.466666666667
42,"F",5.59722222222222,245.466666666667
46,"F",5.80166666666667,245.483333333333
49,"F",5.65611111111111,245.483333333333
48,"F",5.76111111111111,245.483333333333
27,"M",5.73777777777778,245.483333333333
52,"F",5.65611111111111,245.483333333333
70,"M",5.60611111111111,245.5
68,"M",5.56277777777778,245.5
43,"F",5.90222222222222,245.5
46,"F",5.68888888888889,245.516666666667
41,"F",5.95222222222222,245.516666666667
67,"M",5.91333333333333,245.516666666667
32,"M",5.72444444444444,245.516666666667
20,"F",5.74222222222222,245.516666666667
46,"M",5.71222222222222,245.516666666667
51,"M",5.55722222222222,245.533333333333
44,"M",5.525,245.533333333333
47,"F",5.69666666666667,245.533333333333
47,"F",5.61777777777778,245.55
49,"M",5.68555555555556,245.566666666667
46,"M",5.44166666666667,245.566666666667
62,"F",5.70388888888889,245.566666666667
50,"F",5.795,245.583333333333
65,"M",5.54611111111111,245.583333333333
51,"F",5.82777777777778,245.583333333333
36,"F",5.63333333333333,245.6
65,"M",5.60277777777778,245.6
46,"F",5.75944444444444,245.6
43,"M",5.74388888888889,245.616666666667
44,"F",5.51222222222222,245.616666666667
62,"M",5.61111111111111,245.616666666667
64,"F",5.72444444444444,245.633333333333
50,"F",5.64722222222222,245.65
47,"M",5.42277777777778,245.65
50,"F",5.54944444444444,245.65
23,"F",5.03055555555556,245.666666666667
47,"F",5.67444444444444,245.683333333333
45,"F",5.945,245.683333333333
52,"F",5.68444444444444,245.7
54,"F",5.80111111111111,245.7
53,"M",5.34388888888889,245.7
23,"F",5.67166666666667,245.7
62,"M",5.43555555555556,245.7
37,"M",5.94166666666667,245.7
48,"F",5.68777777777778,245.716666666667
33,"F",5.74777777777778,245.716666666667
45,"M",5.835,245.716666666667
45,"F",5.66722222222222,245.716666666667
61,"M",5.57777777777778,245.733333333333
66,"M",5.52166666666667,245.733333333333
40,"M",5.57388888888889,245.733333333333
43,"F",5.70166666666667,245.733333333333
60,"F",5.63833333333333,245.75
25,"F",5.35222222222222,245.75
55,"F",5.47611111111111,245.783333333333
57,"M",5.57222222222222,245.783333333333
53,"M",5.58833333333333,245.8
60,"M",5.35333333333333,245.8
57,"M",5.26722222222222,245.8
44,"F",5.62944444444444,245.8
33,"M",5.89611111111111,245.8
29,"F",5.74444444444444,245.816666666667
29,"F",5.345,245.816666666667
43,"F",5.67666666666667,245.816666666667
42,"M",5.61166666666667,245.816666666667
46,"F",5.58555555555556,245.833333333333
48,"F",5.90555555555556,245.833333333333
56,"M",5.265,245.833333333333
59,"F",5.78222222222222,245.833333333333
40,"F",5.90611111111111,245.883333333333
39,"F",5.87666666666667,245.883333333333
52,"F",5.52,245.9
39,"F",5.64277777777778,245.9
46,"F",5.56333333333333,245.9
44,"F",5.76666666666667,245.916666666667
46,"F",5.71333333333333,245.916666666667
49,"M",5.72611111111111,245.916666666667
54,"F",5.57777777777778,245.916666666667
56,"F",5.83333333333333,245.916666666667
42,"F",5.57888888888889,245.916666666667
51,"F",5.72611111111111,245.933333333333
47,"F",5.51555555555556,245.933333333333
56,"M",5.52111111111111,245.95
32,"F",5.79777777777778,245.95
27,"M",5.81222222222222,245.966666666667
49,"F",5.79833333333333,245.966666666667
44,"F",5.76222222222222,245.983333333333
60,"F",5.68555555555556,245.983333333333
57,"M",5.48666666666667,245.983333333333
46,"F",5.89944444444444,246.033333333333
57,"M",5.51833333333333,246.033333333333
41,"F",5.64666666666667,246.033333333333
39,"M",5.69333333333333,246.033333333333
30,"M",5.59388888888889,246.033333333333
52,"F",5.72611111111111,246.05
54,"F",5.595,246.05
65,"F",5.63444444444444,246.05
58,"F",5.69833333333333,246.083333333333
45,"F",5.53222222222222,246.083333333333
47,"F",5.60666666666667,246.083333333333
45,"F",5.54666666666667,246.1
51,"F",5.8,246.1
47,"M",5.60666666666667,246.1
58,"M",5.72055555555556,246.133333333333
30,"M",5.78833333333333,246.133333333333
29,"F",5.92611111111111,246.15
47,"F",5.75166666666667,246.15
45,"F",5.74944444444444,246.166666666667
58,"M",5.70722222222222,246.166666666667
52,"F",5.74888888888889,246.183333333333
61,"F",5.65166666666667,246.2
30,"M",5.70388888888889,246.2
46,"F",5.61333333333333,246.216666666667
49,"F",5.83444444444444,246.216666666667
44,"F",5.73055555555556,246.233333333333
32,"F",5.63388888888889,246.233333333333
25,"F",5.70888888888889,246.233333333333
32,"M",5.74388888888889,246.233333333333
53,"F",5.75722222222222,246.233333333333
58,"M",5.65555555555556,246.25
49,"F",5.71055555555556,246.266666666667
41,"M",5.20111111111111,246.283333333333
24,"M",5.75277777777778,246.283333333333
51,"F",5.71222222222222,246.3
44,"F",5.69555555555556,246.3
24,"F",5.75333333333333,246.3
48,"M",5.34555555555556,246.3
65,"M",5.80777777777778,246.3
58,"F",5.67722222222222,246.316666666667
57,"M",5.57166666666667,246.316666666667
41,"M",5.75388888888889,246.316666666667
42,"F",5.76444444444444,246.333333333333
47,"F",5.695,246.333333333333
37,"F",5.62555555555556,246.333333333333
69,"M",5.69166666666667,246.35
68,"M",5.85777777777778,246.35
56,"F",5.755,246.35
65,"M",5.55055555555556,246.35
60,"F",5.65111111111111,246.366666666667
46,"M",5.80388888888889,246.366666666667
53,"M",5.81666666666667,246.366666666667
36,"M",5.72888888888889,246.383333333333
62,"M",5.635,246.383333333333
37,"F",6.08722222222222,246.383333333333
53,"M",5.72944444444444,246.4
34,"M",5.70277777777778,246.416666666667
26,"F",5.66,246.416666666667
49,"F",5.80722222222222,246.416666666667
33,"M",5.73944444444444,246.416666666667
34,"M",5.69611111111111,246.416666666667
55,"M",5.50833333333333,246.433333333333
27,"F",5.52944444444444,246.433333333333
32,"M",5.71333333333333,246.433333333333
57,"F",5.77777777777778,246.433333333333
50,"F",5.72666666666667,246.45
67,"M",5.78055555555556,246.45
38,"F",5.83722222222222,246.45
37,"F",5.83722222222222,246.45
45,"F",5.56388888888889,246.466666666667
19,"F",5.57555555555556,246.466666666667
47,"F",5.545,246.483333333333
52,"F",5.60444444444444,246.483333333333
51,"F",5.47,246.483333333333
21,"M",5.65055555555556,246.5
49,"M",5.59444444444444,246.5
63,"M",5.775,246.5
29,"F",6.03333333333333,246.5
42,"F",5.36333333333333,246.5
51,"F",5.74166666666667,246.516666666667
54,"F",5.57833333333333,246.533333333333
53,"M",5.80611111111111,246.566666666667
30,"F",5.82555555555556,246.583333333333
51,"F",5.66444444444444,246.6
49,"F",5.57722222222222,246.6
25,"F",5.69444444444444,246.6
63,"F",5.60555555555556,246.6
37,"F",5.94722222222222,246.616666666667
53,"M",5.48888888888889,246.616666666667
46,"F",5.69055555555556,246.65
63,"M",5.69277777777778,246.65
51,"F",5.68722222222222,246.65
54,"F",5.68722222222222,246.65
78,"M",4.75222222222222,246.666666666667
62,"M",5.59722222222222,246.666666666667
35,"M",5.69555555555556,246.666666666667
51,"F",5.62888888888889,246.683333333333
30,"M",5.39777777777778,246.683333333333
46,"F",5.74333333333333,246.683333333333
47,"F",5.79611111111111,246.683333333333
34,"M",5.485,246.683333333333
52,"F",5.68444444444444,246.716666666667
42,"F",5.84444444444444,246.716666666667
47,"F",5.69277777777778,246.716666666667
40,"F",5.82277777777778,246.733333333333
24,"F",5.95222222222222,246.733333333333
41,"F",5.33555555555556,246.766666666667
42,"F",5.72055555555556,246.766666666667
30,"F",5.42722222222222,246.766666666667
46,"F",5.58333333333333,246.766666666667
24,"F",5.67222222222222,246.766666666667
36,"F",5.64111111111111,246.783333333333
28,"M",5.88055555555556,246.783333333333
69,"M",5.73833333333333,246.783333333333
47,"F",5.67277777777778,246.783333333333
66,"F",5.63277777777778,246.8
45,"F",5.68444444444444,246.833333333333
51,"F",5.74333333333333,246.833333333333
47,"F",5.36277777777778,246.833333333333
52,"F",5.66222222222222,246.85
44,"F",5.75388888888889,246.85
53,"M",5.41666666666667,246.85
56,"F",5.67222222222222,246.85
56,"F",5.76111111111111,246.85
54,"M",5.55055555555556,246.866666666667
59,"F",5.82166666666667,246.866666666667
56,"F",5.48222222222222,246.883333333333
26,"F",5.42555555555556,246.883333333333
60,"M",5.56166666666667,246.9
49,"F",5.67833333333333,246.9
56,"M",5.84055555555556,246.9
36,"M",5.69388888888889,246.916666666667
56,"F",5.62944444444444,246.916666666667
28,"F",5.6,246.916666666667
54,"F",5.66555555555556,246.916666666667
52,"F",5.67944444444444,246.933333333333
55,"M",5.59055555555556,246.933333333333
29,"M",5.63555555555556,246.933333333333
59,"M",5.57666666666667,246.933333333333
32,"M",5.50333333333333,246.933333333333
68,"M",5.76277777777778,246.95
30,"F",5.78666666666667,246.95
29,"F",5.54222222222222,246.95
65,"M",5.74,246.966666666667
60,"M",5.74555555555556,246.966666666667
58,"F",5.70055555555556,246.966666666667
64,"M",5.42277777777778,246.966666666667
66,"M",5.62611111111111,246.983333333333
46,"F",5.35,246.983333333333
66,"M",5.78444444444444,246.983333333333
29,"F",5.54611111111111,247
50,"F",5.71444444444444,247
33,"F",5.58166666666667,247.016666666667
43,"M",5.77,247.016666666667
45,"F",5.76611111111111,247.016666666667
40,"F",5.78166666666667,247.016666666667
60,"M",5.80944444444444,247.016666666667
51,"F",5.75222222222222,247.033333333333
55,"F",5.52277777777778,247.033333333333
55,"M",5.75388888888889,247.033333333333
27,"F",5.95277777777778,247.033333333333
38,"F",5.69111111111111,247.05
32,"F",5.69055555555556,247.05
57,"F",5.72222222222222,247.05
43,"F",5.71222222222222,247.05
55,"M",5.27666666666667,247.05
27,"F",5.27666666666667,247.05
42,"M",5.64944444444444,247.05
37,"F",5.62277777777778,247.05
44,"F",5.57722222222222,247.05
56,"F",5.78166666666667,247.066666666667
67,"M",5.64444444444444,247.1
39,"F",5.53111111111111,247.1
25,"F",5.98666666666667,247.1
52,"M",5.68111111111111,247.1
59,"M",5.78777777777778,247.133333333333
50,"M",5.39222222222222,247.133333333333
58,"F",5.82,247.133333333333
44,"F",5.89055555555556,247.133333333333
46,"M",4.53611111111111,247.133333333333
61,"M",5.60944444444444,247.133333333333
23,"F",5.56833333333333,247.133333333333
46,"F",5.50888888888889,247.133333333333
40,"F",5.70722222222222,247.133333333333
58,"F",5.55944444444444,247.15
57,"F",5.68,247.15
62,"M",5.56944444444444,247.166666666667
49,"F",5.62666666666667,247.183333333333
46,"F",5.64555555555556,247.183333333333
55,"F",5.83722222222222,247.2
42,"M",5.80833333333333,247.216666666667
38,"F",5.91944444444445,247.216666666667
42,"F",5.66666666666667,247.216666666667
39,"F",5.72333333333333,247.233333333333
58,"F",5.70666666666667,247.233333333333
28,"F",5.62944444444444,247.233333333333
62,"M",5.42222222222222,247.233333333333
57,"F",5.87111111111111,247.233333333333
33,"F",5.92388888888889,247.233333333333
30,"F",5.75555555555556,247.233333333333
45,"M",5.60777777777778,247.233333333333
64,"M",5.92333333333333,247.233333333333
60,"M",5.40944444444444,247.25
24,"M",5.62055555555556,247.25
56,"M",5.69777777777778,247.25
59,"M",5.66111111111111,247.266666666667
30,"M",5.56444444444444,247.3
53,"F",5.58833333333333,247.3
65,"M",5.525,247.3
53,"M",5.63388888888889,247.316666666667
49,"M",5.64111111111111,247.316666666667
61,"F",5.70611111111111,247.316666666667
57,"F",5.55944444444444,247.333333333333
38,"F",5.53666666666667,247.333333333333
43,"F",5.51555555555556,247.333333333333
28,"F",5.71111111111111,247.35
55,"M",5.56722222222222,247.35
46,"M",5.57277777777778,247.35
50,"F",5.79888888888889,247.35
68,"M",5.91944444444445,247.366666666667
53,"M",5.41055555555556,247.366666666667
55,"M",5.76111111111111,247.383333333333
47,"M",5.86388888888889,247.383333333333
70,"M",5.80333333333333,247.4
37,"F",5.83333333333333,247.4
38,"M",5.83388888888889,247.4
58,"M",5.485,247.416666666667
61,"F",5.60666666666667,247.45
24,"F",5.85444444444444,247.45
45,"F",5.69666666666667,247.45
24,"M",5.83277777777778,247.45
31,"F",5.84666666666667,247.483333333333
52,"F",5.62944444444444,247.5
56,"M",5.655,247.5
51,"M",5.69444444444444,247.516666666667
59,"M",5.82555555555556,247.516666666667
43,"M",5.59944444444444,247.516666666667
27,"F",5.85722222222222,247.533333333333
57,"F",5.78611111111111,247.533333333333
30,"F",5.74222222222222,247.533333333333
43,"F",5.88388888888889,247.55
32,"M",5.52555555555556,247.55
50,"F",5.81,247.566666666667
40,"F",5.72722222222222,247.566666666667
44,"M",5.77388888888889,247.583333333333
60,"F",5.62944444444444,247.583333333333
54,"F",5.57944444444444,247.583333333333
43,"F",5.57111111111111,247.583333333333
37,"M",5.81777777777778,247.6
41,"F",5.68888888888889,247.6
47,"F",5.66611111111111,247.6
52,"M",5.91222222222222,247.6
52,"F",5.73333333333333,247.6
40,"F",5.73111111111111,247.616666666667
58,"M",5.68,247.616666666667
45,"M",5.42388888888889,247.616666666667
51,"M",5.57833333333333,247.633333333333
48,"F",5.77611111111111,247.633333333333
39,"F",5.78111111111111,247.633333333333
46,"F",5.71888888888889,247.65
38,"F",5.67666666666667,247.65
43,"F",5.63333333333333,247.65
68,"M",5.49666666666667,247.666666666667
41,"F",5.68444444444444,247.666666666667
34,"F",5.79944444444444,247.666666666667
25,"F",5.95222222222222,247.666666666667
64,"M",5.76888888888889,247.683333333333
41,"F",5.84111111111111,247.683333333333
28,"M",5.85833333333333,247.7
47,"F",5.615,247.7
29,"M",5.65,247.716666666667
54,"F",5.90166666666667,247.716666666667
41,"F",5.64166666666667,247.733333333333
39,"F",5.19555555555556,247.733333333333
66,"M",5.67944444444444,247.766666666667
48,"M",5.38944444444444,247.766666666667
57,"M",5.33388888888889,247.766666666667
51,"F",5.79777777777778,247.766666666667
45,"M",5.40277777777778,247.783333333333
60,"M",5.71666666666667,247.783333333333
47,"F",5.58722222222222,247.783333333333
48,"M",5.65166666666667,247.8
66,"M",5.73833333333333,247.8
32,"M",5.85777777777778,247.816666666667
57,"M",5.67777777777778,247.816666666667
57,"F",6.04,247.833333333333
27,"F",5.855,247.833333333333
58,"F",5.79,247.85
50,"M",4.89722222222222,247.85
65,"M",5.71666666666667,247.85
46,"F",5.83277777777778,247.85
49,"M",4.91111111111111,247.866666666667
35,"F",5.62833333333333,247.866666666667
65,"M",5.40777777777778,247.866666666667
62,"F",5.79611111111111,247.883333333333
54,"F",5.68666666666667,247.883333333333
45,"F",5.90277777777778,247.9
49,"F",5.63388888888889,247.9
50,"F",5.66277777777778,247.9
47,"F",5.675,247.9
48,"F",5.77722222222222,247.916666666667
55,"F",5.81555555555556,247.916666666667
64,"M",5.57,247.95
57,"F",5.86055555555556,247.95
48,"F",5.74833333333333,247.966666666667
50,"F",5.59,247.966666666667
63,"M",5.50555555555556,247.966666666667
36,"M",4.96722222222222,247.983333333333
52,"M",5.65277777777778,247.983333333333
54,"M",5.62888888888889,247.983333333333
27,"M",5.89555555555556,248
57,"M",5.63,248
50,"M",5.60111111111111,248
50,"F",5.72722222222222,248.033333333333
36,"F",5.67222222222222,248.033333333333
54,"F",5.72388888888889,248.05
53,"M",5.875,248.05
51,"M",5.84555555555556,248.05
31,"M",5.72222222222222,248.05
66,"M",5.58333333333333,248.05
46,"F",5.90888888888889,248.05
42,"M",5.91388888888889,248.05
45,"F",5.71166666666667,248.05
25,"F",5.56777777777778,248.05
32,"F",5.84944444444444,248.066666666667
64,"M",5.74777777777778,248.066666666667
46,"M",5.66277777777778,248.066666666667
52,"F",5.80666666666667,248.083333333333
51,"F",5.71555555555556,248.083333333333
49,"F",5.75444444444444,248.083333333333
24,"F",5.88444444444444,248.1
45,"M",5.68777777777778,248.1
55,"F",5.81555555555556,248.116666666667
49,"F",5.77888888888889,248.116666666667
40,"F",5.87888888888889,248.133333333333
42,"M",5.70833333333333,248.133333333333
33,"M",5.64277777777778,248.133333333333
50,"F",5.67444444444444,248.133333333333
32,"F",5.64333333333333,248.133333333333
67,"M",5.69222222222222,248.133333333333
50,"F",5.745,248.15
47,"M",5.67,248.15
39,"F",5.77611111111111,248.166666666667
54,"F",5.765,248.166666666667
47,"F",5.65555555555556,248.166666666667
50,"F",5.93611111111111,248.183333333333
51,"F",5.73944444444444,248.183333333333
35,"F",6.02444444444444,248.183333333333
65,"M",5.58666666666667,248.183333333333
46,"F",5.95166666666667,248.2
51,"F",5.87833333333333,248.2
53,"F",5.60833333333333,248.2
46,"F",5.60666666666667,248.216666666667
49,"F",5.95222222222222,248.216666666667
55,"F",5.71277777777778,248.233333333333
56,"F",5.80555555555556,248.233333333333
57,"F",5.66111111111111,248.25
58,"F",5.79444444444445,248.25
64,"M",5.80555555555556,248.25
56,"M",5.66611111111111,248.25
41,"F",5.64888888888889,248.266666666667
48,"F",5.74777777777778,248.283333333333
52,"M",5.75555555555556,248.283333333333
53,"F",5.77888888888889,248.283333333333
48,"F",5.71222222222222,248.3
19,"F",5.40277777777778,248.3
61,"F",5.71722222222222,248.3
32,"F",5.85333333333333,248.3
46,"F",5.72611111111111,248.316666666667
43,"F",5.51388888888889,248.316666666667
49,"M",5.63222222222222,248.316666666667
60,"M",5.66611111111111,248.333333333333
54,"M",5.29555555555556,248.35
36,"M",5.45055555555556,248.35
45,"F",5.64888888888889,248.35
48,"F",5.57944444444444,248.366666666667
32,"M",5.84944444444444,248.366666666667
65,"M",5.65222222222222,248.366666666667
63,"M",5.485,248.366666666667
52,"F",5.84222222222222,248.383333333333
43,"M",5.65055555555556,248.383333333333
28,"M",5.59888888888889,248.4
59,"M",5.69444444444444,248.416666666667
47,"F",5.66111111111111,248.416666666667
54,"F",5.85722222222222,248.416666666667
58,"F",5.82888888888889,248.433333333333
56,"F",5.75777777777778,248.433333333333
54,"F",5.67666666666667,248.45
49,"F",5.72111111111111,248.45
60,"M",5.71555555555556,248.45
60,"M",5.43111111111111,248.466666666667
52,"F",5.96722222222222,248.466666666667
41,"M",5.66166666666667,248.483333333333
37,"F",5.72222222222222,248.483333333333
47,"F",5.45777777777778,248.483333333333
46,"M",5.64833333333333,248.483333333333
59,"F",5.82055555555556,248.5
41,"F",5.75222222222222,248.5
55,"F",5.88388888888889,248.5
63,"M",5.74166666666667,248.516666666667
42,"M",5.68777777777778,248.516666666667
55,"M",5.60833333333333,248.516666666667
30,"F",5.69833333333333,248.533333333333
39,"F",5.80277777777778,248.533333333333
55,"M",5.74277777777778,248.533333333333
37,"F",5.72944444444444,248.533333333333
49,"F",5.80388888888889,248.533333333333
43,"F",5.71111111111111,248.533333333333
58,"F",5.80722222222222,248.55
50,"F",5.68166666666667,248.55
47,"F",5.64944444444444,248.55
28,"M",5.86666666666667,248.55
22,"M",5.06722222222222,248.566666666667
65,"M",5.90833333333333,248.566666666667
62,"M",5.66722222222222,248.583333333333
24,"F",5.51277777777778,248.583333333333
44,"F",5.60611111111111,248.583333333333
27,"F",5.90222222222222,248.6
45,"F",5.74555555555556,248.6
50,"M",5.43833333333333,248.6
58,"F",5.83055555555555,248.616666666667
43,"M",5.60333333333333,248.616666666667
38,"M",5.81777777777778,248.616666666667
58,"F",5.75555555555556,248.616666666667
29,"F",5.56444444444444,248.633333333333
41,"F",5.40555555555556,248.633333333333
30,"F",5.89,248.65
55,"M",5.22666666666667,248.666666666667
63,"M",5.72277777777778,248.666666666667
48,"F",5.53777777777778,248.666666666667
47,"F",5.60888888888889,248.666666666667
45,"F",5.73944444444444,248.666666666667
48,"M",5.50388888888889,248.683333333333
53,"M",5.35,248.683333333333
22,"F",5.645,248.7
47,"F",5.72111111111111,248.716666666667
47,"F",5.70444444444444,248.716666666667
57,"F",5.56166666666667,248.716666666667
51,"F",5.61944444444444,248.733333333333
55,"M",5.61055555555556,248.733333333333
50,"F",5.635,248.75
47,"F",5.675,248.75
59,"M",5.81333333333333,248.75
46,"F",5.81,248.75
66,"M",5.77277777777778,248.75
45,"M",5.81,248.75
52,"M",5.90555555555556,248.766666666667
29,"F",5.92777777777778,248.766666666667
28,"F",5.76944444444444,248.783333333333
61,"M",5.64333333333333,248.783333333333
74,"M",5.66722222222222,248.816666666667
49,"F",5.66388888888889,248.816666666667
38,"F",5.45555555555555,248.816666666667
52,"F",5.77777777777778,248.833333333333
52,"M",5.63777777777778,248.833333333333
54,"F",5.73777777777778,248.833333333333
45,"F",5.72944444444444,248.833333333333
56,"F",5.81611111111111,248.883333333333
55,"F",5.81611111111111,248.883333333333
61,"M",6.07555555555556,248.9
59,"F",5.88333333333333,248.916666666667
40,"F",5.76555555555556,248.916666666667
45,"M",5.74944444444444,248.916666666667
28,"M",5.67944444444444,248.916666666667
49,"F",5.82277777777778,248.933333333333
59,"M",5.66388888888889,248.933333333333
53,"F",5.79166666666667,248.933333333333
23,"F",5.89111111111111,248.966666666667
44,"M",5.87722222222222,248.966666666667
36,"F",5.72666666666667,248.983333333333
21,"M",5.77444444444444,248.983333333333
57,"F",5.84444444444444,248.983333333333
21,"M",5.775,248.983333333333
40,"F",5.90944444444444,249
62,"M",5.72666666666667,249
38,"F",5.79722222222222,249.016666666667
60,"M",5.68333333333333,249.016666666667
53,"F",5.655,249.016666666667
49,"F",5.75277777777778,249.016666666667
26,"F",5.85111111111111,249.033333333333
44,"F",5.85111111111111,249.033333333333
57,"F",5.87166666666667,249.033333333333
67,"M",5.79777777777778,249.05
46,"F",5.69888888888889,249.05
39,"M",4.41722222222222,249.05
44,"F",5.76666666666667,249.066666666667
47,"F",5.76,249.066666666667
60,"M",5.85333333333333,249.066666666667
54,"F",5.68277777777778,249.083333333333
46,"F",5.70277777777778,249.083333333333
27,"F",5.93,249.083333333333
48,"F",5.56944444444444,249.083333333333
45,"F",5.86,249.083333333333
36,"M",4.69666666666667,249.1
36,"F",5.85111111111111,249.116666666667
35,"F",5.86333333333333,249.116666666667
49,"F",5.86222222222222,249.116666666667
44,"F",5.68277777777778,249.133333333333
41,"F",5.73333333333333,249.133333333333
45,"F",5.73333333333333,249.133333333333
60,"M",5.61388888888889,249.15
44,"M",6.05333333333333,249.166666666667
32,"F",5.74277777777778,249.183333333333
55,"F",5.64166666666667,249.183333333333
50,"F",5.83611111111111,249.183333333333
48,"F",5.86333333333333,249.183333333333
47,"F",5.83611111111111,249.183333333333
62,"M",5.85888888888889,249.2
65,"M",5.73777777777778,249.2
46,"F",5.735,249.233333333333
45,"F",5.66888888888889,249.233333333333
46,"F",5.65666666666667,249.233333333333
26,"M",5.665,249.25
30,"F",5.93055555555556,249.25
57,"M",5.86055555555556,249.25
60,"M",5.72166666666667,249.266666666667
58,"F",5.73722222222222,249.266666666667
36,"F",5.96166666666667,249.283333333333
57,"F",5.88666666666667,249.3
43,"M",5.80555555555556,249.3
43,"M",5.88055555555556,249.3
51,"M",5.60388888888889,249.316666666667
42,"F",5.71166666666667,249.333333333333
39,"M",5.82722222222222,249.333333333333
60,"F",5.84944444444444,249.333333333333
38,"M",5.65388888888889,249.35
45,"M",5.60666666666667,249.35
22,"F",5.76888888888889,249.366666666667
46,"F",5.69555555555556,249.366666666667
59,"F",5.80055555555556,249.383333333333
51,"F",5.57944444444444,249.383333333333
52,"F",5.58722222222222,249.4
52,"F",5.72222222222222,249.4
54,"F",5.675,249.4
60,"M",5.65833333333333,249.433333333333
40,"F",5.66388888888889,249.433333333333
43,"F",5.92555555555556,249.433333333333
27,"M",5.69,249.45
39,"F",5.59777777777778,249.466666666667
50,"F",5.86055555555556,249.466666666667
53,"M",5.70277777777778,249.483333333333
61,"M",5.72722222222222,249.483333333333
44,"M",5.93444444444444,249.5
45,"F",5.68,249.5
55,"M",5.795,249.5
31,"F",5.85388888888889,249.516666666667
29,"F",5.85388888888889,249.516666666667
67,"M",5.64333333333333,249.516666666667
51,"F",5.705,249.516666666667
56,"F",5.76777777777778,249.533333333333
56,"M",5.79611111111111,249.533333333333
43,"F",5.92833333333333,249.55
55,"F",5.80055555555556,249.566666666667
23,"F",6.15666666666667,249.6
50,"F",5.72722222222222,249.616666666667
48,"M",5.80833333333333,249.633333333333
59,"F",5.76277777777778,249.633333333333
56,"F",5.75888888888889,249.633333333333
55,"F",5.64444444444444,249.65
52,"F",5.85555555555556,249.65
46,"F",5.77388888888889,249.65
51,"F",5.77388888888889,249.65
28,"F",5.77722222222222,249.666666666667
30,"F",5.27,249.666666666667
70,"M",5.775,249.666666666667
63,"F",5.77277777777778,249.683333333333
41,"F",5.81222222222222,249.683333333333
39,"F",5.85222222222222,249.683333333333
35,"F",5.69833333333333,249.7
32,"M",5.81222222222222,249.716666666667
50,"M",5.68277777777778,249.716666666667
45,"F",5.46722222222222,249.733333333333
47,"F",5.70777777777778,249.733333333333
51,"F",5.72722222222222,249.75
47,"F",5.63722222222222,249.75
37,"M",5.66,249.766666666667
63,"F",5.75944444444444,249.766666666667
36,"M",5.78777777777778,249.766666666667
51,"F",5.875,249.783333333333
26,"F",5.77944444444444,249.783333333333
46,"M",5.89722222222222,249.783333333333
52,"M",5.76833333333333,249.783333333333
50,"F",5.52222222222222,249.783333333333
55,"M",5.83277777777778,249.783333333333
56,"F",5.675,249.783333333333
32,"M",5.45333333333333,249.783333333333
46,"F",5.7,249.8
35,"F",5.75666666666667,249.8
26,"F",5.69444444444444,249.816666666667
48,"M",5.79555555555556,249.816666666667
62,"M",5.77166666666667,249.833333333333
44,"M",5.80055555555556,249.833333333333
55,"F",5.70944444444444,249.833333333333
38,"F",5.71388888888889,249.85
53,"F",5.79444444444445,249.85
43,"M",5.69055555555556,249.85
60,"M",5.60222222222222,249.85
57,"F",5.76333333333333,249.866666666667
28,"M",5.93,249.866666666667
25,"F",6.04388888888889,249.866666666667
37,"F",5.50388888888889,249.866666666667
54,"F",5.86277777777778,249.883333333333
42,"M",5.71277777777778,249.883333333333
68,"M",5.42388888888889,249.883333333333
31,"F",5.72944444444444,249.9
25,"F",6.00722222222222,249.916666666667
57,"F",5.87444444444444,249.916666666667
46,"F",6.05888888888889,249.916666666667
49,"F",5.78277777777778,249.933333333333
42,"M",5.635,249.933333333333
43,"F",5.66777777777778,249.933333333333
54,"M",5.38944444444444,249.933333333333
47,"M",5.29444444444445,249.933333333333
27,"F",5.94833333333333,249.95
60,"M",5.75333333333333,249.95
31,"F",5.92611111111111,249.966666666667
41,"F",5.63833333333333,250
47,"F",5.54111111111111,250
29,"M",5.64833333333333,250
62,"M",5.75833333333333,250.016666666667
55,"F",5.85777777777778,250.016666666667
26,"M",5.48555555555556,250.033333333333
45,"F",5.81777777777778,250.033333333333
23,"M",5.44166666666667,250.033333333333
49,"M",5.83777777777778,250.033333333333
53,"F",5.69277777777778,250.05
51,"F",5.69166666666667,250.05
68,"M",5.725,250.05
50,"F",5.73944444444444,250.05
34,"M",5.72666666666667,250.05
29,"M",5.76222222222222,250.066666666667
56,"F",5.81111111111111,250.066666666667
34,"F",5.83777777777778,250.083333333333
62,"M",5.74166666666667,250.083333333333
64,"M",5.67833333333333,250.083333333333
41,"F",5.83777777777778,250.083333333333
52,"M",5.55166666666667,250.1
58,"F",5.63111111111111,250.1
64,"M",5.89888888888889,250.116666666667
25,"F",6.00944444444444,250.133333333333
28,"F",5.73,250.133333333333
51,"F",5.68944444444444,250.133333333333
59,"F",5.89222222222222,250.15
46,"F",5.89166666666667,250.15
49,"F",5.58055555555555,250.15
61,"M",5.73722222222222,250.15
51,"F",5.77388888888889,250.166666666667
46,"F",5.91277777777778,250.166666666667
46,"F",5.75166666666667,250.166666666667
34,"F",6.06166666666667,250.166666666667
62,"M",5.75444444444444,250.183333333333
43,"M",5.73833333333333,250.183333333333
49,"M",5.61833333333333,250.2
63,"M",5.54777777777778,250.2
48,"F",5.73944444444444,250.2
50,"F",5.83111111111111,250.2
34,"M",5.87277777777778,250.2
32,"F",5.58944444444444,250.2
60,"F",5.86333333333333,250.216666666667
68,"M",5.82333333333333,250.233333333333
41,"F",5.76277777777778,250.233333333333
28,"F",5.44277777777778,250.233333333333
57,"F",5.69722222222222,250.25
46,"F",5.82722222222222,250.25
55,"M",5.47,250.25
49,"F",5.88722222222222,250.266666666667
54,"M",5.76,250.266666666667
66,"M",5.84222222222222,250.266666666667
47,"F",5.84,250.266666666667
36,"F",5.85777777777778,250.266666666667
54,"F",5.82833333333333,250.266666666667
60,"M",5.75388888888889,250.283333333333
53,"M",5.45,250.283333333333
51,"F",5.67333333333333,250.283333333333
40,"F",5.525,250.3
47,"F",5.92611111111111,250.3
51,"F",5.77888888888889,250.316666666667
22,"F",5.91666666666667,250.333333333333
53,"M",5.78277777777778,250.333333333333
46,"F",5.87722222222222,250.333333333333
62,"M",5.51388888888889,250.333333333333
58,"F",5.71388888888889,250.333333333333
52,"M",5.00444444444444,250.35
48,"F",5.82166666666667,250.35
28,"M",5.91666666666667,250.35
40,"M",5.78166666666667,250.35
54,"F",5.49222222222222,250.366666666667
35,"F",5.88166666666667,250.366666666667
50,"F",5.95611111111111,250.366666666667
41,"M",5.95611111111111,250.383333333333
30,"M",5.07277777777778,250.383333333333
47,"F",5.60222222222222,250.383333333333
36,"F",5.80944444444444,250.383333333333
44,"F",5.80833333333333,250.4
32,"F",5.80833333333333,250.4
25,"M",5.96,250.4
49,"F",5.82333333333333,250.4
32,"F",5.92722222222222,250.416666666667
55,"F",5.52944444444444,250.416666666667
22,"F",5.69611111111111,250.416666666667
43,"M",5.45666666666667,250.416666666667
39,"M",5.85888888888889,250.433333333333
48,"F",5.40666666666667,250.45
44,"F",5.875,250.45
54,"M",5.84944444444444,250.466666666667
40,"F",5.93277777777778,250.466666666667
25,"M",5.41777777777778,250.466666666667
39,"F",5.82555555555556,250.466666666667
31,"F",5.92666666666667,250.483333333333
50,"F",5.84722222222222,250.5
62,"M",5.78,250.5
47,"F",5.79277777777778,250.5
41,"F",5.81888888888889,250.516666666667
61,"M",5.74111111111111,250.516666666667
51,"F",5.73277777777778,250.516666666667
56,"M",5.81277777777778,250.533333333333
56,"F",5.70277777777778,250.533333333333
54,"F",5.80944444444444,250.55
51,"M",6,250.55
52,"F",5.88111111111111,250.55
45,"F",5.85888888888889,250.583333333333
52,"F",5.69611111111111,250.583333333333
62,"F",5.82833333333333,250.583333333333
30,"F",5.87055555555556,250.6
44,"F",5.79888888888889,250.6
45,"M",5.79555555555556,250.6
40,"M",5.81222222222222,250.6
50,"F",5.80666666666667,250.6
39,"F",5.51666666666667,250.6
50,"M",5.80722222222222,250.616666666667
53,"F",5.79777777777778,250.616666666667
35,"F",5.91444444444444,250.616666666667
55,"F",5.87777777777778,250.633333333333
57,"F",5.86277777777778,250.633333333333
49,"F",5.80833333333333,250.65
46,"F",5.72166666666667,250.65
35,"M",5.79388888888889,250.65
56,"F",5.79666666666667,250.666666666667
53,"M",5.63833333333333,250.666666666667
54,"F",5.56722222222222,250.683333333333
48,"F",5.72777777777778,250.683333333333
56,"F",5.81444444444444,250.683333333333
51,"M",5.44111111111111,250.683333333333
46,"F",5.84722222222222,250.683333333333
53,"F",5.89333333333333,250.7
25,"M",5.70722222222222,250.7
27,"M",5.68944444444444,250.7
43,"M",6.01055555555556,250.716666666667
53,"M",5.80166666666667,250.716666666667
37,"M",5.80277777777778,250.716666666667
62,"M",5.38666666666667,250.733333333333
38,"M",5.87055555555556,250.733333333333
46,"F",5.66666666666667,250.733333333333
61,"M",5.33166666666667,250.733333333333
35,"M",5.77277777777778,250.75
58,"M",5.86777777777778,250.75
59,"F",5.81166666666667,250.75
44,"F",5.85333333333333,250.766666666667
56,"F",5.78611111111111,250.766666666667
56,"F",5.84722222222222,250.766666666667
30,"M",5.70666666666667,250.783333333333
50,"F",5.89944444444444,250.783333333333
56,"M",5.84722222222222,250.783333333333
21,"F",5.90944444444444,250.816666666667
22,"F",5.84611111111111,250.833333333333
33,"M",5.855,250.833333333333
45,"F",5.91722222222222,250.833333333333
40,"F",5.54944444444444,250.85
58,"F",5.8,250.85
46,"M",5.99055555555556,250.85
46,"F",5.70111111111111,250.866666666667
43,"M",5.65,250.866666666667
38,"M",5.645,250.866666666667
58,"F",5.83722222222222,250.883333333333
57,"F",5.77,250.883333333333
56,"M",5.45388888888889,250.883333333333
34,"F",6.02444444444444,250.883333333333
54,"F",5.78833333333333,250.9
30,"M",5.10555555555556,250.9
57,"M",5.67388888888889,250.9
57,"F",5.67388888888889,250.9
39,"F",5.90444444444444,250.916666666667
43,"F",5.90444444444444,250.916666666667
19,"F",5.46722222222222,250.916666666667
61,"F",5.775,250.916666666667
56,"F",5.79722222222222,250.916666666667
43,"M",5.87388888888889,250.933333333333
68,"M",5.92111111111111,250.95
43,"F",5.97666666666667,250.95
53,"M",5.82388888888889,250.95
52,"F",5.89888888888889,250.966666666667
47,"M",5.12444444444444,250.966666666667
40,"F",5.575,250.966666666667
66,"F",5.81444444444444,250.966666666667
42,"F",5.62555555555556,251.016666666667
40,"F",5.87833333333333,251.033333333333
43,"F",5.83722222222222,251.033333333333
56,"M",5.78222222222222,251.033333333333
60,"M",5.87388888888889,251.033333333333
67,"M",5.90555555555556,251.033333333333
57,"F",5.86222222222222,251.05
38,"F",5.53166666666667,251.083333333333
45,"F",5.76888888888889,251.083333333333
57,"M",5.65888888888889,251.083333333333
57,"F",5.85277777777778,251.1
31,"F",5.925,251.1
49,"F",5.84944444444444,251.116666666667
39,"F",5.70277777777778,251.116666666667
59,"F",5.85388888888889,251.116666666667
25,"F",5.84055555555556,251.116666666667
65,"M",5.72388888888889,251.116666666667
55,"F",5.76611111111111,251.133333333333
61,"M",5.64055555555556,251.133333333333
55,"F",5.66833333333333,251.15
59,"F",5.90555555555556,251.166666666667
54,"F",5.90555555555556,251.166666666667
34,"F",5.83555555555556,251.166666666667
59,"F",5.87333333333333,251.166666666667
46,"F",5.77888888888889,251.183333333333
25,"F",5.44222222222222,251.2
29,"M",5.74833333333333,251.216666666667
26,"F",5.59444444444444,251.233333333333
52,"F",5.74388888888889,251.233333333333
55,"F",5.83555555555556,251.25
64,"F",5.76944444444444,251.25
43,"F",5.62166666666667,251.25
48,"M",4.46555555555556,251.266666666667
53,"F",5.86666666666667,251.283333333333
45,"F",5.94611111111111,251.283333333333
38,"F",5.88388888888889,251.283333333333
49,"F",5.79111111111111,251.283333333333
50,"M",5.795,251.283333333333
52,"M",5.95777777777778,251.3
21,"F",5.95777777777778,251.3
51,"M",5.93111111111111,251.3
55,"M",5.75166666666667,251.3
58,"M",5.69388888888889,251.316666666667
46,"F",5.83555555555556,251.316666666667
57,"M",5.41277777777778,251.333333333333
54,"M",5.76888888888889,251.333333333333
70,"M",6.01222222222222,251.35
51,"F",5.81888888888889,251.35
55,"F",5.84,251.35
28,"F",5.59166666666667,251.366666666667
45,"F",5.71666666666667,251.383333333333
55,"M",5.44333333333333,251.383333333333
34,"M",5.76111111111111,251.383333333333
49,"M",5.82055555555556,251.383333333333
37,"F",5.31888888888889,251.383333333333
40,"F",5.72888888888889,251.4
43,"F",5.75944444444444,251.416666666667
43,"F",5.83611111111111,251.416666666667
68,"F",5.59944444444444,251.433333333333
45,"F",5.86055555555556,251.433333333333
36,"F",5.70833333333333,251.433333333333
49,"F",5.75444444444444,251.466666666667
24,"M",6.08888888888889,251.483333333333
49,"F",5.87722222222222,251.483333333333
48,"F",5.82277777777778,251.5
65,"M",5.56833333333333,251.516666666667
51,"F",5.875,251.516666666667
60,"M",5.84111111111111,251.516666666667
62,"F",5.85277777777778,251.533333333333
64,"M",5.95944444444444,251.533333333333
34,"F",5.85722222222222,251.533333333333
63,"F",5.82833333333333,251.566666666667
55,"F",5.74277777777778,251.566666666667
41,"F",5.54277777777778,251.583333333333
33,"F",5.85722222222222,251.6
67,"M",5.80166666666667,251.6
35,"F",5.73277777777778,251.616666666667
32,"F",5.595,251.633333333333
60,"M",5.79444444444445,251.633333333333
19,"M",5.96222222222222,251.633333333333
68,"F",5.91277777777778,251.65
28,"F",5.89222222222222,251.666666666667
45,"F",5.91611111111111,251.666666666667
33,"F",5.78055555555556,251.666666666667
57,"F",5.58222222222222,251.666666666667
50,"M",5.65944444444444,251.666666666667
58,"F",5.86388888888889,251.666666666667
50,"M",5.48222222222222,251.683333333333
44,"F",5.93166666666667,251.683333333333
45,"M",5.93222222222222,251.683333333333
40,"M",5.82666666666667,251.7
48,"F",5.78055555555556,251.7
24,"F",5.96888888888889,251.716666666667
64,"M",5.93611111111111,251.716666666667
27,"M",5.70222222222222,251.733333333333
57,"F",5.90111111111111,251.733333333333
48,"F",5.71444444444444,251.75
44,"M",5.77222222222222,251.75
55,"F",5.73,251.766666666667
66,"M",5.93666666666667,251.766666666667
51,"M",5.63055555555556,251.783333333333
53,"F",5.79444444444445,251.783333333333
56,"M",5.67111111111111,251.8
45,"F",5.88888888888889,251.816666666667
47,"F",5.98222222222222,251.816666666667
41,"M",5.79833333333333,251.816666666667
43,"F",5.88888888888889,251.816666666667
24,"F",5.96722222222222,251.833333333333
63,"F",5.61833333333333,251.833333333333
41,"F",5.65444444444444,251.833333333333
49,"M",4.98722222222222,251.85
67,"F",5.85388888888889,251.85
24,"M",5.93666666666667,251.866666666667
25,"F",5.86277777777778,251.866666666667
60,"M",5.87555555555556,251.883333333333
57,"F",5.77277777777778,251.883333333333
63,"M",5.94611111111111,251.883333333333
39,"M",6.09055555555556,251.883333333333
53,"F",5.835,251.9
31,"F",5.76,251.916666666667
35,"F",5.93555555555556,251.916666666667
64,"M",5.83944444444444,251.933333333333
64,"M",5.71055555555556,251.933333333333
65,"M",5.90055555555556,251.95
35,"F",5.80222222222222,251.95
25,"M",5.72277777777778,251.95
34,"M",5.39888888888889,251.95
28,"F",6.005,251.966666666667
66,"M",5.79611111111111,251.966666666667
25,"F",5.04777777777778,251.966666666667
53,"M",6.01777777777778,251.983333333333
53,"F",5.83388888888889,251.983333333333
53,"F",5.88,252
52,"F",5.75388888888889,252
45,"M",5.20888888888889,252.016666666667
54,"M",5.91,252.016666666667
51,"F",5.72277777777778,252.033333333333
54,"F",5.90611111111111,252.033333333333
33,"F",5.63722222222222,252.033333333333
61,"M",5.67055555555556,252.05
32,"M",5.73722222222222,252.05
62,"M",5.40611111111111,252.05
59,"M",5.64388888888889,252.066666666667
37,"F",5.59611111111111,252.066666666667
45,"F",5.75333333333333,252.083333333333
45,"F",5.75388888888889,252.083333333333
36,"F",5.92277777777778,252.083333333333
55,"M",5.52444444444444,252.083333333333
45,"F",5.86944444444444,252.1
40,"M",5.73333333333333,252.1
26,"M",4.12777777777778,252.1
42,"F",5.82111111111111,252.116666666667
52,"F",5.81444444444444,252.116666666667
43,"F",5.82111111111111,252.116666666667
60,"M",5.65111111111111,252.116666666667
31,"M",5.65555555555556,252.116666666667
64,"M",5.85888888888889,252.133333333333
38,"F",5.66166666666667,252.15
32,"F",5.96944444444444,252.15
31,"F",5.96944444444444,252.15
35,"F",5.80333333333333,252.15
47,"F",5.80222222222222,252.166666666667
50,"F",5.90888888888889,252.183333333333
27,"F",5.275,252.2
63,"F",5.98,252.2
61,"M",5.40888888888889,252.2
53,"F",5.91222222222222,252.216666666667
42,"F",5.81722222222222,252.216666666667
42,"F",5.84055555555556,252.233333333333
26,"F",5.96555555555556,252.266666666667
21,"F",6.10555555555556,252.283333333333
38,"F",5.92444444444444,252.283333333333
35,"M",5.50055555555556,252.283333333333
46,"F",5.69,252.283333333333
55,"F",5.82388888888889,252.3
68,"M",5.76777777777778,252.3
56,"F",5.92388888888889,252.3
30,"F",5.67555555555556,252.316666666667
61,"F",5.80555555555556,252.316666666667
55,"F",5.71444444444444,252.333333333333
53,"F",5.70222222222222,252.333333333333
31,"M",5.81111111111111,252.333333333333
37,"M",5.70444444444444,252.333333333333
47,"F",5.63222222222222,252.333333333333
64,"M",5.74611111111111,252.35
41,"F",5.73166666666667,252.35
30,"M",5.84111111111111,252.366666666667
54,"F",5.84944444444444,252.366666666667
51,"F",5.83666666666667,252.366666666667
61,"F",5.88666666666667,252.383333333333
34,"M",5.57944444444444,252.416666666667
45,"M",5.82055555555556,252.416666666667
30,"F",5.87055555555556,252.433333333333
58,"M",5.79444444444445,252.45
61,"M",5.59555555555556,252.466666666667
58,"M",5.71,252.466666666667
46,"F",5.47944444444444,252.466666666667
37,"F",5.84111111111111,252.483333333333
50,"F",5.57,252.483333333333
26,"F",5.71166666666667,252.5
50,"F",5.75777777777778,252.5
61,"F",5.92222222222222,252.516666666667
36,"F",5.865,252.516666666667
58,"F",5.90888888888889,252.533333333333
64,"F",5.91111111111111,252.533333333333
58,"M",5.95222222222222,252.533333333333
46,"F",5.78444444444444,252.55
40,"F",6.01,252.55
19,"F",5.81388888888889,252.566666666667
30,"M",5.45555555555555,252.583333333333
21,"M",5.56944444444444,252.6
27,"F",5.90166666666667,252.6
30,"F",5.89055555555556,252.6
41,"F",5.89555555555556,252.6
33,"F",5.89111111111111,252.616666666667
55,"F",5.59555555555556,252.616666666667
46,"M",5.97055555555556,252.616666666667
32,"M",4.39611111111111,252.616666666667
45,"M",5.62111111111111,252.633333333333
62,"M",5.78888888888889,252.633333333333
41,"F",5.73777777777778,252.65
63,"M",6.005,252.65
61,"M",5.485,252.65
67,"M",5.60055555555556,252.65
46,"F",5.91666666666667,252.65
54,"F",5.77611111111111,252.666666666667
49,"M",5.95277777777778,252.666666666667
25,"F",6.03388888888889,252.666666666667
58,"F",5.81722222222222,252.683333333333
29,"F",5.65166666666667,252.683333333333
42,"F",5.80555555555556,252.683333333333
45,"M",5.87333333333333,252.7
60,"M",5.66222222222222,252.7
59,"M",5.77388888888889,252.716666666667
61,"F",5.91611111111111,252.716666666667
64,"M",5.80277777777778,252.716666666667
51,"M",5.85722222222222,252.716666666667
62,"F",5.71166666666667,252.716666666667
58,"M",5.47222222222222,252.733333333333
30,"F",5.78388888888889,252.733333333333
53,"F",5.74888888888889,252.766666666667
60,"F",5.70277777777778,252.783333333333
32,"M",5.80888888888889,252.783333333333
40,"F",5.89388888888889,252.8
45,"F",5.49888888888889,252.8
46,"F",5.81111111111111,252.8
41,"F",5.79222222222222,252.8
41,"F",5.79055555555556,252.816666666667
42,"M",6.07888888888889,252.833333333333
55,"M",5.70611111111111,252.833333333333
39,"F",5.92722222222222,252.883333333333
23,"F",6.02333333333333,252.883333333333
36,"M",5.75944444444444,252.883333333333
55,"F",5.98444444444444,252.883333333333
27,"F",5.77444444444444,252.883333333333
53,"F",5.81555555555556,252.883333333333
52,"F",5.75666666666667,252.9
34,"F",5.90277777777778,252.916666666667
46,"F",5.85722222222222,252.916666666667
50,"M",5.83555555555556,252.916666666667
39,"F",5.91166666666667,252.933333333333
52,"F",5.80833333333333,252.933333333333
54,"F",5.80888888888889,252.933333333333
53,"M",5.88,252.933333333333
33,"F",5.60777777777778,252.95
24,"M",5.80166666666667,252.95
56,"F",5.76944444444444,252.966666666667
47,"F",5.94333333333333,252.983333333333
30,"F",5.88333333333333,253
52,"F",5.97666666666667,253.033333333333
18,"F",5.86055555555556,253.033333333333
41,"F",5.97611111111111,253.066666666667
55,"F",5.59777777777778,253.066666666667
32,"F",5.14722222222222,253.083333333333
56,"F",5.81111111111111,253.083333333333
61,"M",5.91833333333333,253.083333333333
52,"F",5.51722222222222,253.1
24,"M",6.09055555555556,253.1
30,"F",5.70944444444444,253.1
53,"F",5.75833333333333,253.1
45,"F",5.83722222222222,253.116666666667
39,"M",4.40333333333333,253.166666666667
47,"F",5.83555555555556,253.166666666667
51,"M",5.92,253.183333333333
35,"F",5.68166666666667,253.183333333333
30,"F",5.91222222222222,253.183333333333
27,"F",5.81444444444444,253.216666666667
60,"M",5.75555555555556,253.216666666667
39,"M",5.73111111111111,253.233333333333
46,"F",5.68222222222222,253.25
37,"F",5.75555555555556,253.25
28,"F",5.735,253.25
24,"F",5.60388888888889,253.283333333333
63,"F",5.88722222222222,253.283333333333
33,"F",5.68333333333333,253.283333333333
45,"M",5.85277777777778,253.283333333333
40,"F",5.85444444444444,253.283333333333
37,"M",5.795,253.283333333333
26,"M",6.25444444444444,253.316666666667
52,"F",5.83555555555556,253.316666666667
32,"M",5.56722222222222,253.333333333333
31,"F",5.95333333333333,253.333333333333
66,"M",5.69222222222222,253.35
45,"F",5.885,253.35
52,"M",5.73444444444444,253.366666666667
43,"F",5.86833333333333,253.366666666667
38,"F",5.80666666666667,253.383333333333
23,"F",5.69333333333333,253.383333333333
58,"F",5.77222222222222,253.383333333333
58,"F",5.92722222222222,253.383333333333
33,"F",5.85666666666667,253.383333333333
61,"F",5.83555555555556,253.383333333333
73,"F",5.84111111111111,253.4
47,"F",5.80833333333333,253.4
41,"M",5.96055555555556,253.416666666667
51,"F",5.77166666666667,253.416666666667
28,"F",5.99333333333333,253.416666666667
45,"F",5.59666666666667,253.416666666667
46,"F",5.88777777777778,253.416666666667
35,"F",5.92777777777778,253.433333333333
32,"F",5.99388888888889,253.433333333333
42,"F",5.83333333333333,253.433333333333
45,"F",5.92611111111111,253.433333333333
54,"M",5.85444444444444,253.433333333333
48,"F",5.86555555555556,253.45
37,"M",5.88055555555556,253.45
50,"F",5.82555555555556,253.45
22,"F",5.99388888888889,253.45
43,"M",5.58277777777778,253.45
40,"F",5.74555555555556,253.466666666667
34,"M",6.11055555555556,253.5
40,"M",5.86,253.5
61,"M",5.98111111111111,253.5
50,"F",5.89166666666667,253.516666666667
62,"M",5.86388888888889,253.516666666667
36,"M",6.12722222222222,253.516666666667
48,"F",5.795,253.516666666667
62,"M",5.92555555555556,253.533333333333
63,"M",5.74166666666667,253.533333333333
54,"M",5.67111111111111,253.533333333333
45,"M",5.70333333333333,253.533333333333
56,"F",6.04833333333333,253.533333333333
43,"M",5.68055555555556,253.55
45,"F",5.85277777777778,253.55
38,"F",5.67111111111111,253.55
42,"M",5.90222222222222,253.55
36,"F",5.76166666666667,253.566666666667
59,"M",5.37555555555556,253.566666666667
28,"F",5.92166666666667,253.583333333333
58,"M",5.41333333333333,253.583333333333
60,"M",5.97111111111111,253.6
60,"F",6.02388888888889,253.6
52,"M",5.97111111111111,253.616666666667
51,"F",5.79444444444445,253.616666666667
62,"M",5.70166666666667,253.616666666667
47,"M",5.49888888888889,253.616666666667
50,"F",5.83722222222222,253.616666666667
52,"M",5.745,253.616666666667
47,"F",5.80055555555556,253.633333333333
60,"M",5.52944444444444,253.633333333333
20,"F",5.93222222222222,253.65
38,"F",5.77111111111111,253.666666666667
47,"F",5.68555555555556,253.666666666667
22,"F",5.96,253.666666666667
22,"F",5.96,253.683333333333
59,"F",5.85833333333333,253.683333333333
36,"F",5.95166666666667,253.7
69,"M",5.68611111111111,253.7
47,"F",5.79666666666667,253.7
52,"F",5.87444444444444,253.7
34,"F",5.74944444444444,253.7
52,"F",5.74944444444444,253.716666666667
42,"M",5.82277777777778,253.766666666667
64,"F",5.86166666666667,253.766666666667
54,"F",5.95,253.783333333333
55,"F",5.84611111111111,253.783333333333
52,"F",5.65833333333333,253.783333333333
45,"M",5.90444444444444,253.783333333333
51,"M",5.65833333333333,253.783333333333
61,"F",5.915,253.8
45,"M",5.55777777777778,253.816666666667
35,"F",5.90944444444444,253.866666666667
57,"F",5.88444444444444,253.866666666667
65,"M",5.82388888888889,253.866666666667
60,"M",5.89444444444444,253.866666666667
50,"M",6.08833333333333,253.883333333333
61,"M",5.82388888888889,253.883333333333
61,"M",5.88222222222222,253.883333333333
37,"F",5.78166666666667,253.883333333333
39,"F",5.98055555555556,253.883333333333
45,"F",5.88333333333333,253.9
36,"F",5.98055555555556,253.9
30,"M",5.21722222222222,253.916666666667
40,"F",5.85166666666667,253.95
53,"F",5.92611111111111,253.95
65,"M",5.75777777777778,253.95
60,"M",5.67111111111111,253.95
65,"M",5.47833333333333,253.95
48,"M",4.98888888888889,253.95
20,"M",5.82055555555556,253.95
56,"F",5.79333333333333,253.966666666667
70,"M",5.98166666666667,253.966666666667
53,"F",5.71833333333333,253.966666666667
21,"F",6.16777777777778,253.966666666667
25,"F",5.72777777777778,253.983333333333
53,"F",5.88166666666667,253.983333333333
34,"M",5.95777777777778,253.983333333333
33,"M",5.76666666666667,253.983333333333
60,"M",5.69222222222222,253.983333333333
46,"M",5.90055555555556,253.983333333333
31,"M",5.87388888888889,254
58,"M",5.66333333333333,254.016666666667
24,"F",5.81444444444444,254.033333333333
66,"M",6.13111111111111,254.05
50,"F",5.82611111111111,254.05
27,"F",5.70111111111111,254.05
38,"F",5.70055555555556,254.05
45,"M",5.74888888888889,254.05
44,"F",5.92444444444444,254.066666666667
51,"M",6.07166666666667,254.066666666667
22,"F",5.98277777777778,254.066666666667
45,"M",5.86555555555556,254.066666666667
43,"M",4.88277777777778,254.066666666667
46,"F",5.88722222222222,254.1
44,"F",6.05,254.1
39,"M",6.02888888888889,254.116666666667
29,"F",6.00611111111111,254.116666666667
48,"F",5.44611111111111,254.116666666667
41,"F",5.96722222222222,254.133333333333
54,"M",5.95555555555555,254.133333333333
27,"M",5.96833333333333,254.15
60,"F",6.03722222222222,254.15
27,"F",5.955,254.15
40,"F",5.955,254.15
56,"F",5.77777777777778,254.15
39,"M",5.89611111111111,254.15
66,"M",5.33777777777778,254.166666666667
43,"F",5.95444444444444,254.166666666667
62,"M",5.79277777777778,254.166666666667
39,"M",5.78277777777778,254.183333333333
56,"F",5.80666666666667,254.2
35,"F",5.86611111111111,254.2
58,"M",5.71,254.2
61,"M",5.845,254.2
37,"M",5.95,254.2
35,"F",5.97888888888889,254.2
25,"F",5.97833333333333,254.233333333333
52,"F",5.73222222222222,254.25
64,"F",5.96888888888889,254.266666666667
32,"M",5.78777777777778,254.266666666667
43,"M",5.925,254.283333333333
61,"M",5.75777777777778,254.3
53,"M",5.72722222222222,254.3
25,"F",5.94555555555556,254.3
20,"F",5.72722222222222,254.3
62,"M",5.98,254.316666666667
18,"F",6.02388888888889,254.333333333333
50,"F",6.03777777777778,254.35
32,"F",5.68777777777778,254.35
37,"F",5.77333333333333,254.366666666667
25,"F",5.64333333333333,254.4
50,"M",5.72,254.4
31,"F",5.88166666666667,254.4
48,"F",5.88888888888889,254.4
25,"M",6.04111111111111,254.4
62,"F",5.98388888888889,254.4
57,"F",5.93388888888889,254.4
37,"F",5.69055555555556,254.416666666667
24,"F",6.04166666666667,254.433333333333
66,"M",5.86777777777778,254.433333333333
56,"F",5.83277777777778,254.433333333333
60,"F",6.03166666666667,254.45
44,"F",5.79055555555556,254.466666666667
47,"M",5.74166666666667,254.466666666667
37,"F",5.77944444444444,254.466666666667
28,"F",6.085,254.483333333333
41,"M",4.44888888888889,254.516666666667
58,"F",5.71444444444444,254.533333333333
42,"M",5.805,254.533333333333
37,"M",4.80777777777778,254.55
63,"M",6.00222222222222,254.566666666667
69,"M",5.70722222222222,254.583333333333
26,"F",5.895,254.583333333333
58,"F",5.81111111111111,254.6
33,"F",5.84388888888889,254.616666666667
60,"F",6.01333333333333,254.633333333333
53,"F",5.97888888888889,254.666666666667
47,"M",5.81888888888889,254.666666666667
66,"M",5.79277777777778,254.666666666667
43,"F",5.56222222222222,254.666666666667
32,"F",6.00222222222222,254.666666666667
43,"F",5.82666666666667,254.683333333333
35,"M",5.97888888888889,254.716666666667
62,"F",6.01111111111111,254.733333333333
61,"M",5.77333333333333,254.75
22,"M",5.17722222222222,254.75
53,"F",5.74777777777778,254.766666666667
60,"F",5.97166666666667,254.766666666667
40,"F",5.72722222222222,254.783333333333
47,"M",5.84666666666667,254.783333333333
36,"F",5.73666666666667,254.8
23,"F",5.97666666666667,254.816666666667
40,"M",5.875,254.833333333333
45,"F",5.78166666666667,254.833333333333
45,"F",6.07222222222222,254.833333333333
50,"F",5.89555555555556,254.833333333333
22,"F",6.16611111111111,254.85
53,"M",6.17166666666667,254.85
47,"M",5.69388888888889,254.85
21,"F",6.16666666666667,254.85
54,"M",5.78666666666667,254.866666666667
51,"M",5.72833333333333,254.883333333333
57,"F",6.00444444444444,254.883333333333
56,"F",5.74333333333333,254.9
52,"F",5.90055555555556,254.916666666667
36,"M",6.00388888888889,254.95
48,"F",5.81833333333333,254.966666666667
43,"M",5.81166666666667,254.983333333333
49,"F",5.76666666666667,254.983333333333
58,"F",6.00333333333333,254.983333333333
53,"F",5.835,254.983333333333
56,"F",5.63388888888889,254.983333333333
37,"F",6.01944444444444,254.983333333333
67,"M",5.60166666666667,255
46,"M",5.89888888888889,255.016666666667
55,"M",6.03722222222222,255.033333333333
49,"F",5.855,255.05
66,"M",5.93166666666667,255.05
53,"M",6.06,255.05
24,"F",6.13055555555556,255.05
52,"F",5.76222222222222,255.066666666667
61,"F",5.83777777777778,255.066666666667
51,"M",5.68666666666667,255.083333333333
52,"F",6.02555555555556,255.083333333333
22,"M",4.70055555555556,255.083333333333
59,"M",5.02388888888889,255.083333333333
60,"M",5.77277777777778,255.1
44,"F",5.74722222222222,255.1
29,"F",6.04111111111111,255.1
65,"M",5.85388888888889,255.1
23,"F",5.77666666666667,255.1
54,"F",5.98833333333333,255.116666666667
50,"M",5.66388888888889,255.116666666667
57,"F",5.62888888888889,255.133333333333
40,"M",5.85944444444444,255.133333333333
51,"F",5.87722222222222,255.15
44,"F",5.85444444444444,255.15
56,"F",5.95888888888889,255.15
56,"F",5.95888888888889,255.15
56,"M",5.74555555555556,255.15
60,"M",5.85722222222222,255.166666666667
65,"M",5.97722222222222,255.183333333333
38,"F",6.11055555555556,255.183333333333
63,"M",5.73777777777778,255.183333333333
51,"M",5.75,255.2
45,"F",5.84666666666667,255.2
54,"F",6.02666666666667,255.2
35,"F",6.02722222222222,255.216666666667
23,"F",6.01444444444444,255.216666666667
37,"F",6.02722222222222,255.216666666667
53,"F",5.77166666666667,255.216666666667
51,"F",5.94222222222222,255.216666666667
41,"F",5.88611111111111,255.233333333333
30,"F",5.73833333333333,255.233333333333
32,"F",6.01666666666667,255.233333333333
42,"F",5.86555555555556,255.25
46,"F",5.86555555555556,255.25
23,"F",5.785,255.266666666667
56,"M",5.78555555555556,255.283333333333
26,"F",5.98388888888889,255.3
51,"F",5.90611111111111,255.3
57,"F",5.89166666666667,255.3
50,"M",5.89111111111111,255.3
58,"M",5.62666666666667,255.316666666667
49,"M",5.55277777777778,255.333333333333
55,"F",6.06888888888889,255.35
41,"F",5.95388888888889,255.35
50,"F",5.95777777777778,255.35
61,"M",5.81388888888889,255.366666666667
62,"M",5.92388888888889,255.366666666667
50,"M",5.96111111111111,255.383333333333
54,"F",5.79222222222222,255.4
52,"F",5.79111111111111,255.4
68,"M",5.92611111111111,255.4
45,"F",5.95555555555555,255.416666666667
46,"F",5.99611111111111,255.416666666667
49,"F",5.72,255.433333333333
60,"M",5.53888888888889,255.433333333333
43,"M",5.98,255.45
61,"M",6.04166666666667,255.45
60,"M",5.72666666666667,255.45
21,"F",5.93611111111111,255.466666666667
39,"M",5.44944444444444,255.483333333333
30,"M",6.05444444444444,255.5
65,"M",5.91888888888889,255.516666666667
45,"F",5.79777777777778,255.516666666667
52,"M",5.95666666666667,255.533333333333
42,"F",5.80055555555556,255.533333333333
50,"F",5.785,255.533333333333
61,"F",5.79444444444445,255.55
40,"F",5.945,255.55
45,"F",5.87888888888889,255.55
29,"F",5.87111111111111,255.583333333333
55,"M",6.00333333333333,255.583333333333
39,"M",5.94833333333333,255.6
63,"F",5.94833333333333,255.6
50,"M",5.58611111111111,255.6
42,"F",5.91333333333333,255.616666666667
65,"M",6.08,255.65
55,"F",5.88222222222222,255.65
62,"F",5.84777777777778,255.65
33,"M",5.92777777777778,255.666666666667
71,"M",5.97944444444444,255.683333333333
41,"F",6.07388888888889,255.683333333333
55,"M",5.80722222222222,255.683333333333
59,"M",5.84555555555556,255.683333333333
41,"F",5.67166666666667,255.716666666667
32,"F",5.88833333333333,255.733333333333
21,"M",5.23055555555556,255.733333333333
49,"F",5.71055555555556,255.733333333333
38,"F",5.71,255.75
45,"M",5.94555555555556,255.75
48,"M",5.62055555555556,255.783333333333
63,"F",5.73388888888889,255.783333333333
50,"F",5.75722222222222,255.8
41,"M",5.63722222222222,255.816666666667
31,"M",5.72444444444444,255.816666666667
24,"F",5.95944444444444,255.833333333333
63,"M",5.70611111111111,255.833333333333
25,"F",5.90444444444444,255.833333333333
35,"F",5.93222222222222,255.833333333333
26,"M",5.95944444444444,255.833333333333
50,"F",5.97555555555556,255.85
32,"M",6.03277777777778,255.85
32,"F",5.94944444444444,255.866666666667
28,"M",6.18222222222222,255.866666666667
54,"M",5.96777777777778,255.866666666667
49,"M",5.95777777777778,255.883333333333
41,"M",5.39,255.916666666667
70,"M",5.99777777777778,255.916666666667
57,"M",5.58944444444444,255.933333333333
55,"F",5.82833333333333,255.966666666667
26,"F",6.02666666666667,255.983333333333
47,"M",5.81555555555556,255.983333333333
56,"M",5.81055555555556,255.983333333333
35,"F",5.82944444444444,256
31,"M",5.74944444444444,256.016666666667
33,"F",5.96777777777778,256.016666666667
63,"M",5.66277777777778,256.016666666667
41,"F",6.00166666666667,256.033333333333
58,"F",5.78222222222222,256.066666666667
66,"M",5.80555555555556,256.066666666667
56,"F",5.77222222222222,256.083333333333
36,"F",5.99277777777778,256.083333333333
48,"M",6.03222222222222,256.1
23,"M",5.87666666666667,256.1
50,"F",5.95555555555555,256.133333333333
50,"F",5.99,256.133333333333
53,"M",5.95555555555555,256.133333333333
40,"F",5.70888888888889,256.15
46,"F",5.76222222222222,256.15
42,"M",5.83666666666667,256.15
64,"M",5.56222222222222,256.15
46,"M",5.17166666666667,256.15
61,"F",5.74111111111111,256.15
56,"F",5.79222222222222,256.166666666667
33,"M",5.71333333333333,256.183333333333
43,"M",5.885,256.183333333333
36,"F",6.19277777777778,256.183333333333
44,"M",5.75388888888889,256.2
56,"M",5.96166666666667,256.2
47,"F",5.89333333333333,256.2
56,"F",5.85055555555556,256.216666666667
39,"M",5.83333333333333,256.233333333333
44,"F",6.20222222222222,256.233333333333
31,"F",5.92222222222222,256.25
57,"F",6.05888888888889,256.266666666667
41,"M",5.90666666666667,256.283333333333
65,"M",5.775,256.283333333333
62,"F",6.04222222222222,256.3
49,"F",5.93666666666667,256.316666666667
52,"F",5.93666666666667,256.316666666667
51,"F",5.97277777777778,256.333333333333
32,"M",6.275,256.333333333333
41,"M",6.03611111111111,256.333333333333
58,"M",5.98055555555556,256.35
30,"F",5.47166666666667,256.366666666667
60,"F",6.005,256.366666666667
50,"F",5.68611111111111,256.366666666667
24,"F",5.58055555555555,256.383333333333
47,"F",5.79555555555556,256.4
39,"F",5.79222222222222,256.416666666667
62,"M",5.79277777777778,256.416666666667
59,"F",5.95555555555555,256.433333333333
50,"F",6.09111111111111,256.45
29,"F",5.72722222222222,256.466666666667
71,"M",6.01777777777778,256.5
61,"F",6.04833333333333,256.5
47,"F",5.93777777777778,256.5
52,"F",5.65555555555556,256.5
31,"F",5.80055555555556,256.5
57,"F",5.935,256.516666666667
63,"M",5.85722222222222,256.516666666667
73,"M",5.70166666666667,256.516666666667
52,"F",5.90555555555556,256.516666666667
28,"F",6.09166666666667,256.533333333333
55,"F",6.025,256.533333333333
38,"M",6.20555555555555,256.55
37,"F",5.79944444444444,256.55
20,"F",5.93666666666667,256.566666666667
33,"F",5.85111111111111,256.566666666667
46,"F",5.86333333333333,256.583333333333
31,"F",6.04444444444445,256.583333333333
50,"F",5.96055555555556,256.583333333333
30,"M",5.69333333333333,256.583333333333
43,"F",5.71611111111111,256.6
50,"M",5.55611111111111,256.6
47,"F",5.97555555555556,256.616666666667
64,"F",5.64777777777778,256.633333333333
45,"F",6.005,256.633333333333
53,"F",5.84055555555556,256.633333333333
65,"M",5.95555555555555,256.633333333333
70,"M",5.615,256.65
61,"F",5.96555555555556,256.666666666667
48,"M",6.11,256.666666666667
51,"F",5.76111111111111,256.683333333333
61,"M",6.03222222222222,256.683333333333
43,"F",6.03277777777778,256.716666666667
67,"M",6.01111111111111,256.716666666667
57,"F",5.895,256.716666666667
39,"F",5.99333333333333,256.716666666667
24,"M",6.05222222222222,256.733333333333
27,"M",5.67222222222222,256.75
38,"F",5.91944444444445,256.75
34,"M",6.04777777777778,256.766666666667
60,"F",5.86888888888889,256.766666666667
53,"F",5.92722222222222,256.783333333333
70,"M",5.98277777777778,256.783333333333
55,"M",5.77722222222222,256.783333333333
44,"F",5.85333333333333,256.816666666667
24,"M",6.00055555555556,256.816666666667
62,"M",5.85611111111111,256.833333333333
25,"M",6.05444444444444,256.833333333333
36,"M",5.85777777777778,256.833333333333
61,"M",5.94277777777778,256.85
54,"M",5.82277777777778,256.85
27,"M",5.93444444444444,256.85
25,"F",5.93444444444444,256.85
63,"F",5.97388888888889,256.85
28,"M",5.78833333333333,256.866666666667
43,"M",5.89333333333333,256.883333333333
47,"M",6.14,256.883333333333
37,"F",5.84444444444444,256.883333333333
50,"F",5.95611111111111,256.9
58,"M",5.855,256.9
30,"F",5.89833333333333,256.9
35,"F",5.88333333333333,256.916666666667
27,"F",5.96,256.916666666667
32,"F",6.03277777777778,256.916666666667
55,"F",5.79777777777778,256.916666666667
24,"F",5.79888888888889,256.933333333333
53,"M",5.55888888888889,256.933333333333
33,"M",5.85777777777778,256.95
27,"M",6.06833333333333,256.95
27,"F",5.87388888888889,256.95
64,"M",5.87388888888889,256.95
59,"M",6.07388888888889,256.966666666667
67,"M",5.96,256.966666666667
31,"M",6.01888888888889,256.983333333333
60,"M",5.98388888888889,256.983333333333
42,"M",5.59333333333333,257
43,"M",5.91611111111111,257
67,"M",5.95055555555556,257
56,"M",5.98555555555556,257
48,"F",6.09555555555556,257.016666666667
57,"F",5.84,257.05
61,"F",5.885,257.05
64,"M",5.885,257.066666666667
37,"M",5.75722222222222,257.083333333333
42,"F",5.99611111111111,257.1
63,"M",5.815,257.116666666667
52,"F",5.85277777777778,257.133333333333
55,"F",5.87277777777778,257.133333333333
48,"M",5.93888888888889,257.15
46,"F",6.15722222222222,257.15
39,"M",5.02833333333333,257.166666666667
57,"F",5.88722222222222,257.166666666667
49,"F",6.04944444444444,257.166666666667
46,"F",5.89444444444444,257.183333333333
26,"F",5.55722222222222,257.183333333333
31,"M",5.96833333333333,257.2
62,"M",5.80777777777778,257.2
56,"M",5.745,257.2
65,"M",5.89388888888889,257.2
46,"F",6.07722222222222,257.216666666667
47,"F",5.8,257.216666666667
47,"F",5.82,257.216666666667
47,"F",5.77388888888889,257.216666666667
22,"F",5.98555555555556,257.216666666667
58,"F",5.86055555555556,257.266666666667
37,"F",5.98611111111111,257.266666666667
49,"F",5.96666666666667,257.283333333333
62,"M",5.95388888888889,257.283333333333
50,"F",5.87833333333333,257.283333333333
61,"F",6.01166666666667,257.283333333333
64,"M",5.76055555555556,257.3
64,"M",5.82277777777778,257.3
60,"F",6.00666666666667,257.3
29,"M",5.95888888888889,257.3
59,"M",5.77722222222222,257.3
58,"M",6.15,257.3
42,"F",5.85166666666667,257.316666666667
65,"M",5.94888888888889,257.333333333333
58,"M",6.14944444444444,257.35
57,"F",6.01166666666667,257.35
30,"F",5.68222222222222,257.366666666667
49,"F",5.83166666666667,257.366666666667
52,"M",5.96555555555556,257.366666666667
32,"M",5.96666666666667,257.366666666667
63,"M",5.89555555555556,257.366666666667
58,"F",5.865,257.366666666667
60,"F",6.11166666666667,257.366666666667
49,"F",5.99722222222222,257.383333333333
46,"F",5.48777777777778,257.383333333333
24,"F",5.96777777777778,257.383333333333
49,"F",5.80666666666667,257.4
66,"F",6.01333333333333,257.4
38,"F",5.67055555555556,257.4
52,"M",5.82166666666667,257.4
36,"F",5.86388888888889,257.4
52,"F",6.03111111111111,257.4
33,"F",5.99444444444444,257.416666666667
40,"F",5.99444444444444,257.416666666667
45,"F",5.89444444444444,257.433333333333
53,"F",5.84111111111111,257.45
66,"M",5.88666666666667,257.45
50,"F",5.99166666666667,257.45
55,"M",5.97277777777778,257.466666666667
22,"F",5.60166666666667,257.466666666667
46,"F",5.91222222222222,257.466666666667
43,"M",5.85111111111111,257.466666666667
41,"M",5.98166666666667,257.483333333333
47,"F",5.87166666666667,257.483333333333
28,"M",6.09333333333333,257.483333333333
66,"M",5.93666666666667,257.483333333333
65,"M",5.99722222222222,257.5
71,"M",5.89666666666667,257.516666666667
22,"F",5.93777777777778,257.516666666667
46,"M",5.92111111111111,257.516666666667
47,"F",5.92111111111111,257.516666666667
62,"M",5.95222222222222,257.533333333333
35,"F",5.87777777777778,257.533333333333
54,"F",5.97055555555556,257.533333333333
55,"M",5.97055555555556,257.533333333333
44,"F",6.05166666666667,257.566666666667
50,"F",5.90333333333333,257.583333333333
56,"M",5.83388888888889,257.6
29,"F",6.02611111111111,257.6
22,"F",6,257.6
25,"M",6.10555555555556,257.6
21,"F",6,257.616666666667
41,"F",5.95055555555556,257.616666666667
40,"M",5.97,257.633333333333
47,"M",5.97,257.633333333333
43,"M",5.97,257.633333333333
46,"F",5.78722222222222,257.65
25,"F",5.86388888888889,257.65
45,"F",5.89777777777778,257.65
56,"F",5.91055555555556,257.65
62,"M",5.80111111111111,257.683333333333
33,"F",5.56388888888889,257.683333333333
53,"M",6.115,257.7
60,"M",5.81666666666667,257.716666666667
43,"M",5.79777777777778,257.716666666667
32,"F",5.52833333333333,257.733333333333
32,"F",5.76388888888889,257.733333333333
65,"M",6.08166666666667,257.733333333333
52,"F",6.065,257.75
52,"F",5.87611111111111,257.75
46,"F",6.05333333333333,257.75
57,"F",6.22166666666667,257.75
29,"M",5.91666666666667,257.75
50,"F",5.29888888888889,257.75
63,"F",5.97722222222222,257.75
51,"F",5.95222222222222,257.766666666667
63,"M",5.77666666666667,257.783333333333
41,"M",6.04111111111111,257.8
41,"F",6.19055555555556,257.8
52,"F",5.925,257.8
65,"F",6.05888888888889,257.8
50,"F",5.90333333333333,257.8
39,"F",5.835,257.8
49,"F",6.01,257.816666666667
53,"M",5.87444444444444,257.816666666667
57,"M",5.87444444444444,257.816666666667
46,"F",6.01055555555556,257.833333333333
55,"M",5.72944444444444,257.85
34,"M",5.90944444444444,257.85
50,"F",6.07555555555556,257.85
29,"F",5.96444444444444,257.85
21,"F",5.835,257.85
40,"F",5.78722222222222,257.85
50,"M",5.71277777777778,257.85
58,"M",5.92111111111111,257.866666666667
38,"M",5.29944444444444,257.866666666667
48,"M",6.01944444444444,257.883333333333
41,"F",6.11222222222222,257.9
65,"M",6.01333333333333,257.9
50,"F",6.08,257.916666666667
37,"F",6.04666666666667,257.933333333333
26,"M",5.62388888888889,257.95
50,"F",5.89333333333333,257.966666666667
22,"F",5.93444444444444,257.983333333333
69,"M",5.74166666666667,257.983333333333
82,"M",5.93777777777778,258
63,"F",5.97611111111111,258.016666666667
47,"M",5.84277777777778,258.016666666667
54,"M",5.82944444444444,258.016666666667
61,"M",6.10166666666667,258.033333333333
49,"F",5.97222222222222,258.05
67,"M",6.06722222222222,258.05
34,"M",6.25333333333333,258.066666666667
67,"M",5.945,258.066666666667
35,"M",5.85,258.083333333333
37,"F",6.12111111111111,258.083333333333
55,"M",5.555,258.083333333333
26,"F",6.055,258.083333333333
27,"F",6.03333333333333,258.1
46,"F",5.83833333333333,258.1
34,"M",5.99777777777778,258.1
38,"F",5.97055555555556,258.1
61,"F",5.95388888888889,258.116666666667
29,"M",5.66722222222222,258.116666666667
56,"M",5.88944444444444,258.133333333333
68,"M",6.12444444444444,258.15
25,"M",6.09388888888889,258.166666666667
52,"F",5.75666666666667,258.183333333333
51,"F",5.70333333333333,258.2
21,"F",5.88333333333333,258.216666666667
29,"F",5.95611111111111,258.216666666667
63,"M",6.035,258.233333333333
47,"M",5.82555555555556,258.233333333333
35,"F",6.22611111111111,258.233333333333
70,"M",5.65611111111111,258.233333333333
37,"M",6.32555555555556,258.25
50,"F",5.76833333333333,258.266666666667
46,"F",6.04944444444444,258.283333333333
61,"M",5.71555555555556,258.283333333333
58,"M",5.98833333333333,258.3
48,"M",5.69166666666667,258.316666666667
49,"M",5.67666666666667,258.316666666667
57,"M",5.895,258.316666666667
24,"F",5.94444444444444,258.333333333333
28,"F",5.93111111111111,258.333333333333
29,"F",6.18666666666667,258.35
33,"M",6.15333333333333,258.35
34,"F",6.09555555555556,258.35
41,"M",6.025,258.35
67,"M",6.09555555555556,258.35
42,"M",6.04444444444445,258.366666666667
33,"F",6.03888888888889,258.4
43,"F",6.09222222222222,258.4
52,"F",6.01555555555556,258.4
22,"F",5.84611111111111,258.416666666667
45,"F",5.45555555555555,258.416666666667
40,"F",5.96722222222222,258.433333333333
50,"F",5.85833333333333,258.45
41,"F",5.89666666666667,258.466666666667
23,"F",6.06777777777778,258.466666666667
23,"F",5.86666666666667,258.483333333333
57,"M",6.03444444444444,258.483333333333
59,"M",5.73444444444444,258.5
43,"F",5.95388888888889,258.5
43,"F",5.93722222222222,258.5
64,"M",5.88722222222222,258.5
63,"F",5.99166666666667,258.516666666667
45,"F",5.88555555555556,258.516666666667
40,"M",6.13166666666667,258.533333333333
50,"M",5.87277777777778,258.55
67,"F",6.01333333333333,258.566666666667
53,"F",5.99611111111111,258.566666666667
48,"F",5.84944444444444,258.583333333333
45,"M",5.93055555555556,258.583333333333
57,"F",5.88555555555556,258.6
36,"F",6.05055555555556,258.6
40,"F",6.08944444444444,258.6
70,"M",6.05111111111111,258.6
29,"M",5.81944444444444,258.633333333333
27,"F",6.22888888888889,258.65
49,"F",6.00944444444444,258.65
39,"M",6.24666666666667,258.65
33,"F",6.00111111111111,258.65
62,"M",5.71833333333333,258.65
31,"F",5.71166666666667,258.65
42,"F",5.83333333333333,258.65
44,"M",5.33111111111111,258.683333333333
47,"F",5.54166666666667,258.683333333333
26,"M",5.62388888888889,258.683333333333
31,"F",5.86944444444444,258.683333333333
32,"F",6.14777777777778,258.7
56,"M",5.60333333333333,258.7
50,"F",5.83888888888889,258.7
50,"F",6.00555555555556,258.7
44,"F",5.98055555555556,258.716666666667
45,"M",5.74777777777778,258.75
54,"M",5.65055555555556,258.75
22,"M",5.53388888888889,258.783333333333
58,"F",5.88722222222222,258.783333333333
44,"M",5.95055555555556,258.783333333333
61,"F",6.09277777777778,258.8
45,"F",5.93166666666667,258.8
38,"F",5.72666666666667,258.816666666667
52,"F",5.71055555555556,258.833333333333
55,"F",6.12722222222222,258.833333333333
58,"F",5.78777777777778,258.866666666667
63,"M",6.01277777777778,258.866666666667
21,"F",5.98833333333333,258.883333333333
49,"F",5.89555555555556,258.9
37,"M",5.88666666666667,258.916666666667
44,"M",5.87444444444444,258.933333333333
61,"M",5.87722222222222,258.95
20,"M",6.27666666666667,258.983333333333
42,"F",5.98,258.983333333333
46,"F",5.73333333333333,259
47,"M",6.12333333333333,259
38,"F",5.73333333333333,259
62,"M",5.975,259.016666666667
35,"F",5.91,259.033333333333
24,"F",6.21555555555556,259.05
60,"M",5.72611111111111,259.05
55,"M",5.70166666666667,259.05
37,"M",6.06944444444444,259.083333333333
43,"M",6.06944444444444,259.083333333333
41,"F",5.97055555555556,259.083333333333
52,"F",5.83555555555556,259.1
60,"M",6.21444444444444,259.1
48,"M",5.96055555555556,259.116666666667
52,"F",6.01888888888889,259.116666666667
48,"F",5.95,259.133333333333
34,"M",5.69944444444444,259.133333333333
48,"M",6.03333333333333,259.15
57,"F",5.66888888888889,259.15
40,"F",5.94166666666667,259.15
61,"F",5.83611111111111,259.166666666667
61,"M",6.03722222222222,259.166666666667
49,"M",5.79611111111111,259.166666666667
45,"F",6.05833333333333,259.183333333333
40,"F",6.15,259.2
61,"M",5.58388888888889,259.2
41,"M",5.80833333333333,259.2
57,"M",6.04833333333333,259.216666666667
59,"F",5.97277777777778,259.233333333333
35,"F",5.53166666666667,259.233333333333
62,"F",6.02222222222222,259.233333333333
29,"F",5.40722222222222,259.25
50,"M",5.93555555555556,259.25
46,"F",5.75777777777778,259.266666666667
50,"F",5.99666666666667,259.266666666667
44,"M",5.90333333333333,259.266666666667
42,"M",5.88055555555556,259.283333333333
52,"M",5.75055555555556,259.283333333333
39,"M",6.18611111111111,259.3
44,"F",6.01111111111111,259.316666666667
29,"F",6.00055555555556,259.333333333333
44,"F",6.28444444444444,259.35
58,"F",5.995,259.366666666667
47,"M",6.12555555555556,259.383333333333
45,"F",5.94888888888889,259.383333333333
38,"F",5.96333333333333,259.383333333333
38,"M",5.96333333333333,259.383333333333
29,"F",5.95388888888889,259.383333333333
53,"M",6.06611111111111,259.4
29,"M",6.27277777777778,259.416666666667
60,"F",6.07722222222222,259.433333333333
44,"F",6.06666666666667,259.433333333333
59,"F",5.92277777777778,259.433333333333
41,"M",5.96111111111111,259.45
33,"F",6.095,259.466666666667
32,"M",5.95333333333333,259.483333333333
62,"F",6.02222222222222,259.483333333333
44,"F",5.86166666666667,259.5
57,"F",6.00611111111111,259.5
19,"M",5.98944444444444,259.516666666667
53,"M",5.98944444444444,259.566666666667
21,"F",5.99,259.566666666667
45,"F",6.10055555555556,259.583333333333
54,"F",5.96277777777778,259.583333333333
63,"M",5.72944444444444,259.583333333333
47,"M",6.035,259.6
47,"F",6.18833333333333,259.6
21,"M",6.12944444444444,259.6
34,"M",5.765,259.6
35,"M",5.75,259.6
40,"M",6.06777777777778,259.6
43,"M",5.975,259.616666666667
56,"F",6.10222222222222,259.616666666667
68,"M",6.15333333333333,259.633333333333
41,"F",5.70055555555556,259.633333333333
51,"M",5.76888888888889,259.65
30,"M",6.025,259.666666666667
43,"M",5.91166666666667,259.666666666667
39,"F",5.87222222222222,259.683333333333
24,"M",5.66222222222222,259.683333333333
56,"F",6.10055555555556,259.7
20,"M",6.39055555555556,259.716666666667
29,"F",6.04666666666667,259.733333333333
35,"M",5.87944444444444,259.733333333333
59,"M",5.73833333333333,259.75
24,"F",6.07722222222222,259.766666666667
52,"F",6.07666666666667,259.766666666667
60,"F",6.00222222222222,259.766666666667
51,"M",6.15055555555556,259.783333333333
49,"F",5.84277777777778,259.8
59,"F",5.955,259.8
58,"F",5.96722222222222,259.8
65,"M",6.07055555555556,259.816666666667
40,"F",6.13111111111111,259.833333333333
61,"F",5.94555555555556,259.833333333333
28,"F",6.18833333333333,259.833333333333
26,"F",6.18833333333333,259.85
65,"M",4.97555555555556,259.85
60,"M",6.10333333333333,259.85
26,"F",6.11777777777778,259.85
35,"F",6.13777777777778,259.866666666667
61,"F",6.03166666666667,259.866666666667
39,"M",6.10666666666667,259.866666666667
35,"F",6.10722222222222,259.866666666667
36,"F",5.95277777777778,259.883333333333
21,"F",5.98388888888889,259.883333333333
44,"M",5.76166666666667,259.916666666667
33,"F",6.03388888888889,259.916666666667
37,"M",6.54,259.916666666667
57,"M",5.97166666666667,259.933333333333
62,"M",6.03333333333333,259.95
67,"F",5.94111111111111,259.966666666667
46,"M",5.90166666666667,259.966666666667
30,"M",5.89888888888889,259.983333333333
46,"M",6.01944444444444,260
44,"M",5.94888888888889,260.033333333333
42,"F",5.90333333333333,260.05
46,"F",6.11,260.05
42,"M",5.70666666666667,260.066666666667
34,"F",6.02944444444444,260.1
50,"F",6.12666666666667,260.116666666667
62,"F",6.03777777777778,260.116666666667
28,"M",5.86388888888889,260.133333333333
50,"F",5.98555555555556,260.133333333333
54,"F",6.17222222222222,260.133333333333
35,"M",5.875,260.133333333333
60,"F",5.93444444444444,260.133333333333
67,"F",5.9,260.133333333333
62,"F",6.09888888888889,260.15
49,"M",5.96833333333333,260.2
74,"M",6.16,260.2
32,"F",5.93,260.216666666667
67,"M",6.02,260.216666666667
36,"M",6.02,260.233333333333
56,"F",6.00333333333333,260.233333333333
41,"M",5.98277777777778,260.25
63,"F",6.02111111111111,260.25
43,"F",6.265,260.25
25,"M",6.155,260.266666666667
28,"M",6.06111111111111,260.266666666667
51,"F",6.02944444444444,260.266666666667
34,"F",6.02055555555556,260.283333333333
63,"M",5.96611111111111,260.3
26,"M",5.56777777777778,260.3
28,"F",6.46,260.3
48,"F",6.27444444444444,260.316666666667
56,"F",6.27444444444444,260.316666666667
37,"M",5.68333333333333,260.316666666667
25,"M",6.25444444444444,260.333333333333
53,"M",6.125,260.333333333333
48,"M",5.30166666666667,260.333333333333
21,"F",6.21611111111111,260.35
46,"M",5.44555555555556,260.35
54,"M",6.14666666666667,260.35
62,"M",5.97888888888889,260.366666666667
26,"F",5.98944444444444,260.366666666667
45,"M",5.965,260.383333333333
36,"F",6.05,260.383333333333
36,"F",6.30833333333333,260.4
60,"F",5.78333333333333,260.4
60,"M",5.54055555555556,260.4
20,"F",5.86888888888889,260.416666666667
49,"F",5.69166666666667,260.433333333333
36,"M",6.04333333333333,260.433333333333
52,"F",5.99611111111111,260.433333333333
48,"M",5.97444444444444,260.45
75,"M",5.975,260.45
43,"M",6.05222222222222,260.45
43,"M",5.98166666666667,260.483333333333
43,"F",5.97722222222222,260.483333333333
58,"F",5.66611111111111,260.483333333333
45,"F",6.23722222222222,260.483333333333
52,"F",5.96222222222222,260.5
49,"F",6.25333333333333,260.5
45,"F",6.17277777777778,260.5
45,"F",5.94333333333333,260.5
68,"M",5.88277777777778,260.516666666667
53,"F",5.82833333333333,260.516666666667
43,"M",5.77777777777778,260.533333333333
56,"F",6.04555555555556,260.533333333333
43,"M",5.96055555555556,260.55
49,"F",6.02166666666667,260.55
53,"M",5.2,260.55
32,"M",5.86277777777778,260.55
26,"F",6.18166666666667,260.55
60,"M",5.83833333333333,260.55
63,"F",6.06833333333333,260.566666666667
53,"F",5.98,260.566666666667
62,"F",6.03555555555556,260.583333333333
36,"F",6.10277777777778,260.583333333333
33,"F",5.71388888888889,260.6
60,"M",6.13388888888889,260.6
50,"F",6.07611111111111,260.683333333333
32,"F",6.11388888888889,260.683333333333
47,"M",5.90222222222222,260.7
60,"M",6.15333333333333,260.716666666667
59,"F",5.74944444444444,260.716666666667
63,"F",5.94444444444444,260.733333333333
66,"M",6.15777777777778,260.733333333333
35,"F",6.075,260.733333333333
59,"M",5.75333333333333,260.733333333333
45,"F",6.17388888888889,260.766666666667
52,"M",6.17388888888889,260.783333333333
42,"M",6.09277777777778,260.783333333333
24,"F",5.94555555555556,260.8
66,"M",6.14111111111111,260.8
58,"M",6.11111111111111,260.816666666667
65,"M",5.80166666666667,260.816666666667
61,"M",5.80777777777778,260.833333333333
46,"F",6.35222222222222,260.833333333333
60,"F",5.91611111111111,260.85
36,"M",5.75444444444444,260.85
44,"F",5.89611111111111,260.85
47,"M",6.105,260.866666666667
26,"M",5.75166666666667,260.866666666667
69,"M",5.86,260.883333333333
61,"M",6.50722222222222,260.9
45,"F",6.10777777777778,260.9
54,"F",6.08388888888889,260.9
58,"F",6.13055555555556,260.916666666667
45,"M",5.79611111111111,260.933333333333
59,"F",6.01444444444444,260.933333333333
35,"F",6.15666666666667,260.933333333333
25,"F",5.92833333333333,260.933333333333
55,"F",5.85277777777778,260.966666666667
63,"F",6.06944444444444,260.966666666667
60,"M",5.66277777777778,260.966666666667
56,"F",5.99,260.966666666667
43,"M",5.70166666666667,260.966666666667
64,"F",6.10166666666667,260.983333333333
30,"M",5.39333333333333,261
23,"M",5.87777777777778,261.033333333333
55,"M",5.70611111111111,261.066666666667
54,"F",5.87166666666667,261.066666666667
62,"M",5.88277777777778,261.066666666667
78,"M",5.97333333333333,261.083333333333
46,"F",6.16444444444444,261.083333333333
33,"F",5.73833333333333,261.083333333333
33,"M",5.83277777777778,261.083333333333
43,"F",6.07722222222222,261.1
66,"M",6.14222222222222,261.1
33,"F",5.57833333333333,261.133333333333
45,"F",5.79666666666667,261.133333333333
31,"F",5.98,261.133333333333
25,"F",5.68166666666667,261.15
40,"M",5.96722222222222,261.15
54,"M",5.98722222222222,261.15
48,"M",5.77666666666667,261.166666666667
60,"F",5.81388888888889,261.183333333333
46,"F",6.15444444444444,261.183333333333
49,"F",5.905,261.183333333333
35,"F",5.65722222222222,261.183333333333
68,"M",6.14888888888889,261.183333333333
66,"M",6.07555555555556,261.183333333333
47,"M",5.76111111111111,261.2
63,"M",5.44388888888889,261.216666666667
44,"M",6.24277777777778,261.216666666667
27,"M",6.00388888888889,261.216666666667
35,"M",6.09666666666667,261.233333333333
20,"M",6.25555555555556,261.233333333333
47,"F",6.085,261.25
42,"M",5.79277777777778,261.25
30,"F",6.03388888888889,261.266666666667
62,"F",5.95944444444444,261.266666666667
30,"F",6.03388888888889,261.266666666667
48,"F",6.17277777777778,261.283333333333
68,"F",5.92333333333333,261.283333333333
41,"M",5.62888888888889,261.283333333333
47,"M",6.18666666666667,261.283333333333
31,"F",5.82722222222222,261.3
40,"F",6.04722222222222,261.3
48,"F",6.21,261.316666666667
56,"F",5.98111111111111,261.316666666667
39,"M",6.01555555555556,261.333333333333
34,"F",6.10333333333333,261.333333333333
49,"F",6.13166666666667,261.35
52,"M",6.05166666666667,261.35
47,"M",6.13166666666667,261.35
57,"F",6.10277777777778,261.35
46,"F",6.09388888888889,261.35
70,"M",5.98666666666667,261.366666666667
62,"M",5.54888888888889,261.366666666667
45,"M",6.18944444444444,261.383333333333
21,"M",6.35444444444444,261.383333333333
21,"F",6.05888888888889,261.383333333333
52,"M",6.07611111111111,261.383333333333
57,"M",5.92277777777778,261.4
39,"F",5.82888888888889,261.4
29,"F",5.79444444444445,261.4
33,"F",5.74222222222222,261.416666666667
44,"M",5.84722222222222,261.416666666667
54,"F",6.02555555555556,261.416666666667
56,"F",6.09944444444444,261.433333333333
55,"M",6.09222222222222,261.45
61,"F",5.975,261.483333333333
43,"F",6.14388888888889,261.483333333333
33,"F",5.91833333333333,261.483333333333
53,"F",6.14555555555556,261.5
51,"F",5.85611111111111,261.5
65,"M",6.07555555555556,261.516666666667
46,"F",6.09277777777778,261.516666666667
47,"M",6.11333333333333,261.516666666667
24,"F",5.67111111111111,261.533333333333
38,"F",6.15111111111111,261.533333333333
53,"F",5.88388888888889,261.55
72,"M",5.91611111111111,261.55
30,"M",5.93666666666667,261.55
30,"F",5.93666666666667,261.566666666667
41,"F",6.04944444444444,261.566666666667
27,"M",5.95444444444444,261.583333333333
50,"F",6.04666666666667,261.6
64,"F",6.06611111111111,261.6
54,"M",6.10833333333333,261.6
66,"M",6.08888888888889,261.616666666667
42,"M",5.84166666666667,261.616666666667
30,"F",6.01555555555556,261.65
70,"M",5.84,261.683333333333
61,"M",6.00333333333333,261.683333333333
55,"F",5.98222222222222,261.683333333333
58,"M",6.12555555555556,261.7
28,"F",5.78611111111111,261.716666666667
57,"F",5.91611111111111,261.716666666667
46,"F",6.01777777777778,261.716666666667
47,"F",6.13666666666667,261.75
56,"F",5.97666666666667,261.75
41,"F",6.03166666666667,261.75
53,"F",5.95888888888889,261.75
24,"F",6.33833333333333,261.766666666667
60,"F",5.84611111111111,261.766666666667
46,"F",6.02055555555556,261.783333333333
40,"F",6.07388888888889,261.783333333333
24,"F",5.95833333333333,261.783333333333
26,"F",6.06888888888889,261.783333333333
59,"M",6.17833333333333,261.8
34,"M",5.67,261.8
68,"F",6.02555555555556,261.816666666667
47,"F",6.00611111111111,261.833333333333
43,"F",6.02388888888889,261.833333333333
50,"F",6.18277777777778,261.85
45,"F",6.18333333333333,261.85
51,"F",6.065,261.85
49,"F",6.15111111111111,261.85
61,"M",5.90611111111111,261.9
34,"M",5.69,261.9
29,"F",6.14555555555556,261.916666666667
49,"F",5.89888888888889,261.916666666667
41,"F",5.72166666666667,261.933333333333
62,"M",5.99555555555556,261.933333333333
51,"F",5.74388888888889,261.933333333333
50,"M",6.01111111111111,261.95
28,"F",6.17944444444444,261.966666666667
55,"F",6.21,261.966666666667
49,"F",5.99722222222222,262
30,"M",6.17611111111111,262
65,"M",6.11277777777778,262.016666666667
44,"F",6.20722222222222,262.016666666667
25,"M",5.76722222222222,262.016666666667
37,"M",6.10888888888889,262.016666666667
46,"F",6.01111111111111,262.033333333333
48,"F",5.98611111111111,262.033333333333
39,"M",6.10833333333333,262.066666666667
34,"F",6.00388888888889,262.066666666667
57,"M",5.50055555555556,262.066666666667
44,"M",6.15166666666667,262.083333333333
56,"F",5.83055555555555,262.083333333333
56,"M",6.00055555555556,262.083333333333
61,"M",5.83944444444444,262.1
59,"M",6.03666666666667,262.1
47,"M",5.38111111111111,262.1
53,"M",5.81,262.116666666667
34,"F",5.88055555555556,262.116666666667
65,"M",5.57111111111111,262.133333333333
39,"F",6.10666666666667,262.133333333333
70,"M",5.86055555555556,262.133333333333
55,"F",5.90888888888889,262.15
45,"F",6.10111111111111,262.166666666667
41,"M",5.73111111111111,262.166666666667
46,"M",5.93277777777778,262.166666666667
35,"M",5.805,262.166666666667
42,"M",6.07444444444444,262.166666666667
38,"F",6.14722222222222,262.166666666667
55,"F",5.86722222222222,262.166666666667
62,"M",5.93833333333333,262.2
44,"M",6.18,262.2
46,"M",5.07055555555556,262.216666666667
34,"F",6.03,262.216666666667
46,"M",5.98055555555556,262.216666666667
57,"F",5.97,262.25
28,"F",6.05388888888889,262.266666666667
57,"F",6.05833333333333,262.266666666667
58,"M",6.28,262.266666666667
54,"M",5.87111111111111,262.266666666667
40,"M",6.01277777777778,262.283333333333
53,"M",5.99277777777778,262.3
48,"M",6.29611111111111,262.3
40,"F",6.19111111111111,262.3
53,"F",5.99277777777778,262.3
25,"F",6.04833333333333,262.316666666667
43,"M",6.19833333333333,262.333333333333
51,"M",6.06222222222222,262.333333333333
59,"F",6.02944444444444,262.35
27,"M",5.99388888888889,262.35
38,"M",6.21777777777778,262.35
34,"F",6.06222222222222,262.366666666667
55,"F",5.99888888888889,262.366666666667
47,"F",6.06055555555556,262.383333333333
50,"F",5.93333333333333,262.383333333333
51,"M",6.16555555555556,262.383333333333
43,"M",6.10444444444444,262.383333333333
46,"M",5.43888888888889,262.4
67,"M",5.90277777777778,262.4
45,"F",5.90388888888889,262.416666666667
46,"F",5.92166666666667,262.416666666667
34,"M",5.49333333333333,262.416666666667
60,"F",5.94222222222222,262.416666666667
49,"F",6.16944444444445,262.433333333333
23,"M",5.58444444444444,262.433333333333
20,"F",5.88944444444444,262.45
77,"M",6.25777777777778,262.45
65,"M",6.04888888888889,262.45
58,"F",6.04,262.466666666667
50,"F",5.93833333333333,262.483333333333
45,"F",6.18555555555556,262.483333333333
53,"F",5.985,262.483333333333
25,"F",6.14,262.5
27,"F",5.92222222222222,262.516666666667
26,"F",6.18555555555556,262.516666666667
49,"M",6.05611111111111,262.516666666667
35,"M",5.98555555555556,262.516666666667
57,"F",6.13111111111111,262.533333333333
62,"M",6.13055555555556,262.533333333333
32,"F",6.125,262.533333333333
54,"M",6.13666666666667,262.533333333333
74,"M",6.00055555555556,262.533333333333
39,"M",5.84555555555556,262.533333333333
66,"F",6.02055555555556,262.566666666667
56,"F",6.01222222222222,262.566666666667
36,"M",5.99944444444444,262.566666666667
22,"F",6.22555555555556,262.583333333333
55,"F",6.02333333333333,262.583333333333
73,"M",6.185,262.6
45,"F",6.13833333333333,262.6
48,"F",6.06222222222222,262.616666666667
58,"M",5.87833333333333,262.616666666667
39,"F",6.07777777777778,262.633333333333
62,"F",6.15888888888889,262.633333333333
37,"F",6.02333333333333,262.633333333333
37,"F",6.11444444444444,262.633333333333
56,"M",6.13722222222222,262.666666666667
44,"M",6.08055555555555,262.666666666667
37,"F",6.17777777777778,262.683333333333
49,"F",6.16055555555556,262.683333333333
77,"M",5.91666666666667,262.683333333333
42,"F",6.10277777777778,262.7
46,"M",6.20444444444444,262.716666666667
66,"F",5.97666666666667,262.733333333333
67,"M",6.205,262.733333333333
32,"M",6.24444444444444,262.733333333333
49,"M",5.97777777777778,262.75
45,"F",5.64388888888889,262.75
28,"M",5.71555555555556,262.766666666667
54,"M",5.61111111111111,262.766666666667
36,"M",5.715,262.766666666667
45,"M",5.45388888888889,262.766666666667
39,"F",6.14,262.783333333333
32,"M",5.90277777777778,262.783333333333
60,"M",5.89777777777778,262.8
37,"F",6.09055555555556,262.8
60,"M",6.17055555555556,262.816666666667
27,"F",6.09111111111111,262.833333333333
60,"F",6.08277777777778,262.833333333333
45,"M",6.18333333333333,262.833333333333
62,"M",5.94944444444444,262.833333333333
48,"F",5.79666666666667,262.833333333333
26,"F",6.19388888888889,262.85
45,"F",6.02555555555556,262.85
23,"F",6.11555555555556,262.85
38,"M",6.07111111111111,262.866666666667
22,"F",6.04833333333333,262.866666666667
46,"M",6.01166666666667,262.866666666667
48,"F",5.685,262.866666666667
23,"M",5.98833333333333,262.866666666667
45,"F",5.68555555555556,262.866666666667
60,"F",6.03166666666667,262.883333333333
42,"F",6.14111111111111,262.9
52,"M",5.93277777777778,262.916666666667
55,"F",6.23111111111111,262.916666666667
50,"F",6.23166666666667,262.916666666667
29,"M",6.36888888888889,262.933333333333
49,"M",6.04277777777778,262.95
52,"F",5.85611111111111,262.95
43,"F",5.93777777777778,262.95
22,"F",6.17722222222222,262.95
48,"M",5.27944444444444,262.966666666667
64,"F",6.2,262.966666666667
60,"M",5.90888888888889,262.983333333333
29,"F",6.04944444444444,263
34,"M",5.77444444444444,263
35,"F",6.00333333333333,263.016666666667
24,"F",6.205,263.033333333333
42,"F",6.19722222222222,263.033333333333
63,"M",5.805,263.05
29,"M",5.14611111111111,263.05
61,"M",5.53833333333333,263.05
54,"M",5.82444444444444,263.05
47,"M",5.825,263.05
34,"M",6.07611111111111,263.083333333333
52,"F",5.65111111111111,263.083333333333
55,"F",5.94444444444444,263.083333333333
32,"F",6.13722222222222,263.083333333333
38,"F",5.87333333333333,263.1
46,"F",5.94111111111111,263.1
41,"M",6.37555555555556,263.133333333333
44,"M",5.66277777777778,263.133333333333
31,"F",6.13222222222222,263.133333333333
40,"F",6.14222222222222,263.15
52,"F",6.09166666666667,263.15
39,"F",6.11222222222222,263.183333333333
38,"F",6.10166666666667,263.183333333333
51,"M",5.89277777777778,263.183333333333
27,"M",6.25444444444444,263.183333333333
58,"M",5.77888888888889,263.2
34,"M",6.23388888888889,263.216666666667
80,"M",5.64944444444444,263.216666666667
67,"M",6.24,263.233333333333
66,"M",6.08222222222222,263.25
55,"F",6.10111111111111,263.266666666667
40,"F",5.84777777777778,263.333333333333
61,"M",5.72388888888889,263.333333333333
51,"F",6.18,263.366666666667
23,"F",6.22055555555556,263.383333333333
48,"F",5.85055555555556,263.383333333333
61,"M",5.92722222222222,263.4
60,"M",5.905,263.416666666667
59,"M",5.88166666666667,263.416666666667
47,"F",5.80055555555556,263.45
40,"F",6.29555555555556,263.45
40,"F",6.21944444444444,263.483333333333
30,"F",6.10777777777778,263.483333333333
49,"M",6.21055555555556,263.5
38,"F",6.14444444444444,263.5
48,"F",6.11388888888889,263.5
36,"F",6.20055555555556,263.516666666667
35,"F",6.145,263.516666666667
55,"M",5.79111111111111,263.533333333333
26,"M",6.04666666666667,263.533333333333
50,"F",5.95388888888889,263.533333333333
42,"F",6.18,263.533333333333
25,"F",6.10333333333333,263.55
49,"M",6.11,263.55
71,"M",5.95666666666667,263.583333333333
46,"F",5.91166666666667,263.583333333333
27,"F",6.36388888888889,263.583333333333
66,"F",5.95277777777778,263.6
43,"M",6.13388888888889,263.6
37,"F",6.25,263.6
53,"F",5.97666666666667,263.616666666667
33,"M",6.01611111111111,263.633333333333
32,"F",6.02888888888889,263.65
63,"M",6.13833333333333,263.65
57,"M",4.47333333333333,263.683333333333
66,"F",6.11333333333333,263.683333333333
55,"M",6.10944444444444,263.683333333333
40,"F",6.29722222222222,263.683333333333
40,"F",6.29722222222222,263.683333333333
36,"F",6.27888888888889,263.7
48,"F",5.85277777777778,263.7
59,"M",6.27055555555556,263.7
51,"F",5.92055555555556,263.7
37,"F",6.11,263.7
28,"M",6.19388888888889,263.733333333333
29,"M",6.19388888888889,263.733333333333
28,"F",6.19388888888889,263.733333333333
51,"F",5.98444444444444,263.733333333333
26,"F",6.18166666666667,263.75
40,"M",5.38166666666667,263.75
60,"M",5.96111111111111,263.75
57,"M",5.72888888888889,263.75
30,"F",6.03944444444444,263.783333333333
52,"M",6.03555555555556,263.783333333333
31,"M",6.38444444444444,263.783333333333
36,"M",6.28111111111111,263.783333333333
27,"M",5.53,263.8
43,"F",5.93555555555556,263.8
22,"F",4.92333333333333,263.8
70,"M",6.05944444444444,263.816666666667
52,"F",6.03055555555556,263.833333333333
43,"F",6.03055555555556,263.833333333333
24,"M",6.25555555555556,263.85
51,"F",6.17666666666667,263.85
47,"F",6.06833333333333,263.866666666667
29,"F",6.02777777777778,263.866666666667
66,"M",6.02777777777778,263.883333333333
63,"F",6.11555555555556,263.883333333333
50,"F",6.24222222222222,263.9
49,"F",6.24222222222222,263.9
21,"F",6.04333333333333,263.9
65,"M",5.92555555555556,263.9
34,"M",6.06888888888889,263.966666666667
60,"M",5.69,263.966666666667
43,"F",5.97888888888889,263.966666666667
63,"F",6.00611111111111,264
51,"F",6.10777777777778,264
60,"M",5.67277777777778,264.016666666667
30,"F",6.01333333333333,264.016666666667
27,"F",6.36555555555556,264.033333333333
40,"M",5.97777777777778,264.033333333333
56,"M",6.07777777777778,264.066666666667
24,"F",6.32388888888889,264.066666666667
64,"M",5.68166666666667,264.083333333333
29,"M",6.27833333333333,264.1
21,"M",6.22444444444444,264.1
21,"M",6.30666666666667,264.1
30,"F",6.27888888888889,264.116666666667
58,"F",5.63333333333333,264.116666666667
33,"F",6.31444444444444,264.116666666667
26,"F",6.27888888888889,264.133333333333
22,"F",6.13944444444444,264.133333333333
32,"F",6.14,264.133333333333
33,"F",6.07055555555556,264.133333333333
37,"F",6.22944444444444,264.15
57,"F",6.20444444444444,264.15
35,"M",6.12722222222222,264.183333333333
29,"F",5.87611111111111,264.2
51,"F",5.98222222222222,264.2
33,"F",6.11555555555556,264.216666666667
53,"F",6.02722222222222,264.216666666667
55,"F",6.00944444444444,264.216666666667
54,"M",6.12166666666667,264.233333333333
55,"M",5.93555555555556,264.233333333333
41,"F",5.88777777777778,264.25
38,"F",5.78888888888889,264.25
42,"M",6.16944444444445,264.266666666667
43,"F",6.235,264.266666666667
38,"M",6.03666666666667,264.283333333333
62,"F",6.25111111111111,264.283333333333
59,"M",6.26833333333333,264.283333333333
58,"F",6.06277777777778,264.283333333333
56,"F",5.62722222222222,264.3
31,"M",5.835,264.3
43,"M",5.65722222222222,264.316666666667
47,"F",6.07277777777778,264.316666666667
38,"M",5.99222222222222,264.316666666667
32,"F",6.09777777777778,264.316666666667
54,"M",5.86555555555556,264.333333333333
57,"F",5.95888888888889,264.333333333333
48,"M",5.95888888888889,264.333333333333
65,"M",5.96333333333333,264.35
40,"F",6.24555555555556,264.35
60,"M",5.58444444444444,264.35
24,"F",6.26666666666667,264.35
30,"F",6.14444444444444,264.366666666667
28,"F",6.35611111111111,264.4
35,"F",6.04333333333333,264.416666666667
46,"M",5.97944444444444,264.416666666667
40,"F",6.07833333333333,264.416666666667
50,"M",5.82166666666667,264.433333333333
50,"F",5.75944444444444,264.45
61,"M",6.16722222222222,264.466666666667
36,"F",5.51833333333333,264.483333333333
66,"M",5.90611111111111,264.483333333333
60,"F",6.08944444444444,264.483333333333
43,"F",6.33777777777778,264.483333333333
41,"F",6.33777777777778,264.483333333333
74,"M",5.98333333333333,264.483333333333
26,"M",6.19944444444444,264.5
21,"M",6.19944444444444,264.5
64,"M",6.04888888888889,264.55
50,"F",5.94388888888889,264.566666666667
49,"F",6.10944444444444,264.583333333333
28,"F",5.87722222222222,264.6
42,"F",6.315,264.6
56,"M",5.74666666666667,264.6
56,"M",6.30666666666667,264.616666666667
47,"F",5.74944444444444,264.616666666667
48,"M",5.83333333333333,264.616666666667
28,"F",6.14888888888889,264.616666666667
32,"M",5.65055555555556,264.616666666667
71,"M",6.12,264.633333333333
36,"F",5.87111111111111,264.666666666667
61,"F",6.12444444444444,264.666666666667
29,"F",6.27055555555556,264.666666666667
60,"M",5.46166666666667,264.666666666667
38,"M",6.02055555555556,264.683333333333
37,"F",6.19333333333333,264.7
26,"F",6.17277777777778,264.716666666667
47,"M",5.78833333333333,264.75
38,"M",6.07833333333333,264.766666666667
49,"F",5.93166666666667,264.766666666667
50,"M",6.16722222222222,264.766666666667
38,"F",5.97,264.783333333333
47,"F",5.76277777777778,264.8
47,"M",5.84444444444444,264.816666666667
48,"F",6.27666666666667,264.816666666667
48,"M",5.99111111111111,264.833333333333
47,"F",5.87444444444444,264.833333333333
56,"F",6.00222222222222,264.833333333333
40,"F",6.01277777777778,264.833333333333
45,"M",5.74833333333333,264.833333333333
50,"F",5.71222222222222,264.85
50,"F",5.71277777777778,264.85
54,"F",5.93333333333333,264.85
50,"F",5.93333333333333,264.85
60,"M",5.93388888888889,264.866666666667
46,"F",5.805,264.866666666667
49,"M",6.14,264.866666666667
33,"M",6.05444444444444,264.866666666667
27,"F",6.15166666666667,264.883333333333
44,"F",6.08277777777778,264.9
72,"M",6.06944444444444,264.916666666667
50,"F",6.13722222222222,264.916666666667
60,"M",5.92,264.933333333333
63,"M",5.91944444444445,264.933333333333
60,"F",6.1,264.95
33,"M",5.88166666666667,264.966666666667
36,"M",5.86111111111111,264.966666666667
28,"F",6.17833333333333,264.966666666667
37,"M",6.12277777777778,264.966666666667
39,"M",6.11166666666667,264.983333333333
25,"F",6.15055555555556,264.983333333333
55,"F",6.09666666666667,265
58,"F",6.09055555555556,265
40,"M",6.16111111111111,265.033333333333
26,"F",6.22888888888889,265.033333333333
24,"M",5.99,265.05
20,"F",6.16166666666667,265.05
52,"F",6.03777777777778,265.066666666667
51,"M",6.07666666666667,265.083333333333
60,"F",6.28277777777778,265.1
33,"M",5.97777777777778,265.1
27,"M",6.12722222222222,265.1
39,"F",5.95833333333333,265.1
52,"F",6.15277777777778,265.116666666667
41,"F",6.20055555555556,265.116666666667
59,"M",6.04777777777778,265.133333333333
50,"M",6.06444444444444,265.133333333333
24,"F",6.11666666666667,265.133333333333
57,"M",6.12333333333333,265.15
59,"F",6.115,265.15
52,"F",6.09944444444444,265.15
26,"F",6.11111111111111,265.183333333333
55,"F",6.23777777777778,265.183333333333
29,"M",6.01277777777778,265.2
25,"F",6.42777777777778,265.2
51,"M",5.94333333333333,265.2
28,"F",6.11111111111111,265.2
29,"F",5.74944444444444,265.216666666667
53,"M",6.31833333333333,265.233333333333
42,"F",6.26166666666667,265.233333333333
28,"M",6.18,265.233333333333
37,"M",5.77777777777778,265.25
60,"M",5.61722222222222,265.266666666667
60,"M",5.75,265.283333333333
62,"M",6.21722222222222,265.283333333333
53,"F",6.19944444444444,265.283333333333
44,"F",6.12388888888889,265.3
46,"F",6.12388888888889,265.316666666667
35,"F",6.29555555555556,265.333333333333
51,"F",6.27055555555556,265.35
42,"F",6.13611111111111,265.35
50,"M",5.98555555555556,265.366666666667
63,"F",6.07777777777778,265.366666666667
55,"M",6.30833333333333,265.366666666667
29,"F",6.285,265.383333333333
52,"M",6.20555555555555,265.383333333333
58,"F",6.18611111111111,265.383333333333
69,"M",5.99722222222222,265.416666666667
43,"F",6.32333333333333,265.416666666667
47,"F",6.20722222222222,265.433333333333
60,"F",6.3,265.433333333333
62,"M",5.99833333333333,265.433333333333
54,"F",6.04277777777778,265.45
29,"F",6.14555555555556,265.45
31,"F",6.47,265.466666666667
68,"M",6.2,265.5
57,"F",6.00444444444444,265.5
58,"F",6.00444444444444,265.5
30,"M",6.105,265.516666666667
55,"F",6.24666666666667,265.55
48,"M",5.745,265.55
65,"M",5.87666666666667,265.566666666667
45,"F",6.14666666666667,265.566666666667
52,"F",5.81888888888889,265.566666666667
41,"F",6.255,265.566666666667
56,"F",5.98,265.566666666667
53,"F",6.00611111111111,265.583333333333
55,"M",6.15111111111111,265.583333333333
46,"F",6.08,265.6
30,"F",6.16,265.6
42,"M",5.69555555555556,265.6
55,"M",6.29055555555556,265.616666666667
38,"F",6.32277777777778,265.65
50,"M",6.04888888888889,265.666666666667
56,"F",6.02444444444444,265.666666666667
37,"F",5.84111111111111,265.666666666667
37,"F",5.84166666666667,265.683333333333
33,"M",6.06111111111111,265.683333333333
55,"F",6.09833333333333,265.716666666667
67,"F",5.59333333333333,265.716666666667
26,"F",6.23611111111111,265.733333333333
21,"F",6.26666666666667,265.733333333333
50,"M",6.38166666666667,265.766666666667
44,"F",6.15444444444444,265.766666666667
47,"F",6.18611111111111,265.766666666667
48,"F",5.93944444444444,265.783333333333
68,"M",5.94055555555556,265.783333333333
52,"M",6.14666666666667,265.783333333333
61,"M",5.9,265.816666666667
51,"F",6.14277777777778,265.816666666667
31,"F",6.29666666666667,265.816666666667
70,"M",5.95277777777778,265.816666666667
26,"M",6.19055555555556,265.85
26,"F",6.04277777777778,265.85
52,"F",6.04277777777778,265.866666666667
47,"F",6.09,265.9
49,"M",5.85111111111111,265.916666666667
66,"M",6.26388888888889,265.916666666667
46,"F",6.18222222222222,265.933333333333
45,"F",6.16388888888889,265.933333333333
63,"M",6.085,265.933333333333
58,"M",6.37888888888889,265.966666666667
54,"M",6.36611111111111,265.983333333333
25,"M",5.67555555555556,265.983333333333
48,"F",6.04833333333333,266.016666666667
59,"M",6.14833333333333,266.016666666667
62,"M",5.96111111111111,266.016666666667
36,"M",6.11388888888889,266.033333333333
53,"F",6.13722222222222,266.033333333333
34,"F",6.02777777777778,266.05
34,"M",6.02777777777778,266.05
56,"F",5.91611111111111,266.083333333333
61,"F",6.05166666666667,266.1
32,"F",6.06833333333333,266.116666666667
25,"M",6.24333333333333,266.116666666667
29,"F",6.03166666666667,266.15
45,"M",4.78277777777778,266.166666666667
55,"M",6.19222222222222,266.183333333333
48,"M",6.43444444444444,266.183333333333
26,"M",6.03333333333333,266.2
36,"F",6.29555555555556,266.216666666667
58,"M",6.19777777777778,266.233333333333
29,"M",5.90111111111111,266.233333333333
53,"M",6.12333333333333,266.25
53,"F",6.23777777777778,266.25
47,"F",6.23777777777778,266.266666666667
23,"F",6.28055555555556,266.266666666667
32,"F",6.26388888888889,266.266666666667
42,"F",6.03888888888889,266.266666666667
22,"F",6.08833333333333,266.266666666667
67,"F",6.13333333333333,266.3
49,"F",6.11944444444444,266.316666666667
24,"F",6.05611111111111,266.316666666667
33,"F",5.53722222222222,266.333333333333
49,"F",6.18722222222222,266.333333333333
50,"F",6.03666666666667,266.35
42,"F",6.16555555555556,266.35
31,"F",6.18333333333333,266.366666666667
62,"F",5.83833333333333,266.366666666667
26,"M",6.18277777777778,266.383333333333
50,"M",6.13277777777778,266.416666666667
50,"F",6.04,266.433333333333
42,"F",6.35277777777778,266.433333333333
57,"F",5.84388888888889,266.433333333333
30,"F",6.52444444444444,266.45
34,"F",6.04722222222222,266.466666666667
21,"F",6.17666666666667,266.483333333333
67,"M",6.03388888888889,266.5
23,"F",6.2,266.5
42,"M",6.28,266.5
70,"M",6.14222222222222,266.516666666667
38,"M",6.18166666666667,266.533333333333
62,"M",6.23333333333333,266.55
61,"F",5.94777777777778,266.566666666667
76,"F",5.77833333333333,266.6
50,"M",6.04166666666667,266.616666666667
48,"F",6.10111111111111,266.616666666667
64,"F",6.03,266.616666666667
46,"M",6.28444444444444,266.633333333333
38,"M",6.04055555555556,266.65
47,"M",6.04055555555556,266.65
52,"M",6.22777777777778,266.65
50,"F",6.04555555555556,266.666666666667
51,"M",5.58722222222222,266.683333333333
48,"M",6.31111111111111,266.683333333333
56,"F",6.08444444444444,266.683333333333
60,"M",5.75888888888889,266.7
35,"M",6.23555555555556,266.716666666667
38,"M",6.13222222222222,266.733333333333
66,"M",5.885,266.733333333333
55,"F",5.89888888888889,266.766666666667
47,"F",6.23833333333333,266.783333333333
61,"M",6.19277777777778,266.783333333333
48,"F",6.08388888888889,266.8
42,"F",5.55611111111111,266.8
59,"F",6.11111111111111,266.8
61,"M",5.93777777777778,266.8
51,"F",6.21111111111111,266.816666666667
42,"F",5.63111111111111,266.816666666667
81,"M",6.13444444444444,266.816666666667
67,"M",6.09777777777778,266.833333333333
55,"M",6.03111111111111,266.833333333333
29,"M",5.94333333333333,266.833333333333
40,"M",6.32277777777778,266.833333333333
46,"F",5.53611111111111,266.85
27,"F",4.76277777777778,266.866666666667
65,"M",5.94388888888889,266.883333333333
61,"F",6.22777777777778,266.883333333333
73,"M",5.46777777777778,266.9
57,"M",5.42111111111111,266.933333333333
43,"M",5.80833333333333,266.966666666667
21,"F",6.19888888888889,266.966666666667
67,"M",5.73222222222222,266.983333333333
34,"F",5.87111111111111,266.983333333333
47,"F",6.02,267.033333333333
39,"M",6.05166666666667,267.033333333333
33,"M",6.23444444444444,267.066666666667
29,"M",6.27277777777778,267.066666666667
63,"F",6.07444444444444,267.066666666667
25,"F",6.35611111111111,267.066666666667
27,"M",6.18722222222222,267.116666666667
31,"F",6.22277777777778,267.116666666667
23,"F",6.02333333333333,267.133333333333
48,"F",6.23166666666667,267.133333333333
54,"F",5.84333333333333,267.133333333333
47,"M",6.25888888888889,267.133333333333
40,"M",5.98888888888889,267.15
29,"M",5.89333333333333,267.15
49,"F",6.24,267.15
44,"M",6.02666666666667,267.15
57,"F",5.92333333333333,267.166666666667
42,"F",6.29611111111111,267.166666666667
53,"F",6.33444444444444,267.183333333333
35,"M",5.98777777777778,267.2
31,"F",6.36611111111111,267.216666666667
66,"M",5.97666666666667,267.233333333333
46,"F",5.95055555555556,267.233333333333
38,"F",6.16888888888889,267.25
65,"M",6.28166666666667,267.266666666667
36,"F",5.89277777777778,267.283333333333
57,"M",6.03,267.283333333333
52,"M",5.96722222222222,267.283333333333
56,"F",6.03111111111111,267.3
58,"M",6.21555555555556,267.316666666667
66,"M",6.075,267.316666666667
55,"M",6.20833333333333,267.35
29,"M",5.77722222222222,267.35
67,"M",6.22222222222222,267.366666666667
32,"M",6.26722222222222,267.366666666667
45,"M",6.38555555555556,267.383333333333
47,"F",6.09111111111111,267.4
45,"F",6.40388888888889,267.4
29,"M",6.47944444444444,267.433333333333
47,"M",6.06055555555556,267.45
41,"M",6.07722222222222,267.45
36,"F",5.97722222222222,267.466666666667
22,"M",5.88055555555556,267.483333333333
26,"M",4.49888888888889,267.483333333333
56,"F",6.24388888888889,267.5
60,"F",6.04111111111111,267.5
53,"F",6.20333333333333,267.516666666667
56,"M",6.06055555555556,267.533333333333
46,"M",6.02722222222222,267.533333333333
48,"F",5.95111111111111,267.55
44,"F",6.34722222222222,267.566666666667
46,"F",6.14388888888889,267.583333333333
52,"M",6.29111111111111,267.583333333333
27,"M",6.13833333333333,267.583333333333
62,"M",6.23777777777778,267.616666666667
48,"M",6.09555555555556,267.616666666667
32,"F",6.21,267.616666666667
56,"F",5.95666666666667,267.633333333333
63,"F",6.10111111111111,267.65
28,"M",5.93944444444444,267.666666666667
59,"M",6.10333333333333,267.683333333333
49,"M",6.19166666666667,267.683333333333
40,"M",6.02666666666667,267.716666666667
49,"M",6.26722222222222,267.733333333333
65,"M",6.29888888888889,267.733333333333
40,"M",6.20222222222222,267.75
57,"F",6.21222222222222,267.783333333333
53,"M",5.97166666666667,267.8
66,"F",6.31944444444444,267.8
57,"M",6.23722222222222,267.8
31,"F",6.17222222222222,267.833333333333
43,"F",5.98777777777778,267.85
43,"F",6.28722222222222,267.866666666667
46,"F",6.36611111111111,267.866666666667
37,"F",6.28777777777778,267.883333333333
49,"M",6.18388888888889,267.883333333333
57,"M",5.80444444444444,267.883333333333
41,"M",6.06666666666667,267.9
45,"M",6.15777777777778,267.9
47,"M",6.25555555555556,267.9
66,"M",6.00055555555556,267.916666666667
57,"F",6.16277777777778,267.933333333333
54,"M",5.99777777777778,267.933333333333
18,"M",5.73166666666667,267.933333333333
48,"F",6.12,267.966666666667
66,"M",5.73555555555556,267.966666666667
43,"M",6.22888888888889,267.966666666667
23,"F",6.3,267.983333333333
48,"M",5.93111111111111,267.983333333333
38,"F",6.07388888888889,268
57,"F",6.04222222222222,268.016666666667
21,"F",6.06055555555556,268.033333333333
43,"F",6.26888888888889,268.05
44,"M",6.36444444444444,268.05
57,"M",6.38166666666667,268.066666666667
61,"M",6.31111111111111,268.083333333333
31,"F",6.20388888888889,268.1
55,"F",6.09611111111111,268.1
60,"M",6.06666666666667,268.116666666667
42,"F",6.48444444444444,268.183333333333
29,"F",6.34888888888889,268.216666666667
46,"F",6.19777777777778,268.233333333333
36,"F",5.85555555555556,268.25
26,"F",6.26833333333333,268.25
66,"F",6.24666666666667,268.3
54,"M",6.13222222222222,268.316666666667
26,"M",6.14666666666667,268.333333333333
53,"M",6.20777777777778,268.333333333333
27,"F",6.195,268.35
27,"M",6.195,268.366666666667
70,"M",6.12833333333333,268.366666666667
22,"F",6.30222222222222,268.366666666667
57,"F",6.15777777777778,268.366666666667
25,"F",6.19444444444444,268.383333333333
29,"F",6.35055555555556,268.383333333333
45,"F",6.33166666666667,268.383333333333
40,"F",6.24944444444444,268.4
26,"F",6.05666666666667,268.416666666667
52,"F",6.28277777777778,268.433333333333
55,"M",6.03722222222222,268.433333333333
70,"M",5.88555555555556,268.45
46,"F",6.19055555555556,268.466666666667
41,"F",6.19055555555556,268.466666666667
61,"M",6.23666666666667,268.483333333333
52,"F",6.19111111111111,268.483333333333
63,"F",6.29666666666667,268.5
67,"M",6.43222222222222,268.5
60,"F",5.98111111111111,268.516666666667
59,"M",5.84444444444444,268.516666666667
43,"M",6.25777777777778,268.533333333333
69,"M",6.27166666666667,268.533333333333
31,"F",6.26277777777778,268.55
51,"F",6.03,268.566666666667
52,"F",5.71277777777778,268.566666666667
45,"M",6.32777777777778,268.566666666667
41,"F",6.32777777777778,268.566666666667
34,"F",6.35611111111111,268.583333333333
23,"F",6.36222222222222,268.583333333333
44,"F",6.04055555555556,268.583333333333
62,"F",6.10777777777778,268.6
66,"M",6.19611111111111,268.6
42,"F",6.25666666666667,268.6
53,"M",6.00555555555556,268.616666666667
56,"M",6.25222222222222,268.633333333333
57,"F",6.27,268.633333333333
62,"M",5.76,268.65
44,"M",6.42,268.666666666667
65,"M",5.96611111111111,268.666666666667
42,"M",6.21666666666667,268.683333333333
52,"M",6.42388888888889,268.683333333333
58,"M",5.95944444444444,268.683333333333
33,"M",6.31666666666667,268.683333333333
49,"F",6.12166666666667,268.683333333333
31,"M",6.07222222222222,268.7
57,"M",6.42388888888889,268.7
47,"F",6.18722222222222,268.716666666667
50,"F",6.18722222222222,268.733333333333
29,"F",5.69055555555556,268.75
50,"F",6.10166666666667,268.75
29,"F",6.10277777777778,268.8
35,"M",6.52555555555556,268.8
49,"F",6.04388888888889,268.816666666667
49,"F",5.91333333333333,268.833333333333
65,"M",6.28333333333333,268.866666666667
47,"F",6.19388888888889,268.866666666667
47,"F",6.31833333333333,268.883333333333
45,"F",6.22166666666667,268.9
18,"F",6.44611111111111,268.9
60,"M",5.97277777777778,268.916666666667
51,"F",6.23666666666667,268.916666666667
58,"F",6.16,268.933333333333
60,"F",6.075,268.95
55,"M",5.66055555555556,268.966666666667
33,"M",6.36833333333333,268.966666666667
56,"F",6.15111111111111,268.983333333333
25,"F",6.53388888888889,268.983333333333
67,"M",5.98555555555556,269
36,"F",6.18,269
61,"M",6.16166666666667,269.033333333333
60,"M",6.06388888888889,269.033333333333
60,"F",6.03333333333333,269.033333333333
42,"M",6.17333333333333,269.033333333333
26,"M",5.80777777777778,269.033333333333
69,"M",5.97611111111111,269.05
34,"M",6.12944444444444,269.066666666667
25,"F",6.24277777777778,269.066666666667
68,"M",6.11777777777778,269.066666666667
61,"M",5.90944444444444,269.083333333333
52,"M",6.20111111111111,269.083333333333
28,"M",6.24055555555556,269.1
34,"F",5.34166666666667,269.116666666667
41,"F",6.37555555555556,269.116666666667
28,"F",6.36833333333333,269.133333333333
52,"F",6.22,269.15
35,"M",6.19333333333333,269.15
60,"M",6.11666666666667,269.166666666667
56,"F",6.11666666666667,269.166666666667
37,"M",5.94,269.2
45,"F",5.98777777777778,269.2
35,"F",6.08888888888889,269.2
30,"M",6.44111111111111,269.3
53,"M",6.01833333333333,269.316666666667
48,"F",6.00722222222222,269.333333333333
61,"F",6.30555555555556,269.333333333333
40,"F",6.41555555555556,269.333333333333
64,"F",6.21055555555556,269.333333333333
53,"M",6.00666666666667,269.35
60,"F",6.12555555555556,269.366666666667
61,"M",6.17666666666667,269.383333333333
19,"F",6.4,269.383333333333
50,"M",6.40055555555556,269.4
38,"M",5.68166666666667,269.416666666667
29,"F",6.41555555555556,269.416666666667
77,"M",6.29944444444444,269.433333333333
22,"F",6.23444444444444,269.466666666667
32,"F",6.35055555555556,269.483333333333
57,"F",6.14611111111111,269.483333333333
35,"F",6.125,269.483333333333
25,"F",6.55055555555556,269.5
63,"M",6.06611111111111,269.516666666667
43,"F",6.00388888888889,269.516666666667
60,"M",6.44333333333333,269.516666666667
55,"M",6.00722222222222,269.516666666667
52,"F",5.97888888888889,269.516666666667
53,"F",6.24166666666667,269.55
27,"F",6.19666666666667,269.55
29,"F",6.19666666666667,269.55
44,"F",6.27944444444444,269.55
51,"F",6.14,269.55
57,"F",6.05722222222222,269.566666666667
24,"M",5.98722222222222,269.566666666667
24,"F",5.96555555555556,269.566666666667
60,"F",6.24833333333333,269.583333333333
61,"M",6.23388888888889,269.6
45,"F",6.27111111111111,269.616666666667
66,"M",6.11222222222222,269.616666666667
64,"F",6.10777777777778,269.616666666667
37,"F",6.56277777777778,269.633333333333
66,"M",6.38777777777778,269.633333333333
52,"M",6.29111111111111,269.65
56,"M",5.13888888888889,269.65
46,"F",6.21222222222222,269.65
51,"F",6.30944444444444,269.683333333333
36,"F",6.07611111111111,269.683333333333
64,"M",6.00611111111111,269.716666666667
30,"M",6.035,269.716666666667
68,"M",6.13222222222222,269.733333333333
34,"M",5.75777777777778,269.733333333333
30,"M",6.63777777777778,269.733333333333
40,"M",5.54111111111111,269.733333333333
32,"F",6.63777777777778,269.75
45,"M",6.38722222222222,269.75
48,"F",6.01888888888889,269.75
39,"M",6.30833333333333,269.766666666667
29,"F",5.01388888888889,269.783333333333
29,"M",6.39611111111111,269.783333333333
34,"F",6.46222222222222,269.8
57,"M",6.31666666666667,269.816666666667
43,"M",5.20555555555555,269.816666666667
33,"M",6.2,269.816666666667
67,"M",6.30388888888889,269.833333333333
50,"F",6.27166666666667,269.866666666667
61,"F",6.21333333333333,269.866666666667
30,"F",6.23833333333333,269.866666666667
54,"F",5.91111111111111,269.883333333333
54,"M",6.14166666666667,269.883333333333
29,"F",6.52777777777778,269.883333333333
51,"F",6.29,269.9
45,"M",6.22666666666667,269.916666666667
49,"M",6.13222222222222,269.916666666667
51,"M",6.41277777777778,269.933333333333
62,"F",6.23722222222222,269.95
71,"M",6.23277777777778,269.95
34,"M",6.16777777777778,269.966666666667
60,"M",6.30833333333333,269.983333333333
53,"F",6.20888888888889,269.983333333333
33,"F",6.26111111111111,269.983333333333
35,"F",5.76166666666667,270.033333333333
63,"M",5.97611111111111,270.033333333333
29,"F",6.09833333333333,270.033333333333
64,"M",6.41777777777778,270.05
29,"M",6.07722222222222,270.066666666667
44,"M",6.27666666666667,270.083333333333
76,"M",6.24055555555556,270.1
32,"F",6.17222222222222,270.1
45,"F",6.38777777777778,270.1
22,"F",6.16888888888889,270.1
51,"F",6.15111111111111,270.116666666667
44,"F",6.22277777777778,270.133333333333
41,"M",6.32222222222222,270.133333333333
58,"F",6.14333333333333,270.15
60,"M",6.21888888888889,270.166666666667
31,"M",6.49388888888889,270.166666666667
30,"F",6.06333333333333,270.183333333333
69,"M",6.31722222222222,270.2
55,"F",6.12222222222222,270.2
41,"F",5.93722222222222,270.216666666667
21,"F",6.17722222222222,270.216666666667
42,"F",6.28611111111111,270.266666666667
24,"F",6.29777777777778,270.266666666667
52,"F",5.69833333333333,270.266666666667
56,"M",6.10444444444444,270.266666666667
36,"F",6.29833333333333,270.266666666667
35,"M",5.91,270.266666666667
68,"F",6.35666666666667,270.3
49,"F",6.09,270.316666666667
56,"M",6.12,270.333333333333
35,"M",6.32777777777778,270.366666666667
45,"M",6.22333333333333,270.366666666667
32,"F",6.46222222222222,270.366666666667
69,"M",5.74222222222222,270.383333333333
43,"M",6.18055555555556,270.383333333333
31,"F",6.10777777777778,270.383333333333
55,"M",6.10888888888889,270.4
70,"M",6.26055555555556,270.416666666667
56,"F",6.07555555555556,270.416666666667
64,"F",6.17944444444444,270.433333333333
38,"F",6.28777777777778,270.433333333333
41,"F",6.28777777777778,270.433333333333
42,"M",6.32666666666667,270.466666666667
63,"F",6.07555555555556,270.466666666667
25,"F",5.99666666666667,270.466666666667
51,"F",6.235,270.466666666667
53,"F",6.25444444444444,270.5
46,"F",5.94277777777778,270.516666666667
48,"M",6.13666666666667,270.516666666667
53,"M",6.27722222222222,270.533333333333
54,"F",6.27722222222222,270.533333333333
24,"M",6.21555555555556,270.55
53,"M",6.05722222222222,270.566666666667
76,"M",6.29833333333333,270.583333333333
55,"M",5.805,270.6
55,"F",6.175,270.616666666667
42,"F",5.93222222222222,270.633333333333
60,"F",6.06833333333333,270.633333333333
29,"F",6.06833333333333,270.633333333333
54,"F",6.17611111111111,270.633333333333
33,"F",6.21555555555556,270.65
50,"F",6.33055555555555,270.65
43,"M",6.14277777777778,270.666666666667
41,"F",6.14722222222222,270.683333333333
31,"F",6.13055555555556,270.7
60,"M",6.18444444444444,270.75
56,"M",6.21722222222222,270.75
55,"M",6.17277777777778,270.75
29,"F",6.35222222222222,270.75
42,"M",6.24777777777778,270.783333333333
47,"F",6.09722222222222,270.783333333333
37,"M",6.24777777777778,270.783333333333
26,"F",6.31055555555556,270.8
48,"M",6.24222222222222,270.8
38,"M",6.20555555555555,270.866666666667
54,"M",5.91777777777778,270.883333333333
52,"M",6.15111111111111,270.95
36,"M",6.29,270.966666666667
54,"F",6.42,270.983333333333
48,"F",6.485,270.983333333333
26,"F",6.03277777777778,271
45,"F",6.48555555555556,271
40,"M",5.78388888888889,271.016666666667
67,"M",6.31166666666667,271.033333333333
35,"M",6.42055555555556,271.033333333333
49,"F",6.175,271.083333333333
24,"M",6.04888888888889,271.083333333333
26,"F",6.29,271.083333333333
58,"F",6.18944444444444,271.116666666667
44,"F",6.23388888888889,271.116666666667
59,"M",6.34944444444444,271.133333333333
62,"F",6.27388888888889,271.15
46,"M",6.07055555555556,271.166666666667
33,"F",5.74333333333333,271.166666666667
36,"F",6.30888888888889,271.166666666667
67,"M",5.84222222222222,271.2
57,"F",6.07555555555556,271.216666666667
36,"M",5.43,271.216666666667
40,"F",6.23055555555556,271.216666666667
38,"F",6.265,271.233333333333
42,"M",6.24333333333333,271.25
59,"F",6.18722222222222,271.266666666667
35,"F",6.35166666666667,271.266666666667
69,"M",6.25111111111111,271.283333333333
57,"M",6.29555555555556,271.283333333333
28,"F",6.635,271.316666666667
27,"F",6.17055555555556,271.333333333333
42,"M",6.10555555555556,271.35
50,"F",6.20666666666667,271.35
33,"M",5.93944444444444,271.35
45,"M",6.22388888888889,271.35
63,"F",6.30333333333333,271.366666666667
33,"F",6.35388888888889,271.383333333333
58,"M",6.18,271.416666666667
51,"M",5.97111111111111,271.416666666667
23,"M",6.355,271.433333333333
24,"F",6.35611111111111,271.45
49,"M",6.355,271.45
25,"F",6.29333333333333,271.45
46,"F",6.38944444444444,271.45
22,"F",6.355,271.45
50,"F",6.35555555555556,271.45
60,"M",6.08277777777778,271.466666666667
31,"M",6.42888888888889,271.483333333333
65,"M",6.12277777777778,271.483333333333
57,"F",6.32055555555556,271.5
50,"M",6.30611111111111,271.5
38,"M",6.21111111111111,271.5
64,"M",6.20444444444444,271.516666666667
32,"M",5.97,271.516666666667
70,"F",6.22055555555556,271.55
23,"F",6.19333333333333,271.55
25,"F",6.19333333333333,271.55
53,"F",6.165,271.566666666667
43,"M",6.33111111111111,271.616666666667
40,"F",6.23611111111111,271.65
63,"F",6.27888888888889,271.666666666667
60,"F",6.40611111111111,271.666666666667
22,"F",6.26444444444444,271.683333333333
37,"F",6.09111111111111,271.683333333333
56,"M",5.91,271.7
71,"M",6.24833333333333,271.7
57,"M",6.25166666666667,271.7
62,"F",6.25444444444444,271.716666666667
39,"F",6.21611111111111,271.733333333333
40,"F",6.39,271.75
51,"F",6.20055555555556,271.75
41,"F",6.46277777777778,271.766666666667
36,"M",6.22833333333333,271.783333333333
51,"F",6.48722222222222,271.783333333333
25,"M",6.94944444444444,271.783333333333
50,"F",6.48833333333333,271.783333333333
50,"M",6.23166666666667,271.783333333333
22,"F",6.18444444444444,271.783333333333
40,"F",6.48833333333333,271.8
58,"F",6.26722222222222,271.8
44,"M",6.42555555555556,271.8
49,"M",6.48833333333333,271.8
58,"F",6.26666666666667,271.8
22,"M",6.09888888888889,271.816666666667
37,"F",6.28888888888889,271.816666666667
29,"F",6.35833333333333,271.833333333333
27,"M",6.18222222222222,271.85
36,"M",6.35333333333333,271.85
31,"F",6.38,271.85
46,"M",6.38,271.85
46,"M",6.07055555555556,271.85
21,"F",6.39944444444444,271.883333333333
52,"M",6.13,271.883333333333
44,"F",6.26277777777778,271.9
33,"F",6.18222222222222,271.9
52,"F",6.22111111111111,271.9
43,"F",6.34222222222222,271.916666666667
49,"M",6.01611111111111,271.95
35,"F",6.37722222222222,271.966666666667
21,"F",6.10111111111111,271.983333333333
71,"M",6.22944444444444,272
58,"M",5.60333333333333,272.016666666667
50,"F",6.24277777777778,272.033333333333
55,"M",6.37722222222222,272.066666666667
30,"M",6.24888888888889,272.066666666667
63,"M",6.24666666666667,272.083333333333
29,"F",6.37777777777778,272.083333333333
29,"F",6.27944444444444,272.1
50,"M",6.07166666666667,272.1
66,"M",6.14666666666667,272.133333333333
33,"M",6.65333333333333,272.133333333333
37,"M",5.92333333333333,272.133333333333
24,"F",6.13333333333333,272.15
36,"F",6.37555555555556,272.15
48,"F",6.20944444444444,272.15
44,"M",6.19388888888889,272.15
23,"F",6.44722222222222,272.166666666667
26,"F",6.38833333333333,272.166666666667
47,"M",6.16111111111111,272.166666666667
30,"M",6.22777777777778,272.183333333333
26,"F",6.25222222222222,272.216666666667
26,"F",6.21777777777778,272.216666666667
27,"F",6.34555555555556,272.233333333333
54,"F",6.40888888888889,272.233333333333
45,"M",5.76333333333333,272.25
53,"M",5.73444444444444,272.266666666667
53,"M",6.085,272.266666666667
44,"F",6.11555555555556,272.266666666667
49,"M",6.44888888888889,272.266666666667
52,"M",6.085,272.266666666667
24,"F",6.21111111111111,272.266666666667
66,"M",5.87611111111111,272.283333333333
20,"F",6.46277777777778,272.3
23,"F",6.43555555555556,272.3
51,"M",6.46222222222222,272.316666666667
34,"M",6.21,272.366666666667
31,"F",6.14111111111111,272.383333333333
40,"F",6.59444444444444,272.433333333333
57,"F",6.28611111111111,272.45
57,"M",6.00388888888889,272.466666666667
33,"F",6.39722222222222,272.483333333333
56,"F",6.05888888888889,272.516666666667
63,"M",6.18388888888889,272.533333333333
51,"F",6.24,272.55
31,"F",6.53722222222222,272.55
35,"M",6.28666666666667,272.566666666667
33,"F",6.42833333333333,272.566666666667
33,"M",6.42722222222222,272.583333333333
31,"F",6.33222222222222,272.583333333333
32,"F",6.18166666666667,272.616666666667
48,"F",6.58888888888889,272.633333333333
58,"M",6.39777777777778,272.633333333333
66,"M",6.16277777777778,272.633333333333
37,"M",6.225,272.633333333333
61,"F",6.52388888888889,272.65
60,"M",5.79,272.65
67,"M",6.20833333333333,272.666666666667
50,"F",5.90611111111111,272.7
54,"M",6.34777777777778,272.7
35,"M",6.35,272.7
31,"M",6.35,272.716666666667
38,"M",6.13277777777778,272.716666666667
71,"F",6.425,272.716666666667
31,"M",6.35055555555556,272.733333333333
58,"F",6.48833333333333,272.75
52,"F",5.92,272.783333333333
27,"F",6.24333333333333,272.8
56,"M",6.115,272.8
37,"F",6.05611111111111,272.816666666667
54,"F",6.05388888888889,272.833333333333
30,"M",6.31166666666667,272.85
45,"F",6.05333333333333,272.866666666667
58,"M",5.91722222222222,272.866666666667
51,"F",6.28611111111111,272.866666666667
57,"F",6.28055555555556,272.933333333333
43,"F",6.26833333333333,272.933333333333
60,"M",6.035,272.95
41,"F",6.175,272.95
54,"F",6.18944444444444,272.966666666667
63,"M",6.23444444444444,272.983333333333
54,"M",6.15333333333333,272.983333333333
20,"M",5.935,273
21,"M",6.17444444444444,273.016666666667
50,"F",6.31222222222222,273.016666666667
69,"F",6.27166666666667,273.016666666667
44,"F",6.60833333333333,273.033333333333
37,"F",6.60833333333333,273.033333333333
48,"F",6.18055555555556,273.05
48,"F",6.26777777777778,273.066666666667
48,"F",6.11166666666667,273.083333333333
70,"M",6.19666666666667,273.1
40,"M",6.41666666666667,273.116666666667
55,"F",6.35222222222222,273.133333333333
32,"F",5.99833333333333,273.15
27,"F",6.65833333333333,273.15
26,"F",6.28722222222222,273.166666666667
49,"F",6.08166666666667,273.183333333333
33,"M",6.29444444444445,273.216666666667
33,"F",6.16222222222222,273.216666666667
57,"M",6.37666666666667,273.216666666667
39,"F",6.29444444444445,273.216666666667
40,"M",6.22444444444444,273.233333333333
48,"F",6.36888888888889,273.233333333333
57,"M",5.98111111111111,273.233333333333
64,"M",6.21166666666667,273.25
36,"F",6,273.25
39,"F",6.34277777777778,273.266666666667
66,"M",6.01777777777778,273.3
21,"F",6.26388888888889,273.316666666667
68,"M",6.30888888888889,273.316666666667
32,"M",6.44944444444444,273.316666666667
37,"F",6.45222222222222,273.333333333333
35,"F",6.45222222222222,273.333333333333
60,"F",6.13722222222222,273.383333333333
34,"F",6.18111111111111,273.4
51,"M",4.98388888888889,273.4
46,"M",6.35555555555556,273.4
71,"M",6.18611111111111,273.433333333333
43,"M",6.2,273.466666666667
43,"M",6.18333333333333,273.466666666667
46,"F",6.25388888888889,273.466666666667
27,"F",6.41,273.483333333333
32,"F",6.395,273.483333333333
30,"F",6,273.516666666667
26,"F",6.47944444444444,273.533333333333
31,"M",6.27333333333333,273.533333333333
60,"F",6.16833333333333,273.55
61,"F",6.42944444444444,273.55
26,"F",6.46388888888889,273.583333333333
40,"M",6.32611111111111,273.6
36,"F",6.36722222222222,273.616666666667
46,"F",6.51166666666667,273.633333333333
37,"F",6.50888888888889,273.633333333333
45,"F",6.05666666666667,273.683333333333
52,"M",6.14888888888889,273.683333333333
66,"M",6.12,273.716666666667
39,"M",6.39888888888889,273.733333333333
41,"F",6.56444444444444,273.75
45,"F",6.34833333333333,273.75
28,"F",6.44722222222222,273.766666666667
55,"M",6.22277777777778,273.783333333333
27,"F",6.06944444444444,273.783333333333
60,"M",6.41388888888889,273.816666666667
69,"M",6.31388888888889,273.833333333333
33,"F",6.23444444444444,273.833333333333
31,"F",6.08722222222222,273.866666666667
52,"M",6.135,273.866666666667
53,"F",6.01,273.883333333333
57,"M",6.25277777777778,273.916666666667
24,"F",6.515,273.916666666667
39,"F",6.39,273.916666666667
29,"F",6.515,273.916666666667
41,"F",5.93777777777778,273.95
27,"F",6.36555555555556,273.95
45,"M",6.36555555555556,273.95
71,"M",5.995,273.966666666667
50,"F",6.19888888888889,274.016666666667
68,"M",6.13444444444444,274.016666666667
27,"M",6.135,274.016666666667
42,"M",5.80166666666667,274.016666666667
60,"M",6.20111111111111,274.016666666667
52,"M",6.15333333333333,274.033333333333
20,"F",6.45333333333333,274.05
42,"M",6.29611111111111,274.083333333333
41,"F",6.32222222222222,274.1
57,"F",6.20888888888889,274.133333333333
46,"M",6.05388888888889,274.133333333333
30,"F",6.20111111111111,274.133333333333
65,"M",6.29,274.15
50,"F",6.29277777777778,274.15
41,"F",6.47277777777778,274.166666666667
43,"M",6.50388888888889,274.166666666667
45,"F",6.55444444444444,274.183333333333
30,"F",6.37888888888889,274.2
39,"F",6.51611111111111,274.216666666667
26,"F",6.05611111111111,274.216666666667
44,"M",5.86555555555556,274.216666666667
56,"M",6.25166666666667,274.233333333333
33,"M",5.93055555555556,274.25
51,"M",6.35166666666667,274.25
21,"F",6.35222222222222,274.266666666667
47,"M",6.20055555555556,274.266666666667
65,"F",6.24722222222222,274.283333333333
39,"M",6.22,274.283333333333
60,"F",6.31333333333333,274.283333333333
24,"F",6.11555555555556,274.3
26,"F",6.315,274.3
60,"F",6.10388888888889,274.3
34,"F",6.56388888888889,274.316666666667
44,"M",6.56722222222222,274.316666666667
30,"F",6.475,274.35
49,"F",5.57,274.366666666667
60,"M",6.06888888888889,274.383333333333
20,"F",6.22944444444444,274.4
47,"F",6.20111111111111,274.4
50,"F",6.28,274.45
18,"F",6.13777777777778,274.466666666667
49,"F",6.28777777777778,274.516666666667
45,"M",5.59444444444444,274.533333333333
29,"M",6.27833333333333,274.55
33,"M",6.27888888888889,274.55
50,"F",6.29611111111111,274.6
60,"M",6.04944444444444,274.65
25,"F",6.28055555555556,274.683333333333
27,"M",6.50777777777778,274.683333333333
40,"M",6.12944444444444,274.7
26,"M",6.50833333333333,274.7
44,"F",6.34166666666667,274.7
26,"M",6.50888888888889,274.7
40,"M",6.25388888888889,274.716666666667
24,"F",6.17666666666667,274.716666666667
42,"M",6.28833333333333,274.733333333333
26,"F",6.48222222222222,274.75
21,"F",6.48222222222222,274.75
45,"M",6.365,274.766666666667
40,"F",6.54777777777778,274.766666666667
58,"F",6.21444444444444,274.783333333333
33,"F",6.40944444444444,274.8
30,"F",6.46,274.816666666667
32,"M",6.17833333333333,274.833333333333
51,"F",6.03055555555556,274.833333333333
61,"F",6.17055555555556,274.85
28,"M",6.50777777777778,274.85
26,"F",6.50722222222222,274.85
40,"F",6.12944444444444,274.866666666667
62,"F",6.31777777777778,274.883333333333
33,"F",6.41777777777778,274.883333333333
47,"F",6.20888888888889,274.883333333333
71,"M",6.48888888888889,274.883333333333
43,"M",6.46,274.9
45,"F",5.94722222222222,274.933333333333
45,"M",6.19444444444444,274.933333333333
50,"F",5.94111111111111,274.95
46,"F",6.67333333333333,274.966666666667
73,"M",6.32611111111111,274.966666666667
45,"F",6.475,274.983333333333
55,"F",5.95555555555555,275.016666666667
26,"M",6.11555555555556,275.016666666667
38,"M",6.045,275.016666666667
39,"M",6.08833333333333,275.033333333333
46,"F",6.08611111111111,275.033333333333
44,"M",6.46388888888889,275.033333333333
65,"F",6.38,275.033333333333
27,"F",6.52333333333333,275.05
54,"F",6.20222222222222,275.05
27,"F",6.21611111111111,275.066666666667
55,"M",6.23722222222222,275.066666666667
43,"M",6.03111111111111,275.083333333333
21,"F",6.37722222222222,275.083333333333
56,"M",6.36222222222222,275.1
22,"F",6.37777777777778,275.1
57,"M",6.34888888888889,275.1
30,"F",6.465,275.1
59,"F",6.06111111111111,275.116666666667
40,"M",6.29666666666667,275.116666666667
70,"M",6.35722222222222,275.116666666667
39,"F",6.465,275.116666666667
66,"M",6.37,275.116666666667
55,"F",6.42777777777778,275.133333333333
48,"M",6.44833333333333,275.15
32,"F",6.13,275.183333333333
35,"M",5.91888888888889,275.183333333333
51,"F",6.14277777777778,275.183333333333
38,"M",6.385,275.2
22,"F",6.40555555555556,275.216666666667
48,"M",6.36222222222222,275.216666666667
30,"F",6.30777777777778,275.216666666667
68,"M",6.445,275.233333333333
51,"F",6.445,275.233333333333
55,"F",6.50333333333333,275.25
22,"F",6.38277777777778,275.25
52,"F",6.38277777777778,275.25
74,"F",6.39277777777778,275.266666666667
30,"F",6.49666666666667,275.283333333333
67,"M",6.56055555555556,275.333333333333
60,"M",6.37,275.333333333333
63,"F",6.365,275.366666666667
60,"F",6.33611111111111,275.4
55,"M",5.75888888888889,275.416666666667
60,"M",5.71333333333333,275.416666666667
27,"F",6.24,275.416666666667
60,"M",5.60777777777778,275.433333333333
33,"F",6.39944444444444,275.433333333333
41,"F",6.38777777777778,275.433333333333
71,"M",6.30055555555556,275.45
55,"M",5.87166666666667,275.45
21,"F",6.355,275.45
21,"F",6.355,275.466666666667
44,"M",6.18555555555556,275.466666666667
61,"F",6.23444444444444,275.483333333333
54,"M",6.23666666666667,275.5
59,"F",6.55055555555556,275.516666666667
34,"M",6.34277777777778,275.516666666667
21,"M",6.37222222222222,275.533333333333
24,"F",6.285,275.533333333333
25,"F",6.20277777777778,275.533333333333
45,"M",6.38833333333333,275.533333333333
61,"M",5.80277777777778,275.55
55,"M",6.03666666666667,275.566666666667
73,"M",6.10555555555556,275.566666666667
31,"F",6.34722222222222,275.616666666667
28,"F",6.30888888888889,275.616666666667
42,"F",6.49833333333333,275.666666666667
56,"F",6.21722222222222,275.666666666667
42,"F",6.42833333333333,275.683333333333
30,"M",6.405,275.683333333333
45,"M",5.55166666666667,275.7
50,"M",6.37333333333333,275.7
65,"F",6.45166666666667,275.733333333333
46,"F",6.29222222222222,275.75
28,"F",6.38944444444444,275.75
57,"F",6.25555555555556,275.75
56,"M",5.77166666666667,275.766666666667
65,"F",6.34222222222222,275.783333333333
60,"M",6.46166666666667,275.783333333333
63,"F",6.31944444444444,275.783333333333
42,"F",6.43388888888889,275.783333333333
34,"M",6.09166666666667,275.8
46,"F",6.34666666666667,275.8
18,"M",6.65111111111111,275.8
52,"M",6.32555555555556,275.833333333333
46,"F",6.37277777777778,275.85
64,"F",6.00555555555556,275.85
69,"M",6.18,275.866666666667
48,"F",6.29055555555556,275.866666666667
59,"F",6.32333333333333,275.9
26,"F",6.305,275.916666666667
42,"F",6.26555555555556,275.916666666667
48,"F",6.32277777777778,275.916666666667
39,"F",6.35666666666667,275.916666666667
32,"F",6.52777777777778,275.933333333333
27,"F",6.49555555555556,275.933333333333
28,"F",6.49611111111111,275.933333333333
52,"F",6.23111111111111,275.95
37,"F",6.10444444444444,275.95
53,"M",6.20722222222222,275.95
60,"M",5.74277777777778,275.95
42,"F",6.10444444444444,275.966666666667
51,"F",6.16888888888889,275.966666666667
27,"F",6.52777777777778,275.966666666667
43,"F",6.30166666666667,275.966666666667
26,"M",6.13166666666667,275.966666666667
33,"F",6.37111111111111,276
25,"F",6.33888888888889,276
54,"F",6.02111111111111,276.033333333333
54,"M",5.02944444444444,276.033333333333
43,"F",6.30555555555556,276.05
70,"F",6.44944444444444,276.05
24,"F",6.51055555555556,276.066666666667
51,"M",6.38555555555556,276.083333333333
33,"M",6.60277777777778,276.083333333333
45,"F",6.44888888888889,276.1
60,"M",6.21611111111111,276.1
43,"M",6.44888888888889,276.1
61,"M",6.20666666666667,276.1
30,"F",6.29444444444445,276.1
39,"M",6.40888888888889,276.1
66,"M",6.20666666666667,276.1
26,"F",6.59722222222222,276.116666666667
40,"F",6.47055555555556,276.133333333333
70,"M",6.34277777777778,276.133333333333
33,"M",6.035,276.133333333333
30,"M",6.59777777777778,276.15
25,"F",6.24,276.15
38,"F",6.35222222222222,276.166666666667
39,"M",6.27,276.166666666667
37,"M",6.43833333333333,276.183333333333
37,"M",6.43888888888889,276.183333333333
45,"M",6.17111111111111,276.2
43,"M",6.04166666666667,276.266666666667
24,"F",6.48166666666667,276.333333333333
24,"F",6.02277777777778,276.333333333333
61,"F",6.52833333333333,276.35
60,"M",6.30222222222222,276.433333333333
28,"F",6.34777777777778,276.466666666667
30,"M",5.86222222222222,276.466666666667
59,"F",6.61888888888889,276.5
39,"M",6.38055555555556,276.533333333333
32,"F",5.66944444444445,276.533333333333
51,"F",6.24722222222222,276.533333333333
40,"M",6.47333333333333,276.55
54,"F",6.33166666666667,276.566666666667
65,"F",6.26555555555556,276.566666666667
68,"F",6.34555555555556,276.583333333333
45,"M",6.17388888888889,276.633333333333
45,"F",6.46833333333333,276.633333333333
45,"F",6.46833333333333,276.633333333333
38,"M",6.44,276.65
52,"M",6.275,276.65
33,"F",6.52888888888889,276.666666666667
74,"M",6.68388888888889,276.666666666667
66,"M",6.22722222222222,276.666666666667
42,"M",6.40555555555556,276.683333333333
39,"M",6.53277777777778,276.7
56,"F",6.60611111111111,276.7
43,"F",6.23166666666667,276.716666666667
65,"M",6.365,276.75
56,"M",6.65611111111111,276.766666666667
40,"M",6.24444444444444,276.8
69,"M",6.34777777777778,276.816666666667
66,"F",6.32833333333333,276.816666666667
43,"F",6.65111111111111,276.85
65,"M",6.57888888888889,276.85
54,"M",6.04611111111111,276.866666666667
38,"M",6.61388888888889,276.866666666667
54,"M",6.21444444444444,276.9
45,"F",6.59944444444444,276.9
53,"F",6.37222222222222,276.9
31,"M",6.59944444444444,276.9
59,"M",5.69555555555556,276.916666666667
48,"F",6.53222222222222,276.933333333333
50,"F",5.87,276.933333333333
40,"M",6.30777777777778,276.933333333333
68,"M",6.37333333333333,276.95
52,"M",6.315,276.983333333333
50,"F",6.33611111111111,276.983333333333
25,"M",6.41944444444445,277.016666666667
34,"M",6.51666666666667,277.016666666667
54,"M",6.54388888888889,277.033333333333
62,"M",6.41222222222222,277.033333333333
57,"F",6.365,277.05
52,"F",6.10333333333333,277.05
39,"F",6.435,277.066666666667
35,"F",6.13888888888889,277.1
43,"F",6.30888888888889,277.1
42,"F",5.65444444444444,277.1
43,"M",6.51166666666667,277.15
56,"F",6.45666666666667,277.166666666667
52,"M",6.47444444444444,277.183333333333
50,"M",6.395,277.216666666667
60,"F",6.39222222222222,277.216666666667
29,"F",6.45777777777778,277.216666666667
28,"M",6.28166666666667,277.233333333333
25,"F",6.43166666666667,277.233333333333
58,"F",6.27111111111111,277.266666666667
26,"F",6.31111111111111,277.266666666667
28,"F",6.56388888888889,277.283333333333
74,"M",6.305,277.3
63,"F",6.365,277.316666666667
62,"M",6.12388888888889,277.316666666667
44,"M",5.64888888888889,277.316666666667
42,"M",6.30666666666667,277.366666666667
51,"F",6.57611111111111,277.383333333333
60,"F",6.30222222222222,277.383333333333
25,"M",6.35833333333333,277.383333333333
58,"F",6.57611111111111,277.383333333333
52,"F",6.04444444444445,277.383333333333
26,"M",6.31888888888889,277.383333333333
46,"F",6.02166666666667,277.416666666667
54,"F",5.98333333333333,277.416666666667
46,"M",6.065,277.416666666667
65,"M",6.23277777777778,277.433333333333
33,"F",6.47555555555556,277.45
45,"F",6.58166666666667,277.45
35,"M",6.58166666666667,277.466666666667
44,"F",6.26944444444444,277.5
32,"M",5.99111111111111,277.5
49,"M",6.35222222222222,277.583333333333
41,"F",6.06444444444444,277.6
35,"F",6.51666666666667,277.6
49,"M",6.12666666666667,277.6
61,"M",6.32277777777778,277.633333333333
50,"M",6.50722222222222,277.633333333333
60,"F",6.37777777777778,277.65
40,"M",6.50722222222222,277.65
51,"M",6.36444444444444,277.65
47,"M",5.96166666666667,277.65
32,"M",6.05944444444444,277.65
27,"F",6.31333333333333,277.666666666667
26,"M",6.18444444444444,277.683333333333
55,"F",6.205,277.683333333333
45,"F",6.11666666666667,277.7
46,"M",6.11111111111111,277.7
31,"F",6.29944444444444,277.7
22,"F",6.44222222222222,277.716666666667
27,"M",6.59777777777778,277.733333333333
30,"F",6.20777777777778,277.733333333333
60,"M",5.91888888888889,277.733333333333
42,"M",6.28,277.75
45,"F",6.08555555555556,277.75
35,"F",6.52444444444444,277.783333333333
40,"M",6.42833333333333,277.8
34,"F",6.53277777777778,277.8
27,"F",6.40944444444444,277.833333333333
38,"F",6.52166666666667,277.85
31,"M",6.84277777777778,277.866666666667
36,"M",6.80444444444444,277.866666666667
48,"F",6.33777777777778,277.883333333333
32,"F",6.69722222222222,277.9
58,"F",6.43722222222222,277.9
54,"F",6.35388888888889,277.916666666667
32,"M",6.49888888888889,277.933333333333
25,"F",6.51111111111111,277.95
26,"F",6.57611111111111,277.966666666667
47,"M",4.61333333333333,278
41,"M",6.04555555555556,278.033333333333
43,"M",6.37,278.033333333333
49,"M",6.02722222222222,278.05
32,"M",6.47333333333333,278.083333333333
51,"F",6.55388888888889,278.083333333333
40,"M",6.58611111111111,278.116666666667
31,"M",6.07666666666667,278.15
25,"F",6.50722222222222,278.166666666667
45,"F",6.48888888888889,278.166666666667
40,"F",6.40388888888889,278.166666666667
66,"M",5.85444444444444,278.166666666667
70,"M",6,278.183333333333
23,"F",6.68,278.183333333333
24,"F",6.70277777777778,278.183333333333
45,"F",6.49,278.2
54,"M",5.80388888888889,278.216666666667
43,"F",6.41777777777778,278.233333333333
51,"F",6.35555555555556,278.233333333333
25,"F",6.55888888888889,278.266666666667
23,"F",6.325,278.266666666667
57,"M",6.55888888888889,278.266666666667
47,"F",6.09833333333333,278.266666666667
36,"F",6.36333333333333,278.3
60,"F",6.21666666666667,278.3
46,"F",6.10444444444444,278.316666666667
36,"M",6.375,278.333333333333
57,"M",6.50111111111111,278.366666666667
49,"M",6.29277777777778,278.366666666667
50,"M",6.49166666666667,278.366666666667
32,"F",6.395,278.383333333333
41,"M",6.42277777777778,278.4
66,"M",6.57333333333333,278.4
29,"M",6.04666666666667,278.4
39,"F",6.45333333333333,278.433333333333
23,"F",6.52888888888889,278.45
42,"F",6.61111111111111,278.45
60,"F",6.355,278.45
61,"F",6.49555555555556,278.466666666667
36,"F",6.35277777777778,278.466666666667
22,"F",6.255,278.483333333333
50,"F",6.50222222222222,278.483333333333
50,"F",6.50222222222222,278.483333333333
25,"F",5.18,278.483333333333
38,"F",6.49833333333333,278.533333333333
24,"F",6.38,278.55
57,"F",6.33,278.55
58,"F",6.36611111111111,278.566666666667
21,"F",6.47055555555556,278.566666666667
58,"M",6.19444444444444,278.583333333333
36,"F",6.40722222222222,278.6
41,"F",6.32388888888889,278.6
41,"M",5.66888888888889,278.6
36,"F",6.54166666666667,278.616666666667
71,"M",6.25166666666667,278.633333333333
49,"F",6.41,278.633333333333
46,"F",6.39888888888889,278.633333333333
65,"F",6.41222222222222,278.65
50,"F",6.6,278.65
42,"F",6.65722222222222,278.65
49,"F",6.67166666666667,278.666666666667
24,"F",6.44777777777778,278.716666666667
30,"M",6.38277777777778,278.716666666667
44,"M",6.34944444444444,278.733333333333
35,"F",6.06277777777778,278.733333333333
37,"M",6.34444444444444,278.733333333333
49,"F",6.65777777777778,278.733333333333
25,"F",6.47388888888889,278.75
22,"F",6.36333333333333,278.766666666667
42,"F",6.57222222222222,278.766666666667
62,"F",6.48555555555556,278.766666666667
62,"M",6.54611111111111,278.766666666667
40,"F",6.34944444444444,278.783333333333
36,"F",6.35,278.783333333333
41,"F",6.35,278.783333333333
49,"M",6.37777777777778,278.8
37,"M",6.24777777777778,278.816666666667
66,"F",6.44611111111111,278.85
32,"F",6.46,278.9
45,"F",6.20666666666667,278.9
46,"M",6.35555555555556,278.9
76,"M",6.35277777777778,278.933333333333
26,"F",6.45611111111111,278.933333333333
51,"F",6.48166666666667,278.933333333333
23,"F",6.48166666666667,278.933333333333
56,"M",6.20777777777778,278.933333333333
70,"M",6.61611111111111,278.933333333333
24,"M",6.56777777777778,278.95
50,"F",6.51833333333333,278.95
31,"M",6.50666666666667,278.966666666667
33,"F",6.22111111111111,278.966666666667
40,"F",6.53,278.983333333333
62,"M",6.37611111111111,278.983333333333
30,"F",6.43833333333333,278.983333333333
26,"F",6.38777777777778,279
46,"F",6.26666666666667,279
39,"F",6.39444444444444,279.066666666667
54,"M",6.58555555555556,279.083333333333
58,"M",6.47,279.083333333333
65,"F",6.50277777777778,279.083333333333
67,"M",6.365,279.1
46,"F",6.39,279.1
29,"M",6.33944444444444,279.116666666667
50,"M",6.39,279.116666666667
49,"M",6.27444444444444,279.116666666667
31,"M",6.47166666666667,279.133333333333
60,"F",6.49,279.15
48,"F",6.235,279.183333333333
50,"M",6.57333333333333,279.183333333333
44,"F",6.565,279.183333333333
66,"M",6.38444444444444,279.2
29,"F",6.71166666666667,279.216666666667
38,"M",6.31722222222222,279.216666666667
60,"F",6.34055555555556,279.25
39,"F",6.26222222222222,279.25
26,"M",6.23611111111111,279.266666666667
45,"F",6.06611111111111,279.283333333333
45,"M",6.39666666666667,279.283333333333
38,"M",6.39666666666667,279.283333333333
42,"M",6.39944444444444,279.3
37,"F",6.42555555555556,279.3
33,"M",6.65333333333333,279.316666666667
67,"M",6.51388888888889,279.366666666667
41,"M",6.20722222222222,279.383333333333
71,"M",6.25833333333333,279.416666666667
25,"F",6.70111111111111,279.433333333333
43,"M",6.13222222222222,279.45
30,"M",5.7,279.466666666667
42,"F",6.10166666666667,279.466666666667
47,"F",6.52222222222222,279.5
53,"M",6.48722222222222,279.5
45,"M",6.22333333333333,279.533333333333
60,"F",6.64222222222222,279.533333333333
25,"F",6.27611111111111,279.55
38,"F",6.42111111111111,279.55
54,"F",6.26333333333333,279.55
49,"M",6.21722222222222,279.566666666667
60,"F",6.51055555555556,279.566666666667
33,"F",6.51888888888889,279.583333333333
69,"M",6.46777777777778,279.616666666667
45,"M",6.57111111111111,279.616666666667
20,"F",6.58166666666667,279.633333333333
47,"M",6.36277777777778,279.65
59,"F",6.375,279.65
49,"M",6.71277777777778,279.666666666667
44,"M",6.60833333333333,279.683333333333
48,"F",6.45166666666667,279.75
71,"M",6.29333333333333,279.766666666667
39,"M",6.12333333333333,279.766666666667
66,"M",5.87777777777778,279.766666666667
60,"F",6.10444444444444,279.783333333333
33,"M",6.36944444444444,279.783333333333
24,"M",6.37444444444444,279.8
22,"F",6.73611111111111,279.816666666667
28,"M",6.41333333333333,279.816666666667
44,"F",6.47666666666667,279.816666666667
41,"M",6.485,279.833333333333
66,"M",6.53277777777778,279.833333333333
25,"F",6.46555555555556,279.833333333333
66,"M",6.80388888888889,279.85
43,"M",5.67888888888889,279.883333333333
58,"F",6.35333333333333,279.883333333333
60,"M",6.16611111111111,279.883333333333
39,"F",6.38944444444444,279.9
36,"F",6.40111111111111,279.916666666667
44,"F",6.845,279.95
48,"M",6.52222222222222,279.95
27,"F",6.77944444444444,279.95
47,"M",6.185,280
41,"F",6.40388888888889,280.016666666667
52,"M",6.23111111111111,280.016666666667
46,"F",6.34888888888889,280.016666666667
60,"F",6.34,280.016666666667
31,"F",6.62722222222222,280.016666666667
62,"F",6.34,280.033333333333
45,"M",4.13611111111111,280.083333333333
54,"M",6.47055555555556,280.1
41,"F",6.19277777777778,280.116666666667
47,"F",6.47333333333333,280.116666666667
43,"F",6.30277777777778,280.133333333333
54,"M",6.28277777777778,280.133333333333
48,"F",6.38888888888889,280.15
47,"M",6.30111111111111,280.166666666667
67,"F",6.41833333333333,280.166666666667
63,"F",6.16666666666667,280.183333333333
18,"M",6.30166666666667,280.183333333333
29,"F",6.65388888888889,280.183333333333
75,"M",6.65722222222222,280.183333333333
68,"M",6.61055555555556,280.2
48,"F",6.19111111111111,280.2
57,"M",6.38666666666667,280.2
41,"F",6.61055555555556,280.2
63,"M",6.42333333333333,280.216666666667
60,"M",6.21888888888889,280.233333333333
57,"M",6.16,280.233333333333
27,"F",6.06166666666667,280.25
73,"F",6.65222222222222,280.266666666667
51,"F",6.36,280.266666666667
65,"M",6.18777777777778,280.283333333333
56,"M",6.37222222222222,280.316666666667
66,"M",6.33444444444444,280.333333333333
57,"M",6.32277777777778,280.333333333333
41,"F",6.66555555555556,280.333333333333
49,"F",6.49111111111111,280.35
30,"F",6.47888888888889,280.383333333333
61,"M",6.47888888888889,280.383333333333
52,"M",6.14555555555556,280.4
57,"M",6.14555555555556,280.4
37,"F",6.52166666666667,280.416666666667
45,"F",6.21944444444444,280.45
36,"F",6.605,280.45
37,"M",6.61388888888889,280.483333333333
58,"M",6.47166666666667,280.5
43,"M",6.41111111111111,280.5
47,"F",6.48111111111111,280.516666666667
40,"M",6.36777777777778,280.516666666667
41,"M",6.19666666666667,280.533333333333
26,"F",6.695,280.533333333333
21,"F",6.56444444444444,280.55
22,"F",6.56444444444444,280.55
29,"F",6.705,280.566666666667
23,"F",6.52944444444444,280.6
42,"F",6.53722222222222,280.6
21,"F",6.64277777777778,280.6
48,"M",6.53833333333333,280.616666666667
41,"M",6.58111111111111,280.616666666667
41,"F",6.33666666666667,280.633333333333
60,"M",6.27722222222222,280.633333333333
37,"F",6.12388888888889,280.633333333333
59,"M",6.52555555555556,280.633333333333
24,"F",6.51833333333333,280.65
27,"F",6.54222222222222,280.716666666667
62,"M",6.74555555555556,280.733333333333
36,"F",6.59944444444444,280.8
53,"M",6.04722222222222,280.816666666667
32,"M",6.55944444444444,280.833333333333
27,"F",6.43722222222222,280.833333333333
29,"F",6.63388888888889,280.916666666667
75,"M",6.38833333333333,280.916666666667
41,"M",6.62055555555556,280.95
36,"F",6.62055555555556,280.95
52,"F",6.48444444444444,280.966666666667
45,"M",6.60666666666667,280.983333333333
64,"M",6.66111111111111,280.983333333333
29,"F",6.49277777777778,280.983333333333
48,"M",6.17055555555556,281
21,"F",6.73611111111111,281.016666666667
46,"F",6.06444444444444,281.066666666667
32,"F",6.45,281.066666666667
37,"F",6.60722222222222,281.083333333333
36,"M",6.46277777777778,281.1
49,"M",6.62611111111111,281.1
42,"M",6.65722222222222,281.166666666667
30,"M",6.40111111111111,281.166666666667
33,"M",6.40166666666667,281.183333333333
79,"M",6.41722222222222,281.25
33,"F",6.62444444444444,281.25
53,"M",6.84277777777778,281.25
49,"F",6.50444444444444,281.3
65,"M",6.49944444444444,281.316666666667
38,"M",6.16388888888889,281.316666666667
23,"M",6.56055555555556,281.333333333333
22,"F",6.44222222222222,281.333333333333
22,"F",6.44222222222222,281.333333333333
38,"F",6.65722222222222,281.4
26,"F",6.64111111111111,281.4
59,"F",6.56611111111111,281.416666666667
51,"F",6.59555555555556,281.416666666667
55,"M",6.13388888888889,281.433333333333
45,"M",6.71,281.433333333333
42,"M",6.51888888888889,281.433333333333
36,"F",6.49333333333333,281.433333333333
68,"M",6.49777777777778,281.433333333333
34,"F",6.49388888888889,281.433333333333
47,"M",6.62833333333333,281.45
54,"F",6.56055555555556,281.466666666667
35,"F",6.59055555555556,281.5
47,"M",6.33166666666667,281.516666666667
47,"M",6.62888888888889,281.583333333333
27,"F",6.26166666666667,281.6
46,"F",6.62833333333333,281.6
25,"M",6.26277777777778,281.616666666667
45,"F",6.28333333333333,281.616666666667
59,"M",6.44277777777778,281.633333333333
61,"M",6.10222222222222,281.633333333333
55,"M",6.67333333333333,281.65
41,"F",6.46444444444444,281.666666666667
48,"F",6.44944444444444,281.683333333333
64,"F",6.76111111111111,281.683333333333
63,"F",6.41888888888889,281.716666666667
30,"F",6.48833333333333,281.733333333333
50,"M",6.59722222222222,281.75
65,"F",6.62277777777778,281.766666666667
28,"M",6.55833333333333,281.783333333333
26,"F",6.84388888888889,281.8
30,"M",6.74777777777778,281.833333333333
42,"F",6.14333333333333,281.85
25,"M",6.56833333333333,281.85
39,"M",6.55666666666667,281.85
27,"F",6.55722222222222,281.866666666667
50,"F",5.98666666666667,281.9
31,"F",6.63444444444444,281.9
20,"M",6.50444444444444,281.916666666667
56,"M",5.76388888888889,281.95
67,"M",6.39722222222222,281.95
55,"F",6.42222222222222,281.966666666667
50,"M",6.26833333333333,281.983333333333
48,"M",6.33611111111111,282.066666666667
46,"F",6.22666666666667,282.083333333333
32,"F",6.64722222222222,282.1
39,"F",6.14,282.1
52,"F",6.35888888888889,282.1
36,"F",6.395,282.116666666667
55,"F",6.385,282.116666666667
42,"M",6.45944444444444,282.116666666667
45,"F",6.47111111111111,282.15
21,"M",6.06444444444444,282.15
28,"F",6.48388888888889,282.2
55,"F",6.44833333333333,282.2
18,"F",6.73444444444444,282.216666666667
35,"M",6.39777777777778,282.216666666667
60,"M",6.31611111111111,282.233333333333
36,"F",6.53055555555556,282.266666666667
44,"M",6.26111111111111,282.266666666667
40,"F",6.53055555555556,282.283333333333
41,"F",6.62555555555556,282.283333333333
67,"F",6.57555555555556,282.283333333333
28,"F",6.49666666666667,282.316666666667
53,"F",6.52666666666667,282.333333333333
60,"F",6.52666666666667,282.333333333333
43,"F",6.69555555555556,282.35
59,"M",6.42944444444444,282.4
24,"F",6.62444444444444,282.4
52,"F",5.95944444444444,282.416666666667
53,"F",5.95944444444444,282.416666666667
48,"M",6.42944444444444,282.433333333333
38,"M",6.42833333333333,282.45
31,"F",6.58055555555555,282.5
33,"M",6.32,282.516666666667
61,"M",6.10611111111111,282.566666666667
27,"F",6.82111111111111,282.566666666667
62,"M",6.30055555555556,282.583333333333
36,"M",6.49611111111111,282.6
34,"M",6.46277777777778,282.6
44,"F",6.795,282.6
46,"F",6.50833333333333,282.616666666667
27,"M",6.25055555555556,282.633333333333
43,"F",6.50833333333333,282.666666666667
34,"F",6.64444444444444,282.683333333333
39,"F",6.48722222222222,282.7
60,"F",6.59444444444444,282.716666666667
36,"M",6.27444444444444,282.716666666667
56,"F",6.44166666666667,282.733333333333
35,"F",6.34777777777778,282.733333333333
73,"M",6.44388888888889,282.75
56,"M",6.74611111111111,282.75
64,"F",6.58888888888889,282.75
47,"M",6.31333333333333,282.8
39,"F",6.68333333333333,282.8
43,"F",6.64833333333333,282.866666666667
69,"M",6.60944444444444,282.883333333333
55,"M",6.27888888888889,282.883333333333
35,"F",6.59166666666667,282.9
24,"M",6.11833333333333,282.933333333333
35,"M",6.41222222222222,282.933333333333
31,"F",6.45555555555555,282.966666666667
72,"M",5.95444444444444,282.983333333333
31,"M",6.7,282.983333333333
31,"M",6.04944444444444,282.983333333333
43,"F",6.44,282.983333333333
40,"F",6.60666666666667,283
49,"F",6.72777777777778,283
24,"F",6.47333333333333,283
50,"M",6.72777777777778,283
44,"F",6.38888888888889,283.033333333333
34,"M",6.30722222222222,283.033333333333
25,"F",6.45277777777778,283.05
60,"M",5.89888888888889,283.15
53,"M",6.41111111111111,283.15
58,"F",6.49388888888889,283.166666666667
27,"F",6.40222222222222,283.2
68,"M",6.29333333333333,283.233333333333
41,"F",6.68388888888889,283.25
58,"M",5.855,283.266666666667
42,"F",6.57611111111111,283.266666666667
51,"M",6.67,283.3
22,"M",6.35888888888889,283.316666666667
40,"F",6.38944444444444,283.333333333333
62,"M",6.44944444444444,283.333333333333
66,"M",6.44944444444444,283.333333333333
38,"F",6.45722222222222,283.333333333333
61,"F",6.53666666666667,283.333333333333
31,"M",6.35666666666667,283.366666666667
37,"M",6.37111111111111,283.383333333333
62,"F",6.36833333333333,283.383333333333
45,"F",6.17333333333333,283.383333333333
38,"F",6.60444444444444,283.4
59,"F",6.17277777777778,283.416666666667
29,"M",6.39388888888889,283.416666666667
28,"F",6.75611111111111,283.433333333333
39,"F",6.51277777777778,283.45
37,"F",6.44611111111111,283.45
55,"M",6.51277777777778,283.466666666667
37,"F",6.53,283.466666666667
36,"F",6.73888888888889,283.466666666667
41,"F",6.73888888888889,283.466666666667
22,"M",6.40111111111111,283.483333333333
38,"M",6.70111111111111,283.5
34,"F",6.74388888888889,283.5
50,"F",6.61111111111111,283.516666666667
52,"F",6.33055555555555,283.566666666667
69,"M",6.39555555555556,283.566666666667
38,"F",6.46888888888889,283.566666666667
64,"M",6.30055555555556,283.6
30,"F",6.57444444444444,283.633333333333
44,"M",6.51944444444444,283.683333333333
50,"F",6.66388888888889,283.683333333333
33,"F",6.50777777777778,283.733333333333
51,"M",6.37777777777778,283.783333333333
68,"M",6.42444444444444,283.8
58,"M",6.00833333333333,283.816666666667
54,"M",6.68666666666667,283.833333333333
31,"M",6.56277777777778,283.833333333333
35,"F",6.47388888888889,283.85
57,"F",6.61777777777778,283.883333333333
57,"F",6.47944444444444,283.883333333333
40,"M",6.30888888888889,283.883333333333
36,"M",6.34277777777778,283.9
55,"M",6.10111111111111,283.916666666667
58,"M",6.75333333333333,283.95
34,"F",6.62611111111111,283.95
59,"M",6.74444444444444,283.983333333333
60,"M",6.40444444444444,284.016666666667
44,"F",6.66111111111111,284.033333333333
36,"F",6.31444444444444,284.033333333333
39,"F",6.29555555555556,284.05
20,"F",6.45333333333333,284.066666666667
73,"M",5.92722222222222,284.083333333333
47,"F",6.56,284.116666666667
43,"F",6.30722222222222,284.116666666667
46,"F",6.56,284.133333333333
25,"M",6.52722222222222,284.166666666667
49,"M",6.36944444444444,284.183333333333
23,"F",6.59444444444444,284.2
44,"F",6.78,284.216666666667
65,"M",5.63777777777778,284.216666666667
31,"M",6.415,284.25
31,"M",6.41555555555556,284.25
47,"F",6.23055555555556,284.283333333333
29,"M",6.13,284.283333333333
57,"F",6.62,284.3
30,"F",6.58722222222222,284.333333333333
27,"F",6.75888888888889,284.333333333333
60,"F",6.24111111111111,284.35
43,"F",6.545,284.366666666667
40,"M",6.63333333333333,284.366666666667
27,"F",6.685,284.366666666667
33,"M",6.31,284.366666666667
59,"F",6.55888888888889,284.383333333333
75,"M",6.355,284.383333333333
58,"M",6.03666666666667,284.4
52,"M",6.49666666666667,284.433333333333
31,"F",6.44444444444444,284.483333333333
40,"F",6.75944444444444,284.483333333333
42,"F",6.56111111111111,284.516666666667
26,"M",6.61,284.516666666667
39,"F",6.43166666666667,284.566666666667
56,"M",6.31833333333333,284.566666666667
42,"F",6.51388888888889,284.566666666667
55,"M",6.23388888888889,284.583333333333
28,"F",6.56944444444444,284.583333333333
30,"M",6.35666666666667,284.6
59,"F",6.63722222222222,284.616666666667
52,"F",6.11944444444444,284.616666666667
49,"M",6.55277777777778,284.683333333333
53,"F",6.47833333333333,284.716666666667
53,"M",6.38444444444444,284.733333333333
46,"F",6.62944444444444,284.75
41,"F",6.47722222222222,284.75
27,"F",6.71722222222222,284.783333333333
40,"M",6.30055555555556,284.8
63,"M",6.16722222222222,284.8
59,"F",6.41666666666667,284.816666666667
39,"F",6.58,284.833333333333
26,"M",6.69611111111111,284.833333333333
44,"F",6.70833333333333,284.85
45,"M",6.63611111111111,284.85
31,"M",6.55555555555556,284.85
24,"F",6.79,284.85
36,"F",6.57888888888889,284.866666666667
31,"M",6.54611111111111,284.9
24,"F",6.58777777777778,284.95
50,"F",6.37222222222222,284.966666666667
53,"M",6.53833333333333,284.983333333333
50,"M",6.71388888888889,284.983333333333
70,"M",6.67222222222222,285
32,"M",6.48944444444444,285.016666666667
65,"F",6.55833333333333,285.016666666667
74,"M",6.66666666666667,285.016666666667
43,"F",6.62833333333333,285.016666666667
61,"M",6.63722222222222,285.033333333333
57,"M",6.64,285.033333333333
55,"F",6.45666666666667,285.033333333333
65,"M",6.40388888888889,285.05
27,"F",6.46055555555556,285.05
46,"F",6.60166666666667,285.066666666667
52,"F",6.60555555555556,285.083333333333
43,"F",6.495,285.1
56,"F",6.16611111111111,285.1
51,"F",6.44,285.1
60,"M",6.70444444444444,285.116666666667
46,"M",6.645,285.116666666667
57,"F",6.74277777777778,285.15
36,"M",6.33611111111111,285.15
46,"F",6.72444444444444,285.166666666667
71,"M",6.42722222222222,285.166666666667
63,"F",6.68555555555556,285.183333333333
31,"M",6.56666666666667,285.183333333333
28,"F",6.56666666666667,285.183333333333
65,"F",6.815,285.2
47,"F",6.815,285.2
48,"F",6.51944444444444,285.2
62,"M",6.44388888888889,285.216666666667
54,"M",6.54666666666667,285.216666666667
31,"F",6.70944444444444,285.25
63,"M",6.26222222222222,285.283333333333
45,"M",6.51055555555556,285.3
46,"F",6.51055555555556,285.316666666667
25,"M",6.17833333333333,285.333333333333
22,"F",6.66222222222222,285.333333333333
43,"F",6.79222222222222,285.333333333333
54,"M",6.19166666666667,285.366666666667
48,"F",6.51833333333333,285.383333333333
46,"F",6.51833333333333,285.383333333333
40,"F",6.19166666666667,285.383333333333
36,"M",6.74555555555556,285.45
55,"M",6.48055555555556,285.466666666667
50,"F",6.61111111111111,285.483333333333
45,"F",6.53222222222222,285.483333333333
50,"M",5.97,285.5
22,"M",4.22388888888889,285.55
27,"M",6.44722222222222,285.566666666667
40,"M",6.86388888888889,285.566666666667
56,"F",6.42166666666667,285.566666666667
35,"F",6.52222222222222,285.566666666667
58,"M",6.49,285.566666666667
56,"M",6.55388888888889,285.583333333333
57,"F",6.535,285.583333333333
31,"F",6.68388888888889,285.616666666667
34,"F",6.48944444444444,285.633333333333
49,"F",6.71944444444444,285.65
25,"F",6.70611111111111,285.716666666667
48,"M",6.39333333333333,285.716666666667
37,"M",6.83555555555556,285.733333333333
29,"F",6.72111111111111,285.733333333333
53,"M",6.09166666666667,285.766666666667
34,"M",6.68555555555556,285.783333333333
45,"F",6.75611111111111,285.8
50,"M",6.32277777777778,285.816666666667
53,"M",6.63722222222222,285.816666666667
49,"F",6.64,285.816666666667
27,"F",6.72055555555556,285.85
42,"F",6.78222222222222,285.85
71,"F",6.48833333333333,285.883333333333
43,"M",6.45222222222222,285.9
48,"M",6.55611111111111,285.933333333333
48,"M",6.57833333333333,285.933333333333
58,"M",6.53888888888889,285.95
47,"F",6.905,285.95
44,"M",6.68222222222222,285.95
50,"F",6.545,285.966666666667
41,"F",6.57055555555556,285.966666666667
39,"F",6.41,285.983333333333
41,"M",6.36166666666667,286
52,"M",6.37111111111111,286
51,"M",6.58,286.033333333333
65,"F",6.555,286.05
61,"F",6.555,286.05
48,"F",6.41944444444445,286.083333333333
45,"F",6.41944444444445,286.083333333333
54,"F",6.62944444444444,286.1
59,"M",6.45277777777778,286.116666666667
25,"F",6.75888888888889,286.133333333333
42,"F",6.71277777777778,286.15
29,"F",6.50166666666667,286.166666666667
55,"M",6.45222222222222,286.166666666667
47,"F",6.60222222222222,286.25
56,"F",6.63888888888889,286.266666666667
35,"F",6.62333333333333,286.266666666667
47,"F",6.80555555555556,286.266666666667
39,"M",6.81222222222222,286.266666666667
46,"M",6.52111111111111,286.283333333333
24,"M",6.47166666666667,286.3
26,"F",6.56555555555556,286.316666666667
26,"M",6.56555555555556,286.316666666667
51,"M",6.57555555555556,286.333333333333
34,"F",6.57833333333333,286.35
33,"M",6.16444444444444,286.366666666667
27,"F",6.57722222222222,286.383333333333
48,"M",6.10444444444444,286.4
64,"M",6.57611111111111,286.416666666667
31,"F",6.78388888888889,286.45
65,"F",6.74888888888889,286.466666666667
40,"M",6.91277777777778,286.483333333333
50,"M",6.91777777777778,286.483333333333
47,"F",6.74777777777778,286.483333333333
40,"F",6.73222222222222,286.516666666667
37,"M",6.54388888888889,286.516666666667
25,"F",6.71555555555556,286.516666666667
52,"M",6.53888888888889,286.533333333333
41,"M",6.54888888888889,286.566666666667
53,"F",6.24833333333333,286.583333333333
43,"F",6.41166666666667,286.583333333333
67,"M",6.39277777777778,286.583333333333
66,"F",6.68444444444444,286.616666666667
49,"M",6.44166666666667,286.633333333333
43,"F",6.55,286.633333333333
24,"F",6.47333333333333,286.666666666667
65,"F",6.85833333333333,286.7
66,"M",6.40166666666667,286.7
66,"F",6.47388888888889,286.733333333333
50,"M",6.70944444444444,286.733333333333
40,"M",6.70944444444444,286.733333333333
33,"F",6.81166666666667,286.733333333333
49,"F",6.81166666666667,286.733333333333
43,"F",6.74444444444444,286.75
33,"F",6.54166666666667,286.75
45,"F",6.91944444444445,286.75
64,"M",6.39277777777778,286.866666666667
73,"M",6.64333333333333,286.9
28,"F",6.54222222222222,286.9
50,"F",6.59833333333333,286.966666666667
22,"F",6.435,287.033333333333
30,"F",6.62055555555556,287.033333333333
35,"F",6.61,287.033333333333
24,"F",6.73611111111111,287.05
45,"F",6.76777777777778,287.05
55,"F",6.76777777777778,287.05
45,"M",6.53777777777778,287.1
39,"F",6.47111111111111,287.116666666667
25,"F",6.75388888888889,287.116666666667
48,"F",6.53611111111111,287.116666666667
56,"F",6.36944444444444,287.133333333333
66,"M",6.52333333333333,287.133333333333
59,"M",6.45777777777778,287.2
29,"F",6.72111111111111,287.233333333333
25,"F",6.72166666666667,287.25
37,"F",6.86,287.266666666667
26,"M",6.57,287.283333333333
19,"F",6.46944444444444,287.3
37,"M",6.86777777777778,287.316666666667
29,"M",5.10388888888889,287.35
75,"M",6.55666666666667,287.366666666667
43,"M",6.50833333333333,287.366666666667
50,"F",6.385,287.366666666667
24,"M",6.31944444444444,287.366666666667
35,"M",6.48,287.383333333333
41,"M",6.40777777777778,287.383333333333
42,"F",6.64388888888889,287.466666666667
31,"F",6.515,287.483333333333
23,"F",7.02333333333333,287.5
34,"F",6.58111111111111,287.516666666667
38,"M",5.93888888888889,287.533333333333
47,"F",6.74666666666667,287.533333333333
65,"F",6.56888888888889,287.533333333333
24,"F",6.72055555555556,287.55
58,"F",6.74555555555556,287.55
41,"F",6.68166666666667,287.6
70,"F",6.64388888888889,287.616666666667
65,"F",6.63277777777778,287.616666666667
61,"M",6.36555555555556,287.683333333333
42,"F",6.58055555555555,287.716666666667
26,"F",6.70666666666667,287.716666666667
24,"F",6.72055555555556,287.733333333333
44,"M",6.59722222222222,287.8
29,"F",6.62055555555556,287.816666666667
59,"M",6.63444444444444,287.833333333333
53,"F",6.67722222222222,287.85
31,"M",6.90055555555556,287.866666666667
31,"M",6.90055555555556,287.866666666667
25,"M",6.70944444444444,287.933333333333
41,"F",6.59333333333333,288.033333333333
32,"F",6.53388888888889,288.05
49,"M",6.44888888888889,288.05
29,"M",6.30777777777778,288.066666666667
50,"F",6.84777777777778,288.066666666667
48,"M",6.47333333333333,288.083333333333
26,"F",6.59055555555556,288.1
54,"M",6.67444444444444,288.133333333333
33,"F",6.86166666666667,288.15
67,"F",6.65333333333333,288.15
26,"M",6.34333333333333,288.15
38,"F",6.33277777777778,288.15
48,"M",6.63611111111111,288.15
28,"F",6.44611111111111,288.216666666667
34,"M",6.32,288.216666666667
46,"M",6.61888888888889,288.25
49,"M",6.345,288.266666666667
47,"F",6.61777777777778,288.266666666667
37,"F",6.605,288.266666666667
26,"M",6.44555555555556,288.35
41,"M",6.36888888888889,288.35
52,"M",6.40611111111111,288.4
50,"F",6.42277777777778,288.433333333333
44,"F",6.68277777777778,288.466666666667
52,"F",6.52111111111111,288.483333333333
29,"F",6.51944444444444,288.483333333333
40,"F",6.69166666666667,288.5
48,"M",6.39333333333333,288.5
25,"F",6.65,288.5
42,"M",6.27,288.516666666667
73,"M",6.66055555555556,288.55
41,"M",6.65166666666667,288.566666666667
46,"M",6.44333333333333,288.566666666667
24,"F",6.53722222222222,288.583333333333
46,"M",6.27388888888889,288.616666666667
39,"M",6.22166666666667,288.633333333333
44,"F",6.60777777777778,288.633333333333
43,"M",6.58666666666667,288.716666666667
43,"M",6.67777777777778,288.9
26,"M",6.54666666666667,288.916666666667
54,"M",6.54888888888889,288.916666666667
52,"F",6.54833333333333,288.933333333333
44,"F",6.20222222222222,288.933333333333
28,"F",6.63055555555556,288.933333333333
34,"M",6.23333333333333,288.95
69,"F",6.55666666666667,288.95
26,"F",6.63833333333333,288.95
31,"F",6.87777777777778,288.95
37,"F",6.65666666666667,288.966666666667
34,"F",6.81055555555556,289
40,"F",6.89555555555556,289
47,"M",6.61,289.033333333333
23,"F",6.65555555555556,289.033333333333
44,"M",6.47333333333333,289.066666666667
36,"F",6.6,289.066666666667
56,"M",6.36166666666667,289.083333333333
44,"M",6.51277777777778,289.133333333333
21,"F",6.55666666666667,289.133333333333
30,"F",6.59055555555556,289.133333333333
39,"M",6.40833333333333,289.15
22,"F",6.82444444444444,289.183333333333
20,"F",6.82444444444444,289.183333333333
75,"F",6.60777777777778,289.2
25,"F",6.77388888888889,289.233333333333
42,"F",6.77666666666667,289.283333333333
66,"M",6.59166666666667,289.283333333333
59,"M",6.22833333333333,289.316666666667
40,"F",6.70055555555556,289.333333333333
38,"M",6.63555555555556,289.333333333333
41,"M",6.45222222222222,289.35
38,"M",6.45222222222222,289.35
28,"M",4.53555555555556,289.35
34,"F",6.70277777777778,289.4
40,"M",6.555,289.433333333333
37,"F",6.59777777777778,289.466666666667
40,"M",6.44166666666667,289.516666666667
45,"M",6.025,289.516666666667
34,"F",6.84055555555556,289.516666666667
63,"F",6.58555555555556,289.533333333333
38,"F",6.82111111111111,289.633333333333
27,"F",6.59055555555556,289.65
46,"F",6.66222222222222,289.65
24,"F",6.61777777777778,289.666666666667
37,"F",6.27111111111111,289.7
45,"F",6.54166666666667,289.733333333333
37,"M",6.48222222222222,289.75
67,"M",6.73833333333333,289.766666666667
36,"M",6.71555555555556,289.766666666667
33,"F",6.75944444444444,289.8
71,"M",6.01611111111111,289.833333333333
43,"F",6.98388888888889,289.85
39,"F",6.30388888888889,289.866666666667
58,"M",6.68111111111111,289.883333333333
44,"M",6.81833333333333,289.883333333333
52,"F",6.67111111111111,289.933333333333
24,"F",6.58333333333333,289.966666666667
52,"F",6.64444444444444,289.983333333333
52,"F",6.41277777777778,290
30,"F",6.69611111111111,290
64,"F",6.10722222222222,290
46,"M",6.61388888888889,290
47,"M",6.61555555555556,290.066666666667
54,"M",6.61555555555556,290.066666666667
28,"F",6.79833333333333,290.116666666667
28,"F",6.74277777777778,290.116666666667
26,"F",6.76666666666667,290.15
57,"M",6.66888888888889,290.216666666667
35,"F",6.68333333333333,290.233333333333
31,"F",6.46722222222222,290.233333333333
32,"F",6.74277777777778,290.283333333333
44,"F",6.56333333333333,290.3
50,"F",6.53666666666667,290.316666666667
44,"F",6.45944444444444,290.316666666667
42,"F",6.48888888888889,290.416666666667
62,"F",6.64944444444444,290.416666666667
50,"F",6.65722222222222,290.416666666667
64,"F",6.65,290.416666666667
31,"F",6.24166666666667,290.416666666667
52,"M",6.73444444444444,290.433333333333
52,"F",6.64222222222222,290.45
31,"M",6.69333333333333,290.45
44,"F",6.80111111111111,290.45
61,"M",6.72277777777778,290.466666666667
66,"M",6.64444444444444,290.466666666667
37,"M",6.51888888888889,290.466666666667
60,"M",6.41166666666667,290.516666666667
30,"F",6.76055555555556,290.533333333333
30,"F",6.79722222222222,290.55
50,"M",6.77666666666667,290.6
42,"M",6.45277777777778,290.6
46,"F",6.81444444444444,290.65
54,"F",6.41,290.666666666667
26,"F",6.32666666666667,290.683333333333
32,"M",6.51277777777778,290.7
29,"F",6.78777777777778,290.716666666667
30,"F",6.49333333333333,290.716666666667
46,"M",6.17111111111111,290.75
25,"F",6.76666666666667,290.783333333333
25,"F",6.72,290.783333333333
26,"M",6.42111111111111,290.8
24,"F",6.76666666666667,290.8
38,"F",6.63111111111111,290.8
38,"M",6.41222222222222,290.816666666667
40,"F",6.84444444444444,290.816666666667
55,"F",6.77833333333333,290.833333333333
37,"F",6.78722222222222,290.916666666667
66,"F",6.67722222222222,290.933333333333
45,"F",6.64777777777778,290.933333333333
28,"M",6.45333333333333,290.966666666667
72,"M",6.59833333333333,290.966666666667
61,"F",6.68833333333333,291
43,"M",6.615,291.016666666667
45,"F",6.68944444444444,291.033333333333
48,"F",6.68944444444444,291.033333333333
57,"F",6.78,291.033333333333
53,"F",6.78,291.033333333333
33,"F",6.68611111111111,291.033333333333
36,"F",6.80055555555556,291.033333333333
47,"F",6.54222222222222,291.05
49,"M",6.57722222222222,291.05
48,"F",6.82222222222222,291.083333333333
32,"M",6.66944444444445,291.083333333333
34,"F",6.69166666666667,291.133333333333
70,"M",6.715,291.133333333333
64,"M",6.74944444444444,291.2
35,"F",6.67388888888889,291.233333333333
47,"M",6.49555555555556,291.233333333333
49,"F",6.74444444444444,291.25
42,"F",6.61722222222222,291.266666666667
24,"F",6.51944444444444,291.283333333333
49,"M",6.70055555555556,291.3
71,"M",6.55833333333333,291.3
57,"M",6.35,291.3
26,"M",6.35,291.316666666667
72,"M",6.57555555555556,291.333333333333
40,"F",6.80111111111111,291.333333333333
70,"M",6.81055555555556,291.333333333333
45,"M",6.90944444444444,291.366666666667
22,"F",6.69555555555556,291.383333333333
48,"F",6.49944444444444,291.4
42,"F",6.79888888888889,291.433333333333
24,"F",6.66777777777778,291.433333333333
71,"F",6.83055555555555,291.45
33,"M",6.62611111111111,291.5
42,"F",6.1,291.516666666667
47,"M",6.43222222222222,291.516666666667
60,"F",6.79222222222222,291.516666666667
32,"M",6.55666666666667,291.516666666667
22,"M",6.57555555555556,291.55
29,"F",6.74444444444444,291.55
23,"F",6.57611111111111,291.55
38,"F",6.86611111111111,291.566666666667
26,"F",6.69777777777778,291.583333333333
27,"M",6.76111111111111,291.633333333333
41,"F",6.76,291.666666666667
32,"F",6.82388888888889,291.666666666667
35,"F",6.70388888888889,291.666666666667
43,"M",6.76,291.666666666667
30,"M",6.75,291.683333333333
64,"F",6.37,291.683333333333
74,"M",6.61111111111111,291.733333333333
46,"F",6.80388888888889,291.766666666667
38,"F",6.61444444444444,291.783333333333
48,"F",6.87333333333333,291.833333333333
63,"M",6.83944444444444,291.866666666667
64,"F",6.55111111111111,291.866666666667
48,"F",6.62111111111111,291.9
30,"M",6.14722222222222,291.916666666667
28,"F",6.56611111111111,291.95
27,"F",6.72888888888889,291.95
34,"M",6.37111111111111,291.95
43,"M",6.61444444444444,291.966666666667
61,"F",6.60944444444444,292.016666666667
60,"F",6.82222222222222,292.033333333333
51,"M",6.73722222222222,292.033333333333
44,"F",6.86333333333333,292.033333333333
38,"F",6.63222222222222,292.033333333333
62,"M",6.53944444444444,292.05
65,"M",6.57777777777778,292.05
42,"F",6.6,292.05
41,"F",6.69722222222222,292.1
23,"M",6.48777777777778,292.2
42,"F",7.085,292.216666666667
22,"F",6.61222222222222,292.216666666667
38,"F",6.63055555555556,292.25
29,"F",6.615,292.25
36,"M",6.66611111111111,292.3
26,"M",6.85222222222222,292.366666666667
26,"F",6.61388888888889,292.366666666667
26,"F",6.67777777777778,292.416666666667
70,"F",6.76388888888889,292.45
60,"F",6.36777777777778,292.45
25,"F",6.505,292.466666666667
62,"F",6.70055555555556,292.533333333333
33,"F",6.78777777777778,292.55
23,"F",6.54,292.566666666667
52,"M",6.645,292.583333333333
60,"M",7.30722222222222,292.7
30,"F",6.70111111111111,292.766666666667
36,"F",6.47111111111111,292.766666666667
46,"M",6.91444444444444,292.766666666667
60,"M",6.42611111111111,292.8
28,"F",6.90111111111111,292.816666666667
38,"F",6.90111111111111,292.816666666667
22,"F",6.77666666666667,292.85
49,"M",6.47111111111111,292.85
47,"F",6.65388888888889,292.85
69,"M",6.91666666666667,292.866666666667
55,"M",6.65444444444444,292.866666666667
42,"F",6.65444444444444,292.866666666667
45,"F",6.96944444444444,292.866666666667
43,"F",6.62277777777778,292.9
50,"M",6.86277777777778,292.916666666667
64,"M",6.89611111111111,292.916666666667
51,"F",7.13444444444444,292.933333333333
27,"F",6.33611111111111,292.933333333333
65,"M",6.51722222222222,292.95
30,"F",6.72888888888889,292.983333333333
50,"F",6.89,292.983333333333
44,"M",6.58444444444444,292.983333333333
57,"F",6.87722222222222,293.05
56,"M",6.53833333333333,293.05
35,"M",6.63277777777778,293.066666666667
47,"M",6.81888888888889,293.116666666667
38,"M",6.98888888888889,293.133333333333
58,"M",6.76833333333333,293.133333333333
51,"M",6.62277777777778,293.133333333333
38,"F",6.88722222222222,293.15
26,"F",6.51611111111111,293.166666666667
46,"M",6.51666666666667,293.183333333333
60,"M",6.42,293.2
21,"M",6.70222222222222,293.2
33,"F",6.61166666666667,293.2
25,"M",6.92111111111111,293.216666666667
26,"M",6.72722222222222,293.216666666667
61,"F",6.72277777777778,293.283333333333
43,"M",6.24944444444444,293.3
36,"M",6.96166666666667,293.316666666667
38,"M",6.96166666666667,293.333333333333
22,"F",6.53777777777778,293.366666666667
53,"M",6.31222222222222,293.433333333333
36,"M",6.99944444444444,293.5
47,"M",6.59222222222222,293.516666666667
46,"M",6.69,293.616666666667
26,"F",6.56777777777778,293.65
29,"F",6.815,293.65
29,"F",6.815,293.666666666667
28,"F",6.99888888888889,293.666666666667
57,"M",6.71666666666667,293.75
58,"F",6.72833333333333,293.766666666667
42,"M",6.71888888888889,293.766666666667
62,"M",6.40277777777778,293.783333333333
64,"F",6.74388888888889,293.783333333333
67,"M",6.74333333333333,293.8
37,"F",6.67944444444444,293.8
46,"M",6.70222222222222,293.816666666667
59,"M",6.74555555555556,293.833333333333
35,"F",6.74388888888889,293.933333333333
58,"M",6.44666666666667,293.95
55,"M",6.64444444444444,293.95
38,"F",7.21333333333333,294
33,"F",6.36166666666667,294.016666666667
28,"F",6.73166666666667,294.05
33,"F",6.60611111111111,294.1
57,"F",6.46277777777778,294.1
29,"F",6.78444444444444,294.133333333333
31,"F",6.64277777777778,294.2
46,"F",7.12833333333333,294.2
56,"F",6.88833333333333,294.25
72,"M",6.88777777777778,294.283333333333
54,"M",6.68722222222222,294.333333333333
24,"F",6.88166666666667,294.366666666667
49,"M",6.77944444444444,294.383333333333
38,"F",6.56833333333333,294.4
59,"M",6.61277777777778,294.4
48,"M",6.595,294.433333333333
35,"F",6.78888888888889,294.433333333333
60,"M",5.95777777777778,294.466666666667
39,"F",6.98944444444444,294.5
52,"M",6.465,294.533333333333
47,"M",6.58444444444444,294.533333333333
40,"F",6.76555555555556,294.55
31,"F",6.60055555555556,294.6
29,"F",6.77277777777778,294.6
46,"F",6.99111111111111,294.666666666667
62,"M",6.12833333333333,294.683333333333
45,"F",6.67166666666667,294.683333333333
68,"F",6.74722222222222,294.683333333333
41,"F",6.48944444444444,294.7
41,"M",7.00777777777778,294.7
38,"F",6.95777777777778,294.716666666667
45,"M",6.74833333333333,294.75
57,"M",4.99666666666667,294.75
29,"F",6.94611111111111,294.833333333333
48,"M",6.86777777777778,294.85
42,"F",6.78944444444444,294.883333333333
41,"F",6.78944444444444,294.883333333333
43,"M",6.64222222222222,294.9
51,"M",6.88722222222222,294.916666666667
24,"F",6.62277777777778,294.95
45,"M",6.22222222222222,294.95
49,"M",6.77,294.95
33,"M",6.80166666666667,295
25,"F",6.85,295.016666666667
42,"F",6.87611111111111,295.016666666667
38,"F",6.20611111111111,295.016666666667
27,"F",6.72722222222222,295.05
24,"F",7.07555555555556,295.066666666667
43,"M",6.745,295.083333333333
28,"F",6.82333333333333,295.1
66,"F",6.47444444444444,295.15
40,"F",6.92333333333333,295.183333333333
32,"F",6.92333333333333,295.2
28,"F",6.70722222222222,295.25
27,"F",6.65888888888889,295.25
25,"F",6.65944444444444,295.25
32,"F",6.84666666666667,295.283333333333
47,"F",6.86111111111111,295.3
43,"M",5.44,295.333333333333
45,"F",6.89222222222222,295.433333333333
36,"F",6.72,295.433333333333
66,"F",6.78833333333333,295.433333333333
22,"F",6.73777777777778,295.466666666667
43,"F",6.72555555555556,295.466666666667
48,"M",6.92611111111111,295.483333333333
37,"F",6.76833333333333,295.483333333333
33,"M",6.9,295.5
27,"F",6.91555555555556,295.5
48,"F",6.81222222222222,295.516666666667
50,"M",6.69333333333333,295.516666666667
34,"F",6.81833333333333,295.533333333333
42,"M",6.69166666666667,295.533333333333
47,"M",6.86888888888889,295.55
49,"M",6.955,295.583333333333
27,"F",6.67611111111111,295.616666666667
34,"F",6.90888888888889,295.65
25,"M",6.47,295.666666666667
42,"M",6.57333333333333,295.683333333333
35,"F",6.50277777777778,295.683333333333
44,"M",6.73333333333333,295.716666666667
39,"F",6.77555555555556,295.766666666667
32,"F",7.17666666666667,295.766666666667
51,"M",6.68055555555556,295.783333333333
33,"F",6.68111111111111,295.783333333333
29,"F",5.235,295.8
40,"F",6.94166666666667,295.8
34,"F",6.78888888888889,295.833333333333
35,"F",6.78888888888889,295.833333333333
49,"F",6.98722222222222,295.866666666667
36,"M",6.73166666666667,295.9
44,"F",6.88944444444444,295.966666666667
35,"F",6.805,295.983333333333
61,"F",6.90944444444444,295.983333333333
63,"M",6.76055555555556,296.016666666667
51,"M",6.71722222222222,296.033333333333
49,"M",6.66166666666667,296.033333333333
29,"F",6.81833333333333,296.05
57,"M",6.86333333333333,296.066666666667
30,"M",6.71277777777778,296.066666666667
26,"M",6.84555555555556,296.066666666667
58,"F",6.77666666666667,296.066666666667
28,"F",7.39111111111111,296.083333333333
29,"M",6.73444444444444,296.1
43,"M",6.84277777777778,296.133333333333
50,"M",7.33722222222222,296.166666666667
52,"M",6.72277777777778,296.166666666667
37,"F",7.06166666666667,296.166666666667
47,"F",7.06166666666667,296.166666666667
35,"M",6.65333333333333,296.216666666667
67,"F",6.77944444444444,296.233333333333
28,"F",6.76777777777778,296.25
60,"M",6.81777777777778,296.283333333333
44,"M",6.85388888888889,296.3
62,"M",6.73388888888889,296.333333333333
41,"M",6.62,296.383333333333
43,"M",6.60555555555556,296.4
65,"M",6.55055555555556,296.4
57,"M",6.45944444444444,296.416666666667
40,"F",6.91333333333333,296.416666666667
30,"F",6.93,296.466666666667
60,"F",6.73722222222222,296.483333333333
62,"M",6.77833333333333,296.5
30,"F",6.93,296.5
46,"F",6.96944444444444,296.516666666667
47,"M",6.62166666666667,296.516666666667
36,"M",6.70277777777778,296.516666666667
50,"M",7.025,296.516666666667
36,"F",6.94944444444444,296.533333333333
40,"M",6.88333333333333,296.533333333333
33,"F",6.67555555555556,296.55
39,"F",7.09722222222222,296.55
40,"F",6.79222222222222,296.583333333333
50,"F",7.14166666666667,296.616666666667
54,"F",6.28833333333333,296.65
33,"M",6.62944444444444,296.666666666667
31,"M",6.98,296.733333333333
40,"F",6.77888888888889,296.733333333333
43,"M",7.05666666666667,296.75
24,"F",6.61166666666667,296.766666666667
59,"M",6.60722222222222,296.783333333333
55,"F",6.61888888888889,296.783333333333
70,"F",7.02388888888889,296.816666666667
41,"F",6.51055555555556,296.816666666667
36,"F",6.905,296.833333333333
54,"F",6.80222222222222,296.85
32,"M",6.67555555555556,296.9
62,"F",6.81333333333333,296.933333333333
28,"F",6.82333333333333,296.933333333333
36,"M",7.00722222222222,296.983333333333
34,"F",6.78777777777778,297
32,"F",6.85166666666667,297
20,"M",6.86666666666667,297.016666666667
55,"M",6.83444444444444,297.016666666667
55,"M",6.83388888888889,297.05
45,"M",4.52555555555556,297.066666666667
76,"M",6.94777777777778,297.066666666667
25,"F",6.78777777777778,297.066666666667
52,"M",6.78277777777778,297.083333333333
37,"F",6.87722222222222,297.083333333333
24,"F",7.00555555555556,297.083333333333
22,"F",6.97777777777778,297.1
23,"F",6.97722222222222,297.1
20,"F",6.97777777777778,297.1
21,"F",7.00611111111111,297.1
22,"F",7.00666666666667,297.116666666667
28,"F",6.90888888888889,297.133333333333
28,"F",6.55611111111111,297.15
69,"M",6.53888888888889,297.15
47,"F",6.78444444444444,297.183333333333
35,"F",6.87777777777778,297.25
60,"F",6.89055555555556,297.25
23,"F",7.05277777777778,297.266666666667
56,"M",7.05277777777778,297.283333333333
32,"F",7.05055555555556,297.283333333333
34,"F",6.92055555555556,297.3
48,"F",6.90666666666667,297.35
31,"F",6.84222222222222,297.35
50,"M",6.94666666666667,297.4
66,"M",6.58166666666667,297.4
29,"M",6.45666666666667,297.416666666667
60,"F",6.86444444444444,297.45
54,"M",6.65888888888889,297.466666666667
20,"F",7.03111111111111,297.483333333333
22,"F",7.03166666666667,297.483333333333
43,"M",6.835,297.5
28,"F",7.06166666666667,297.5
39,"F",6.83722222222222,297.55
44,"F",6.97111111111111,297.55
57,"M",7.05833333333333,297.616666666667
49,"F",6.47611111111111,297.633333333333
32,"F",6.82388888888889,297.65
56,"M",6.31111111111111,297.716666666667
22,"M",6.69777777777778,297.75
48,"M",6.69111111111111,297.766666666667
29,"F",6.64555555555556,297.816666666667
26,"M",7.23944444444444,297.833333333333
41,"M",6.83666666666667,297.833333333333
45,"M",6.81166666666667,297.866666666667
50,"M",6.78111111111111,297.9
63,"M",5.96888888888889,297.916666666667
70,"F",7.03555555555556,297.916666666667
25,"F",6.88277777777778,297.933333333333
26,"F",6.88166666666667,297.933333333333
56,"F",6.88222222222222,297.933333333333
39,"F",7.14333333333333,297.933333333333
22,"F",6.88277777777778,297.95
45,"M",6.92444444444444,297.95
68,"F",7.03722222222222,297.966666666667
48,"M",6.70055555555556,297.983333333333
67,"M",6.91,297.983333333333
56,"F",6.71666666666667,298
29,"F",6.85166666666667,298.066666666667
25,"M",6.87,298.116666666667
60,"F",6.70222222222222,298.116666666667
39,"F",6.57055555555556,298.166666666667
40,"M",6.93833333333333,298.166666666667
50,"M",7.06166666666667,298.166666666667
27,"F",6.84333333333333,298.2
45,"F",7.26166666666667,298.233333333333
46,"M",7.19333333333333,298.233333333333
41,"F",6.91777777777778,298.25
60,"M",6.81444444444444,298.266666666667
31,"F",7.03888888888889,298.283333333333
43,"M",6.90055555555556,298.316666666667
31,"M",6.97111111111111,298.35
26,"F",6.84611111111111,298.35
24,"F",6.84611111111111,298.35
44,"M",6.83888888888889,298.366666666667
45,"M",6.84833333333333,298.4
32,"F",6.64388888888889,298.433333333333
48,"M",7.08277777777778,298.433333333333
42,"F",6.79388888888889,298.45
48,"M",6.775,298.45
34,"F",7.03444444444444,298.45
34,"F",6.90333333333333,298.45
60,"M",6.34888888888889,298.466666666667
43,"F",7.16722222222222,298.483333333333
53,"F",6.37611111111111,298.483333333333
26,"F",6.68722222222222,298.5
26,"M",6.84055555555556,298.516666666667
54,"F",7.02333333333333,298.516666666667
21,"F",6.84055555555556,298.516666666667
22,"F",6.83944444444444,298.516666666667
33,"M",6.84055555555556,298.533333333333
26,"F",6.86555555555556,298.616666666667
70,"M",6.81555555555556,298.633333333333
50,"F",6.75388888888889,298.666666666667
55,"F",6.53444444444444,298.7
48,"F",6.58,298.733333333333
77,"M",7.04222222222222,298.75
24,"F",7.25666666666667,298.8
44,"F",6.67666666666667,298.8
38,"M",6.65444444444444,298.816666666667
23,"F",7.11,298.85
23,"F",7.11,298.866666666667
24,"F",7.33055555555555,298.866666666667
73,"M",6.775,298.883333333333
52,"M",6.79611111111111,298.9
45,"M",6.78888888888889,298.9
43,"F",6.96944444444444,298.95
53,"M",6.61388888888889,298.966666666667
28,"F",6.84944444444444,298.983333333333
39,"F",6.85111111111111,298.983333333333
40,"M",6.68666666666667,299
35,"F",6.77444444444444,299.016666666667
68,"M",6.97277777777778,299.016666666667
41,"F",6.86944444444444,299.1
44,"F",6.95944444444444,299.1
25,"F",6.66888888888889,299.15
31,"F",7.04166666666667,299.166666666667
32,"M",6.67722222222222,299.183333333333
21,"F",6.90833333333333,299.183333333333
36,"M",6.90833333333333,299.183333333333
39,"F",7.03777777777778,299.2
35,"M",6.18388888888889,299.2
26,"F",6.61222222222222,299.2
28,"F",6.52611111111111,299.2
47,"F",6.94777777777778,299.216666666667
41,"F",6.96333333333333,299.216666666667
31,"F",6.88666666666667,299.233333333333
56,"F",6.865,299.233333333333
55,"F",7.03055555555556,299.266666666667
47,"F",7.01388888888889,299.283333333333
43,"M",6.92222222222222,299.3
66,"M",7.16444444444444,299.3
42,"M",6.27277777777778,299.3
24,"F",7.03777777777778,299.316666666667
27,"F",7.19444444444444,299.35
53,"M",6.84055555555556,299.35
40,"F",6.92333333333333,299.533333333333
41,"F",6.86888888888889,299.55
41,"M",6.94722222222222,299.55
60,"M",6.40277777777778,299.583333333333
44,"M",6.575,299.583333333333
24,"F",6.71444444444444,299.6
28,"F",7.14333333333333,299.6
53,"M",6.82388888888889,299.6
57,"M",6.59611111111111,299.6
48,"M",6.71333333333333,299.633333333333
45,"M",6.71277777777778,299.633333333333
49,"F",6.88444444444444,299.65
40,"F",7.15277777777778,299.683333333333
43,"F",6.58277777777778,299.7
37,"F",6.84833333333333,299.733333333333
33,"F",6.78666666666667,299.8
65,"F",6.90055555555556,299.816666666667
50,"F",7.04111111111111,299.833333333333
29,"F",6.83944444444444,299.85
66,"F",6.835,299.85
28,"F",6.90722222222222,299.866666666667
30,"M",7.275,299.866666666667
73,"M",6.78166666666667,299.9
65,"M",6.16555555555556,299.9
46,"M",6.50777777777778,299.933333333333
48,"F",6.90111111111111,299.966666666667
26,"F",7.01277777777778,299.983333333333
71,"M",7.12722222222222,300
34,"F",6.91277777777778,300.016666666667
37,"F",6.72388888888889,300.033333333333
22,"F",7.19777777777778,300.05
30,"M",6.885,300.05
26,"F",6.78666666666667,300.066666666667
37,"M",7.28888888888889,300.066666666667
52,"M",6.78444444444444,300.066666666667
61,"F",6.705,300.1
54,"M",6.99055555555556,300.1
76,"M",7.08611111111111,300.116666666667
26,"F",6.85333333333333,300.166666666667
23,"F",6.85333333333333,300.166666666667
42,"M",6.42888888888889,300.2
49,"F",6.89444444444444,300.25
38,"F",6.84166666666667,300.25
34,"F",6.895,300.266666666667
35,"F",7.03722222222222,300.266666666667
45,"M",4.515,300.266666666667
57,"F",6.205,300.333333333333
44,"F",7.04611111111111,300.366666666667
63,"F",6.90277777777778,300.383333333333
39,"M",6.86777777777778,300.383333333333
58,"F",6.63388888888889,300.4
58,"M",7.055,300.4
31,"F",6.93666666666667,300.416666666667
68,"M",6.83055555555555,300.483333333333
35,"M",6.81222222222222,300.55
44,"M",6.91611111111111,300.55
29,"F",6.93722222222222,300.566666666667
31,"F",6.93777777777778,300.583333333333
51,"M",6.82055555555556,300.666666666667
36,"F",6.89222222222222,300.683333333333
52,"M",6.82111111111111,300.7
62,"M",6.81111111111111,300.7
68,"M",6.92444444444444,300.7
34,"F",6.79666666666667,300.716666666667
35,"F",6.91666666666667,300.733333333333
22,"F",6.91722222222222,300.733333333333
57,"F",6.91722222222222,300.75
45,"F",7.03722222222222,300.833333333333
62,"M",6.82777777777778,300.95
60,"M",7.03222222222222,300.983333333333
28,"F",7.03277777777778,300.983333333333
55,"F",6.73944444444444,301
55,"M",5.525,301.016666666667
32,"F",6.90777777777778,301.033333333333
21,"M",6.83666666666667,301.083333333333
23,"F",6.76222222222222,301.083333333333
41,"F",6.99388888888889,301.15
44,"F",6.625,301.2
60,"F",6.98833333333333,301.233333333333
67,"F",6.98166666666667,301.3
29,"F",6.81166666666667,301.333333333333
56,"M",6.81166666666667,301.333333333333
22,"F",7.05388888888889,301.333333333333
19,"F",7.05444444444444,301.35
30,"F",7.06555555555556,301.366666666667
43,"M",6.74277777777778,301.383333333333
41,"F",6.79555555555556,301.416666666667
67,"M",6.66,301.433333333333
22,"F",7.05111111111111,301.466666666667
25,"F",7.21,301.466666666667
42,"F",6.86555555555556,301.533333333333
49,"F",6.70388888888889,301.533333333333
27,"M",6.86222222222222,301.65
60,"F",6.94722222222222,301.683333333333
33,"M",7.39277777777778,301.7
33,"M",7.39333333333333,301.716666666667
31,"M",6.91555555555556,301.716666666667
64,"M",6.67833333333333,301.716666666667
38,"F",6.92111111111111,301.75
37,"F",6.73944444444444,301.766666666667
35,"F",6.88666666666667,301.766666666667
29,"F",7.18888888888889,301.833333333333
31,"F",6.82722222222222,301.833333333333
47,"M",6.55222222222222,301.85
29,"F",7.00111111111111,301.85
27,"F",7.20111111111111,301.866666666667
53,"F",6.58666666666667,301.916666666667
54,"F",7.14833333333333,301.933333333333
22,"M",6.89444444444444,301.95
53,"M",6.99777777777778,301.966666666667
27,"F",7.10944444444444,302.066666666667
50,"M",6.44111111111111,302.066666666667
41,"M",7.21222222222222,302.066666666667
51,"F",7.07111111111111,302.166666666667
38,"F",6.79111111111111,302.166666666667
51,"M",6.86444444444444,302.233333333333
33,"M",7.02722222222222,302.25
31,"F",6.85277777777778,302.25
38,"F",7.17722222222222,302.266666666667
76,"M",6.77666666666667,302.3
47,"M",6.77722222222222,302.3
57,"M",6.74166666666667,302.333333333333
46,"M",6.89944444444444,302.366666666667
22,"M",6.91166666666667,302.383333333333
48,"F",6.87666666666667,302.383333333333
57,"M",6.80777777777778,302.383333333333
41,"F",6.975,302.416666666667
70,"M",6.95055555555556,302.466666666667
41,"F",7.16888888888889,302.516666666667
40,"F",7.16888888888889,302.516666666667
21,"F",7.035,302.533333333333
57,"M",6.51888888888889,302.533333333333
51,"M",6.93611111111111,302.55
47,"M",6.78388888888889,302.566666666667
59,"F",6.65666666666667,302.6
69,"M",7.04944444444444,302.6
48,"M",6.63333333333333,302.65
46,"M",6.945,302.65
20,"F",6.83555555555556,302.716666666667
34,"F",7.02666666666667,302.733333333333
30,"F",6.96444444444444,302.766666666667
30,"F",6.83833333333333,302.766666666667
71,"M",7.17833333333333,302.766666666667
29,"F",6.81055555555556,302.766666666667
43,"F",6.77111111111111,302.8
53,"F",6.99888888888889,302.816666666667
44,"F",6.93,302.833333333333
30,"M",7.11611111111111,302.883333333333
70,"F",6.91111111111111,302.883333333333
37,"F",7.13666666666667,302.916666666667
35,"F",6.65444444444444,302.95
52,"M",6.91888888888889,303.016666666667
24,"F",6.88611111111111,303.05
60,"F",7.06111111111111,303.066666666667
27,"M",6.73666666666667,303.1
66,"F",7.01111111111111,303.133333333333
61,"M",5.96222222222222,303.166666666667
66,"F",6.97611111111111,303.183333333333
45,"F",6.91888888888889,303.2
20,"F",7.19111111111111,303.2
56,"M",6.54555555555556,303.216666666667
50,"F",7.04555555555556,303.216666666667
60,"M",7.24611111111111,303.25
22,"F",7.16,303.25
35,"F",7.01,303.266666666667
23,"F",7.00944444444444,303.266666666667
36,"F",6.83222222222222,303.266666666667
51,"M",6.77222222222222,303.283333333333
26,"F",7.085,303.333333333333
33,"M",6.99277777777778,303.383333333333
37,"F",6.99277777777778,303.383333333333
66,"F",6.83222222222222,303.4
34,"F",6.99333333333333,303.4
25,"F",6.95166666666667,303.433333333333
25,"F",7.10388888888889,303.433333333333
53,"F",7.03777777777778,303.45
48,"F",7.03166666666667,303.483333333333
33,"F",7.17722222222222,303.5
30,"F",7.50888888888889,303.533333333333
67,"F",7.04111111111111,303.55
58,"M",6.92833333333333,303.583333333333
25,"F",7.17222222222222,303.6
56,"F",7.18944444444444,303.6
40,"M",6.63166666666667,303.65
38,"M",6.82166666666667,303.65
43,"M",7.21222222222222,303.683333333333
67,"M",6.67111111111111,303.7
27,"F",6.81333333333333,303.716666666667
40,"M",7.10666666666667,303.733333333333
62,"M",6.85944444444444,303.783333333333
51,"M",7.14555555555556,303.783333333333
60,"F",7.03888888888889,303.8
61,"M",7.18166666666667,303.8
33,"F",6.36333333333333,303.8
37,"F",7.10888888888889,303.85
68,"M",6.78,303.933333333333
28,"M",7.26055555555556,304.066666666667
59,"M",6.53055555555556,304.083333333333
43,"F",7.13833333333333,304.1
59,"M",7.00166666666667,304.1
41,"F",7.08611111111111,304.116666666667
31,"F",7.41222222222222,304.116666666667
33,"F",6.82555555555556,304.166666666667
53,"F",6.48944444444444,304.166666666667
23,"F",6.87444444444444,304.216666666667
27,"M",6.87444444444444,304.233333333333
28,"F",7.15055555555556,304.266666666667
24,"F",7.15111111111111,304.266666666667
43,"F",6.995,304.333333333333
64,"M",6.96611111111111,304.35
30,"F",6.94722222222222,304.433333333333
55,"M",6.85888888888889,304.516666666667
45,"M",6.985,304.533333333333
53,"F",7.03333333333333,304.55
56,"M",6.25277777777778,304.566666666667
29,"M",6.57611111111111,304.583333333333
44,"F",7.08055555555555,304.633333333333
32,"M",7.22277777777778,304.633333333333
46,"M",6.915,304.65
33,"M",6.95,304.666666666667
52,"M",6.75111111111111,304.666666666667
60,"F",7.09333333333333,304.783333333333
26,"F",7.23555555555556,304.8
45,"F",6.72611111111111,304.8
48,"M",6.79722222222222,304.8
44,"F",7.07722222222222,304.816666666667
65,"M",6.90444444444444,304.816666666667
29,"F",7.03277777777778,304.833333333333
59,"F",7.24,304.85
21,"F",7.20444444444444,304.85
20,"F",7.20444444444444,304.85
45,"M",7.08,304.866666666667
44,"F",7.08055555555555,304.866666666667
71,"F",6.91666666666667,304.883333333333
42,"F",7.14444444444444,304.883333333333
28,"F",6.75888888888889,304.95
36,"F",6.82555555555556,304.983333333333
32,"F",7.08166666666667,304.983333333333
51,"M",6.84944444444444,305.016666666667
20,"M",7.19277777777778,305.016666666667
37,"F",6.97722222222222,305.066666666667
36,"M",6.77277777777778,305.116666666667
59,"M",5.98944444444444,305.116666666667
50,"F",7.16888888888889,305.116666666667
38,"F",7.11888888888889,305.116666666667
41,"F",7.11888888888889,305.116666666667
43,"F",7.22111111111111,305.116666666667
37,"F",6.89444444444444,305.166666666667
45,"F",7.33444444444444,305.233333333333
60,"M",6.81777777777778,305.233333333333
53,"F",7.29277777777778,305.283333333333
42,"F",7.02166666666667,305.35
44,"M",6.99111111111111,305.583333333333
58,"M",6.80944444444444,305.633333333333
40,"F",7.04722222222222,305.666666666667
34,"M",6.89277777777778,305.7
43,"F",6.97611111111111,305.7
30,"F",6.90777777777778,305.733333333333
33,"M",6.90777777777778,305.733333333333
58,"M",6.85,305.75
41,"F",6.90666666666667,305.75
32,"F",7.13722222222222,305.766666666667
49,"M",6.55444444444444,305.766666666667
70,"M",6.20388888888889,305.783333333333
33,"M",6.96444444444444,305.85
36,"M",7.01888888888889,305.85
26,"F",7.27055555555556,305.9
50,"M",7.31111111111111,305.9
51,"F",7.32555555555556,305.9
58,"M",6.98277777777778,305.983333333333
35,"M",6.91333333333333,305.983333333333
37,"M",6.92111111111111,305.983333333333
45,"F",7.24222222222222,306.1
45,"F",7.08166666666667,306.116666666667
41,"F",7.08222222222222,306.116666666667
47,"F",7.22,306.25
22,"F",7.15111111111111,306.25
26,"F",6.85777777777778,306.3
35,"M",7.20777777777778,306.3
57,"F",6.96777777777778,306.316666666667
53,"M",7.22666666666667,306.466666666667
51,"F",7.01333333333333,306.466666666667
39,"F",7.14777777777778,306.516666666667
41,"F",6.98166666666667,306.55
50,"F",7.03444444444444,306.6
37,"M",7.10722222222222,306.65
63,"M",6.82388888888889,306.666666666667
43,"F",6.42166666666667,306.7
45,"M",6.82833333333333,306.7
36,"F",7.26222222222222,306.7
43,"F",6.93666666666667,306.716666666667
64,"M",6.25,306.733333333333
65,"M",7.00833333333333,306.733333333333
44,"F",6.93388888888889,306.783333333333
67,"M",6.955,306.833333333333
40,"F",7.04111111111111,306.966666666667
29,"F",7.21777777777778,307.083333333333
47,"M",6.91277777777778,307.116666666667
24,"F",6.89166666666667,307.166666666667
35,"F",7.00333333333333,307.183333333333
51,"F",7.04444444444445,307.2
52,"F",6.95333333333333,307.216666666667
50,"F",6.99611111111111,307.233333333333
53,"M",6.70111111111111,307.25
44,"M",7.15611111111111,307.283333333333
25,"F",7.02055555555556,307.316666666667
45,"M",6.83222222222222,307.383333333333
44,"F",7.01388888888889,307.433333333333
46,"M",6.98722222222222,307.533333333333
29,"F",7.27055555555556,307.583333333333
29,"F",7.24111111111111,307.616666666667
18,"M",6.79666666666667,307.65
42,"M",7.05111111111111,307.666666666667
51,"M",7.42166666666667,307.733333333333
60,"M",6.67111111111111,307.783333333333
68,"M",6.93166666666667,307.783333333333
27,"F",7.21222222222222,307.783333333333
66,"M",6.63833333333333,307.8
23,"F",6.94388888888889,307.833333333333
22,"F",6.94388888888889,307.833333333333
61,"M",6.65111111111111,307.85
23,"F",6.97222222222222,307.866666666667
50,"F",6.95333333333333,307.866666666667
34,"F",7.09555555555556,307.9
49,"F",6.90611111111111,307.933333333333
67,"M",6.75611111111111,307.933333333333
53,"M",6.55222222222222,307.966666666667
53,"M",7.11388888888889,308
21,"M",6.80388888888889,308.05
22,"F",6.80388888888889,308.05
74,"M",6.94555555555556,308.05
64,"M",7.03833333333333,308.05
34,"F",6.58833333333333,308.116666666667
67,"M",6.805,308.116666666667
59,"M",7.31,308.133333333333
56,"F",7.31444444444444,308.2
51,"F",7.05,308.2
36,"M",7.07277777777778,308.25
27,"F",7.29,308.283333333333
57,"F",6.95944444444444,308.316666666667
61,"M",6.65333333333333,308.433333333333
43,"F",6.96888888888889,308.533333333333
31,"F",7.05777777777778,308.616666666667
28,"M",6.81055555555556,308.616666666667
60,"M",6.89,308.65
46,"F",7.04388888888889,308.65
48,"F",6.89166666666667,308.683333333333
27,"F",7.11166666666667,308.733333333333
50,"F",6.98944444444444,308.75
40,"F",7.06166666666667,308.75
23,"F",7.29,308.8
50,"M",6.91666666666667,308.883333333333
62,"M",7.12222222222222,308.9
24,"F",6.96388888888889,308.916666666667
40,"M",6.74055555555556,308.916666666667
25,"F",7.22055555555556,308.983333333333
73,"F",7.11555555555556,308.983333333333
60,"M",7.22055555555556,308.983333333333
23,"F",7.06666666666667,309
28,"F",7.04944444444444,309.016666666667
23,"F",7.12833333333333,309.116666666667
28,"F",7.09055555555556,309.116666666667
62,"M",6.70666666666667,309.166666666667
47,"M",7.02,309.2
48,"M",6.70722222222222,309.2
63,"M",7.08166666666667,309.216666666667
37,"F",7.04388888888889,309.233333333333
32,"F",7.04333333333333,309.233333333333
40,"F",7.07777777777778,309.283333333333
36,"M",7.11888888888889,309.333333333333
52,"M",6.95888888888889,309.35
21,"F",7.06055555555556,309.4
56,"M",6.69222222222222,309.4
62,"M",6.98944444444444,309.583333333333
50,"M",6.25055555555556,309.583333333333
41,"M",7.29444444444445,309.666666666667
51,"M",7.41388888888889,309.7
47,"M",7.41388888888889,309.716666666667
64,"F",7.01277777777778,309.716666666667
27,"F",7.255,309.733333333333
50,"F",7.09833333333333,309.766666666667
55,"M",7.02777777777778,309.766666666667
51,"F",7.00111111111111,309.783333333333
62,"M",6.99777777777778,309.8
33,"F",7.16944444444445,309.833333333333
33,"M",7.03444444444444,309.85
36,"M",6.99,309.866666666667
55,"F",7.15722222222222,309.883333333333
34,"M",6.89055555555556,309.9
58,"M",6.80555555555556,309.95
59,"M",6.80611111111111,309.966666666667
66,"F",7.005,309.966666666667
45,"F",7.22222222222222,309.983333333333
51,"F",6.86888888888889,310
45,"F",7.23611111111111,310.05
54,"M",7.035,310.066666666667
32,"F",7.44055555555556,310.066666666667
27,"F",6.67944444444444,310.083333333333
55,"F",7.13055555555556,310.1
58,"F",7.23333333333333,310.1
55,"F",7.10222222222222,310.116666666667
44,"M",7.22055555555556,310.183333333333
36,"M",6.87833333333333,310.233333333333
67,"M",7.20166666666667,310.25
28,"F",7.18722222222222,310.25
41,"F",7.17388888888889,310.4
41,"M",7.35444444444444,310.433333333333
71,"F",7.05833333333333,310.45
20,"F",6.86388888888889,310.45
53,"M",7.29222222222222,310.466666666667
52,"M",7.07722222222222,310.466666666667
30,"F",7.29666666666667,310.516666666667
38,"M",6.95611111111111,310.583333333333
46,"F",7.11055555555556,310.7
42,"M",7.11055555555556,310.7
58,"M",6.79722222222222,310.733333333333
45,"F",7.22777777777778,310.766666666667
56,"F",7.27777777777778,310.8
24,"F",7.25166666666667,310.816666666667
37,"F",7.18777777777778,310.833333333333
48,"M",7.14388888888889,310.85
63,"M",7.17277777777778,310.916666666667
36,"M",6.97944444444444,310.95
67,"M",6.51777777777778,310.983333333333
65,"F",7.19555555555556,310.983333333333
43,"F",7.14555555555556,311
40,"F",7.22222222222222,311.016666666667
58,"M",6.73388888888889,311.066666666667
50,"F",6.88111111111111,311.066666666667
66,"M",7.21222222222222,311.1
30,"F",7.13666666666667,311.116666666667
33,"F",7.13722222222222,311.133333333333
35,"F",7.13722222222222,311.133333333333
50,"M",7.22166666666667,311.133333333333
47,"M",7.20166666666667,311.15
31,"F",7.21277777777778,311.183333333333
65,"F",6.90833333333333,311.2
39,"F",7.11333333333333,311.25
36,"F",7.39111111111111,311.283333333333
49,"F",7.09055555555556,311.35
65,"F",7.18055555555556,311.416666666667
56,"F",6.69333333333333,311.45
36,"F",6.99666666666667,311.483333333333
55,"F",7.40333333333333,311.533333333333
56,"F",6.50944444444444,311.566666666667
32,"F",7.03611111111111,311.6
62,"M",7.13111111111111,311.616666666667
39,"M",7.70666666666667,311.616666666667
32,"F",7.03222222222222,311.633333333333
50,"F",7.40333333333333,311.633333333333
32,"F",7.02666666666667,311.633333333333
56,"F",7.13833333333333,311.683333333333
24,"M",6.55111111111111,311.7
30,"F",7.26555555555556,311.7
50,"F",7.27277777777778,311.716666666667
65,"M",7.10666666666667,311.733333333333
43,"M",6.94611111111111,311.75
35,"F",7.24555555555556,311.75
37,"F",7.23944444444444,311.816666666667
28,"F",7.11722222222222,311.816666666667
34,"M",7.20944444444444,311.85
44,"F",7.27833333333333,311.866666666667
61,"F",7.08,311.883333333333
24,"F",7.12944444444444,311.883333333333
57,"F",7.16777777777778,311.933333333333
29,"M",7.08333333333333,312
48,"M",7.27611111111111,312.033333333333
38,"M",6.41833333333333,312.066666666667
40,"F",7.06944444444444,312.066666666667
49,"M",7.04111111111111,312.066666666667
30,"M",7.22222222222222,312.183333333333
45,"F",7.20555555555555,312.25
42,"F",7.31833333333333,312.416666666667
40,"F",6.89277777777778,312.516666666667
34,"F",7.35277777777778,312.516666666667
50,"F",7.19,312.583333333333
47,"M",6.69444444444444,312.6
52,"F",7.23833333333333,312.6
36,"F",6.845,312.6
51,"F",7.23833333333333,312.616666666667
25,"M",7.22444444444444,312.616666666667
30,"M",7.22444444444444,312.633333333333
44,"M",6.88055555555556,312.65
52,"F",7.34,312.666666666667
46,"F",7.21055555555556,312.683333333333
36,"F",7.00222222222222,312.7
54,"M",7.26666666666667,312.783333333333
45,"F",7.27,312.8
55,"M",7.01888888888889,312.85
39,"F",7.20166666666667,312.883333333333
46,"F",7.20166666666667,312.9
46,"M",7.09166666666667,312.933333333333
36,"F",7.15555555555556,312.966666666667
29,"F",7.28222222222222,312.983333333333
39,"F",7.51666666666667,313.033333333333
33,"F",7.00222222222222,313.05
54,"M",6.97222222222222,313.05
54,"F",6.97222222222222,313.05
54,"M",6.73111111111111,313.05
63,"F",7.31444444444444,313.083333333333
22,"F",6.96222222222222,313.1
46,"M",6.99944444444444,313.1
56,"M",6.96611111111111,313.133333333333
52,"F",6.96611111111111,313.133333333333
38,"F",6.96611111111111,313.166666666667
40,"F",7.10777777777778,313.166666666667
43,"F",7.36055555555556,313.2
37,"F",7.14666666666667,313.216666666667
50,"F",6.99611111111111,313.216666666667
31,"F",7.27222222222222,313.266666666667
27,"F",6.62444444444444,313.316666666667
69,"M",6.81666666666667,313.316666666667
56,"F",7.37055555555556,313.333333333333
55,"M",6.85722222222222,313.333333333333
61,"M",7.23388888888889,313.35
30,"F",7.47388888888889,313.35
34,"F",6.97,313.366666666667
41,"M",7.26722222222222,313.483333333333
39,"F",7.09222222222222,313.516666666667
58,"F",7.10944444444444,313.55
36,"M",7.16444444444444,313.566666666667
32,"M",7.20944444444444,313.6
37,"M",6.97222222222222,313.616666666667
80,"M",7.44,313.616666666667
42,"F",7.16,313.633333333333
45,"M",7.16,313.633333333333
58,"F",7.09555555555556,313.65
47,"M",7.35888888888889,313.666666666667
60,"F",7.24833333333333,313.75
51,"M",6.95055555555556,313.95
59,"M",7.10388888888889,313.95
56,"M",6.985,313.95
67,"M",6.90055555555556,314.05
21,"F",7.16388888888889,314.1
42,"M",7.19888888888889,314.15
31,"F",7.23333333333333,314.216666666667
21,"F",7.43222222222222,314.216666666667
30,"M",7.14555555555556,314.266666666667
26,"F",7.14555555555556,314.266666666667
50,"M",6.83444444444444,314.333333333333
37,"M",7.55055555555556,314.366666666667
65,"F",7.42888888888889,314.383333333333
36,"M",6.86944444444444,314.433333333333
30,"M",6.89944444444444,314.45
31,"M",7.14,314.466666666667
40,"F",7.27111111111111,314.516666666667
33,"M",6.74555555555556,314.533333333333
50,"M",7.07611111111111,314.6
37,"M",7.29222222222222,314.616666666667
24,"F",7.15777777777778,314.616666666667
26,"F",7.15777777777778,314.633333333333
30,"M",6.98833333333333,314.65
72,"M",6.92333333333333,314.666666666667
29,"F",7.08777777777778,314.683333333333
49,"M",7.27944444444444,314.716666666667
71,"M",7.08666666666667,314.75
26,"F",7.52111111111111,314.75
60,"F",7.00111111111111,314.783333333333
36,"F",7.22944444444444,314.783333333333
60,"F",7.43388888888889,314.8
32,"F",7.43333333333333,314.8
37,"M",7.02611111111111,314.816666666667
33,"F",7.28333333333333,314.883333333333
22,"F",7.41166666666667,314.933333333333
57,"F",7.06111111111111,314.95
56,"F",7.50333333333333,314.966666666667
42,"M",7.17388888888889,315.016666666667
38,"F",7.02111111111111,315.016666666667
52,"M",4.79833333333333,315.016666666667
51,"M",7.24277777777778,315.066666666667
33,"F",7.2,315.083333333333
46,"F",7.315,315.083333333333
42,"F",7.315,315.1
45,"M",6.98833333333333,315.116666666667
23,"F",7.53777777777778,315.15
42,"M",7.02611111111111,315.183333333333
54,"F",6.52166666666667,315.183333333333
29,"M",6.88722222222222,315.183333333333
36,"F",7.46833333333333,315.183333333333
29,"F",6.86833333333333,315.2
30,"F",6.64388888888889,315.233333333333
66,"M",7.15111111111111,315.25
24,"F",7.36222222222222,315.366666666667
39,"F",7.16388888888889,315.383333333333
69,"M",7.08277777777778,315.4
35,"M",6.475,315.416666666667
32,"M",7.33833333333333,315.433333333333
59,"M",6.95888888888889,315.45
32,"M",7.02611111111111,315.516666666667
40,"M",6.95388888888889,315.55
65,"M",7.21388888888889,315.566666666667
39,"F",7.21444444444444,315.583333333333
37,"M",7.00777777777778,315.65
32,"M",7.24333333333333,315.666666666667
71,"F",7.23166666666667,315.716666666667
60,"F",7.15666666666667,315.733333333333
62,"F",7.35444444444444,315.75
40,"F",7.20888888888889,315.766666666667
59,"F",8.22944444444444,315.833333333333
22,"F",7.18333333333333,315.833333333333
34,"M",7.24555555555556,315.9
37,"M",7.48722222222222,315.9
38,"M",7.27055555555556,315.933333333333
34,"F",7.12777777777778,316
57,"M",6.84388888888889,316.033333333333
31,"M",7.14,316.1
65,"M",7.03444444444444,316.133333333333
46,"F",7.28444444444444,316.133333333333
30,"F",7.165,316.15
44,"F",7.16555555555556,316.166666666667
40,"F",7.09277777777778,316.216666666667
34,"F",7.18333333333333,316.233333333333
43,"F",7.53888888888889,316.283333333333
36,"F",7.17055555555556,316.3
29,"F",7.31888888888889,316.3
60,"M",7.02444444444444,316.333333333333
48,"M",7.06888888888889,316.416666666667
30,"F",7.51166666666667,316.416666666667
53,"F",7.30666666666667,316.416666666667
25,"F",6.85555555555556,316.433333333333
62,"M",7.32,316.433333333333
43,"M",6.85444444444444,316.45
40,"F",7.11944444444444,316.466666666667
24,"F",7.11944444444444,316.466666666667
24,"F",7.36277777777778,316.55
44,"F",7.40222222222222,316.566666666667
36,"F",7.40222222222222,316.566666666667
60,"M",7.10888888888889,316.566666666667
51,"M",7.01555555555556,316.6
39,"M",7.24388888888889,316.633333333333
43,"M",7.00611111111111,316.716666666667
35,"M",7.30166666666667,316.733333333333
28,"F",7.12555555555556,316.766666666667
65,"F",7.33722222222222,316.833333333333
36,"M",7.09166666666667,316.85
67,"M",7.22833333333333,316.85
42,"F",7.28888888888889,316.9
53,"M",7.30388888888889,316.933333333333
57,"M",7.39,317.016666666667
40,"M",7.19611111111111,317.016666666667
34,"F",7.60166666666667,317.066666666667
29,"F",7.26611111111111,317.083333333333
49,"F",7.19444444444444,317.1
27,"M",5.73166666666667,317.133333333333
33,"F",7.34111111111111,317.15
52,"F",7.07666666666667,317.166666666667
53,"F",7.48333333333333,317.166666666667
36,"F",7.40111111111111,317.2
23,"F",7.33388888888889,317.25
54,"M",7.27666666666667,317.25
47,"F",7.30444444444444,317.266666666667
55,"M",7.04055555555556,317.283333333333
60,"F",7.25555555555556,317.4
37,"F",7.16,317.45
57,"M",7,317.5
67,"F",7.35555555555556,317.516666666667
51,"F",7.35833333333333,317.533333333333
63,"M",6.80666666666667,317.55
34,"M",7.47166666666667,317.566666666667
69,"M",6.87055555555556,317.566666666667
21,"F",7.50777777777778,317.583333333333
27,"F",7.42111111111111,317.583333333333
72,"M",7.12277777777778,317.583333333333
40,"M",7.21944444444444,317.6
27,"F",7.55388888888889,317.65
43,"F",7.19055555555556,317.65
33,"M",7.35055555555556,317.666666666667
49,"F",7.33111111111111,317.683333333333
32,"F",7.475,317.683333333333
30,"F",7.47555555555556,317.683333333333
58,"M",7.37222222222222,317.7
19,"F",7.21555555555556,317.783333333333
57,"F",7.37111111111111,317.8
62,"F",7.14722222222222,317.8
59,"M",7.07555555555556,317.9
59,"M",7.11166666666667,317.916666666667
51,"M",7.11222222222222,317.966666666667
54,"F",7.43277777777778,317.966666666667
43,"M",7.11055555555556,317.966666666667
71,"M",6.34111111111111,317.983333333333
30,"F",7.48777777777778,318.116666666667
38,"F",7.55722222222222,318.116666666667
50,"M",7.26277777777778,318.15
39,"F",7.365,318.15
44,"M",7.30166666666667,318.166666666667
56,"M",7.16666666666667,318.233333333333
41,"M",7.49333333333333,318.266666666667
51,"F",7.19055555555556,318.266666666667
64,"M",6.95277777777778,318.3
45,"M",6.70444444444444,318.3
48,"M",6.18722222222222,318.383333333333
36,"F",7.17388888888889,318.416666666667
35,"M",7.17388888888889,318.416666666667
37,"F",7.48166666666667,318.416666666667
40,"F",7.17444444444444,318.45
33,"M",7.17222222222222,318.516666666667
64,"F",7.58611111111111,318.55
23,"F",7.50166666666667,318.566666666667
55,"M",7.37277777777778,318.583333333333
25,"F",7.42277777777778,318.6
73,"M",6.64111111111111,318.616666666667
30,"F",7.33333333333333,318.633333333333
46,"F",7.12222222222222,318.766666666667
30,"F",7.38444444444444,318.816666666667
39,"M",7.36277777777778,318.833333333333
45,"F",7.20944444444444,318.866666666667
63,"F",7.47055555555556,318.933333333333
28,"F",7.18888888888889,319
58,"F",7.30277777777778,319.016666666667
33,"M",7.29222222222222,319.083333333333
45,"F",7.46722222222222,319.1
50,"M",6.84,319.15
45,"F",7.47666666666667,319.166666666667
26,"F",6.68555555555556,319.216666666667
47,"F",7.7,319.25
47,"M",7.705,319.283333333333
41,"M",7.46333333333333,319.316666666667
45,"F",7.36444444444444,319.35
67,"M",7.42055555555556,319.416666666667
47,"F",7.19666666666667,319.433333333333
67,"M",7.46611111111111,319.466666666667
33,"F",7.28944444444444,319.466666666667
58,"M",7.28944444444444,319.466666666667
35,"F",7.28944444444444,319.466666666667
29,"M",7.25277777777778,319.483333333333
49,"F",7.42444444444444,319.483333333333
44,"F",7.42722222222222,319.516666666667
66,"M",7.07666666666667,319.533333333333
70,"F",7.54611111111111,319.566666666667
50,"F",7.38833333333333,319.566666666667
77,"M",7.63555555555556,319.65
34,"F",7.18055555555556,319.683333333333
53,"M",7.42555555555556,319.75
57,"M",6.95333333333333,319.816666666667
48,"F",7.34166666666667,319.883333333333
66,"M",7.22833333333333,319.983333333333
40,"M",6.96777777777778,319.983333333333
33,"M",7.29333333333333,320.05
22,"F",7.30666666666667,320.066666666667
53,"F",7.42222222222222,320.1
25,"M",7.08388888888889,320.1
48,"F",7.42222222222222,320.1
67,"M",6.92666666666667,320.133333333333
52,"F",7.39722222222222,320.25
41,"F",7.28888888888889,320.316666666667
42,"F",7.28222222222222,320.4
34,"M",7.01333333333333,320.4
38,"M",7.26,320.416666666667
26,"F",7.67333333333333,320.466666666667
30,"M",7.67277777777778,320.466666666667
23,"F",7.25333333333333,320.483333333333
54,"M",7.26166666666667,320.516666666667
35,"M",7.03833333333333,320.533333333333
62,"M",7.25111111111111,320.533333333333
53,"F",7.49611111111111,320.583333333333
42,"F",7.18,320.616666666667
50,"M",6.88111111111111,320.683333333333
47,"F",6.275,320.683333333333
50,"M",7.21888888888889,320.783333333333
58,"M",7.47,320.8
81,"M",7.47055555555556,320.816666666667
26,"M",7.44888888888889,320.833333333333
47,"M",7.39722222222222,320.833333333333
26,"F",7.4,320.833333333333
57,"F",7.26333333333333,320.883333333333
49,"F",7.61388888888889,320.9
82,"M",7.28722222222222,320.916666666667
72,"M",7.20666666666667,320.95
64,"M",6.84444444444444,320.983333333333
42,"M",6.635,321.05
26,"F",7.43333333333333,321.1
54,"M",7.40777777777778,321.166666666667
57,"M",7.40722222222222,321.166666666667
26,"F",7.22555555555556,321.183333333333
48,"F",7.20166666666667,321.2
51,"F",6.92777777777778,321.25
56,"M",7.19277777777778,321.266666666667
52,"F",7.19277777777778,321.283333333333
63,"M",7.20555555555555,321.333333333333
43,"F",7.33222222222222,321.35
42,"F",7.44166666666667,321.45
55,"M",7.44166666666667,321.45
62,"M",7.17055555555556,321.566666666667
45,"F",7.36777777777778,321.583333333333
40,"M",7.47333333333333,321.616666666667
68,"M",7.095,321.633333333333
49,"F",7.71222222222222,321.633333333333
36,"M",6.62944444444444,321.633333333333
38,"F",7.05166666666667,321.7
33,"M",7.00222222222222,321.733333333333
38,"M",7.43333333333333,321.75
32,"M",7.07666666666667,321.783333333333
37,"F",7.19666666666667,321.85
42,"M",7.19222222222222,321.883333333333
28,"F",7.25333333333333,321.933333333333
30,"F",7.25388888888889,321.933333333333
38,"F",7.265,321.933333333333
43,"M",7.12111111111111,321.95
53,"M",7.40722222222222,322
34,"M",7.10388888888889,322.05
34,"F",7.13666666666667,322.083333333333
47,"M",7.17833333333333,322.116666666667
33,"F",7.31444444444444,322.166666666667
39,"M",7.31444444444444,322.166666666667
70,"M",7.24333333333333,322.2
22,"F",7.46055555555556,322.283333333333
32,"M",7.51888888888889,322.283333333333
50,"F",6.49222222222222,322.3
47,"M",7.10555555555556,322.366666666667
34,"F",7.3,322.383333333333
51,"M",5.91833333333333,322.5
49,"F",7.01888888888889,322.533333333333
35,"M",7.22444444444444,322.533333333333
35,"F",7.19722222222222,322.633333333333
24,"F",7.61611111111111,322.65
54,"M",7.25055555555556,322.683333333333
42,"M",7.26611111111111,322.733333333333
63,"M",7.13555555555556,322.733333333333
33,"M",7.055,322.75
60,"M",7.32222222222222,322.9
54,"F",7.66444444444444,322.916666666667
40,"F",7.35833333333333,322.916666666667
66,"M",6.76722222222222,322.933333333333
27,"F",7.43,323
56,"F",7.28222222222222,323.133333333333
71,"M",7.74444444444444,323.133333333333
43,"F",7.13111111111111,323.15
52,"M",7.52055555555556,323.183333333333
27,"F",7.56111111111111,323.183333333333
34,"F",7.59,323.2
20,"F",7.02444444444444,323.216666666667
44,"M",5.65,323.283333333333
32,"M",7.27555555555556,323.3
31,"F",7.27555555555556,323.3
40,"F",7.04222222222222,323.3
41,"F",7.63611111111111,323.4
30,"M",7.26333333333333,323.4
22,"F",7.14277777777778,323.433333333333
58,"M",7.08,323.466666666667
31,"M",7.38444444444444,323.5
49,"M",7.38833333333333,323.516666666667
27,"F",6.98,323.516666666667
43,"F",7.36888888888889,323.516666666667
64,"M",6.95444444444444,323.516666666667
56,"F",6.63944444444444,323.533333333333
64,"M",7.43333333333333,323.55
41,"F",7.44666666666667,323.55
41,"F",7.44666666666667,323.566666666667
30,"F",7.20555555555555,323.6
60,"F",7.31055555555556,323.616666666667
23,"F",7.45055555555556,323.616666666667
40,"F",4.91833333333333,323.633333333333
72,"M",7.08555555555556,323.65
35,"F",7.55833333333333,323.683333333333
25,"F",7.12888888888889,323.716666666667
22,"F",7.87555555555556,323.75
51,"M",7.15,323.783333333333
44,"F",7.31555555555556,323.783333333333
49,"M",7.36777777777778,323.783333333333
49,"F",7.37055555555556,323.783333333333
29,"M",7.06833333333333,323.816666666667
59,"F",7.325,323.883333333333
62,"M",7.34277777777778,323.883333333333
27,"F",7.23944444444444,323.933333333333
50,"M",7.04111111111111,323.966666666667
33,"M",6.73222222222222,323.983333333333
40,"F",7.475,323.983333333333
35,"M",7.32666666666667,324.033333333333
53,"M",7.37611111111111,324.1
37,"M",6.82833333333333,324.133333333333
40,"F",6.82944444444444,324.133333333333
28,"F",7.34333333333333,324.15
60,"M",7.27111111111111,324.183333333333
61,"M",7.42944444444444,324.183333333333
35,"F",7.53,324.3
66,"F",7.64444444444444,324.366666666667
71,"M",7.84888888888889,324.366666666667
32,"F",7.46944444444444,324.383333333333
37,"F",7.60444444444444,324.416666666667
37,"M",7.605,324.433333333333
23,"F",7.35166666666667,324.466666666667
44,"F",7.45666666666667,324.466666666667
49,"F",7.42777777777778,324.466666666667
62,"M",6.76444444444444,324.483333333333
75,"M",7.58166666666667,324.616666666667
28,"F",7.51388888888889,324.633333333333
31,"M",7.12444444444444,324.666666666667
48,"M",7.02777777777778,324.75
51,"M",7.45722222222222,324.766666666667
30,"F",7.54222222222222,324.783333333333
33,"F",7.54888888888889,324.783333333333
32,"F",7.54388888888889,324.816666666667
57,"F",7.22388888888889,324.866666666667
26,"F",7.47055555555556,325.05
30,"F",7.79333333333333,325.05
50,"F",7.45166666666667,325.133333333333
19,"M",7.22777777777778,325.133333333333
49,"F",7.62333333333333,325.133333333333
32,"F",7.34888888888889,325.166666666667
58,"M",7.35111111111111,325.25
35,"M",7.57444444444444,325.25
39,"F",7.33777777777778,325.283333333333
28,"F",7.20722222222222,325.316666666667
70,"M",7.18111111111111,325.316666666667
47,"F",7.36055555555556,325.35
57,"F",7.19222222222222,325.383333333333
41,"M",7.26166666666667,325.4
54,"F",7.24611111111111,325.433333333333
38,"F",7.48611111111111,325.566666666667
20,"F",7.60944444444444,325.716666666667
21,"F",7.60944444444444,325.733333333333
20,"F",7.61,325.733333333333
22,"F",7.53055555555556,325.783333333333
24,"M",7.54888888888889,325.783333333333
40,"M",6.61,325.833333333333
80,"M",7.59,325.95
24,"F",7.50222222222222,325.966666666667
76,"M",7.33333333333333,326.033333333333
47,"F",7.43277777777778,326.05
52,"M",7.55444444444444,326.1
51,"F",7.55444444444444,326.1
78,"M",7.25,326.133333333333
25,"F",7.56833333333333,326.133333333333
47,"F",7.55944444444444,326.166666666667
68,"M",7.67388888888889,326.183333333333
27,"F",7.62777777777778,326.233333333333
44,"F",7.51388888888889,326.25
30,"F",7.65777777777778,326.266666666667
49,"F",7.65833333333333,326.266666666667
43,"F",7.48888888888889,326.35
44,"M",7.43,326.366666666667
33,"M",7.51388888888889,326.433333333333
21,"F",7.57277777777778,326.45
40,"F",7.38055555555556,326.566666666667
32,"M",7.49666666666667,326.6
39,"M",7.59611111111111,326.616666666667
75,"M",7.43222222222222,326.7
49,"M",7.22388888888889,326.7
36,"F",7.575,326.75
49,"M",7.58111111111111,326.75
34,"F",7.66166666666667,326.8
21,"F",7.63277777777778,326.816666666667
42,"M",7.67555555555556,326.883333333333
43,"M",7.41888888888889,326.916666666667
69,"M",7.69111111111111,326.916666666667
25,"F",7.50611111111111,326.933333333333
29,"F",7.51055555555556,326.933333333333
27,"F",7.61666666666667,326.95
62,"M",7.44333333333333,326.966666666667
29,"F",7.45055555555556,326.983333333333
54,"M",7.42666666666667,327.016666666667
33,"F",7.51055555555556,327.05
38,"M",7.62444444444444,327.166666666667
22,"F",7.35333333333333,327.183333333333
32,"F",7.66888888888889,327.266666666667
44,"F",7.54222222222222,327.3
55,"M",6.62277777777778,327.316666666667
45,"M",7.38888888888889,327.316666666667
24,"F",7.39722222222222,327.333333333333
39,"M",7.09944444444444,327.4
33,"F",7.27055555555556,327.433333333333
50,"F",7.55666666666667,327.433333333333
39,"F",7.43277777777778,327.45
26,"F",7.33888888888889,327.6
62,"M",7.66944444444445,327.666666666667
54,"F",6.95611111111111,327.666666666667
27,"M",6.74666666666667,327.683333333333
27,"F",6.74666666666667,327.683333333333
50,"F",7.41166666666667,327.683333333333
40,"M",7.26555555555556,327.816666666667
45,"M",7.42611111111111,327.816666666667
40,"F",7.58444444444444,327.816666666667
41,"F",7.43111111111111,327.866666666667
25,"F",7.51722222222222,327.9
37,"M",7.61333333333333,327.916666666667
31,"M",7.45166666666667,327.966666666667
23,"F",7.44944444444444,327.983333333333
31,"F",7.07166666666667,327.983333333333
34,"M",7.29777777777778,328.016666666667
33,"F",7.09777777777778,328.133333333333
44,"M",7.105,328.15
59,"F",7.10111111111111,328.216666666667
26,"F",7.66944444444445,328.266666666667
26,"F",7.40277777777778,328.3
48,"F",7.55444444444444,328.316666666667
33,"M",7.26888888888889,328.35
39,"F",7.44444444444444,328.35
22,"F",7.29666666666667,328.383333333333
26,"F",7.61333333333333,328.383333333333
68,"M",7.48777777777778,328.433333333333
61,"M",7.19555555555556,328.433333333333
60,"F",7.18166666666667,328.45
21,"M",7.37166666666667,328.583333333333
22,"F",7.37444444444444,328.583333333333
45,"M",7.68777777777778,328.6
54,"M",7.39111111111111,328.633333333333
31,"F",7.72611111111111,328.65
58,"M",7.10277777777778,328.733333333333
31,"F",7.44166666666667,328.783333333333
51,"F",7.46722222222222,328.833333333333
28,"M",7.06055555555556,328.833333333333
55,"F",7.73166666666667,328.933333333333
40,"F",7.60111111111111,328.95
39,"F",7.61555555555556,328.95
37,"M",7.61555555555556,328.95
51,"F",7.57277777777778,328.966666666667
60,"F",7.71444444444444,328.983333333333
36,"F",7.46222222222222,329
44,"F",7.57722222222222,329
59,"M",7.78555555555556,329.1
29,"F",7.805,329.116666666667
26,"F",7.49333333333333,329.133333333333
34,"M",7.07277777777778,329.25
34,"M",7.42444444444444,329.333333333333
42,"F",7.44333333333333,329.433333333333
55,"M",7.49166666666667,329.466666666667
52,"F",7.57388888888889,329.516666666667
29,"F",7.52055555555556,329.6
53,"M",4.46166666666667,329.683333333333
67,"M",7.32222222222222,329.716666666667
29,"F",7.42611111111111,329.75
32,"F",7.63444444444444,329.766666666667
48,"F",7.52,329.833333333333
30,"M",7.66888888888889,329.95
54,"M",7.64888888888889,330
52,"M",7.22111111111111,330.016666666667
47,"M",7.29833333333333,330.016666666667
53,"F",7.22111111111111,330.016666666667
46,"M",7.69944444444444,330.083333333333
33,"F",7.605,330.1
30,"F",7.31333333333333,330.1
63,"F",7.78,330.183333333333
49,"F",7.8,330.183333333333
51,"F",7.945,330.316666666667
45,"F",7.61666666666667,330.45
40,"F",7.84166666666667,330.55
47,"M",7.65722222222222,330.616666666667
54,"M",7.44111111111111,330.633333333333
33,"F",7.73888888888889,330.65
32,"F",7.66666666666667,330.666666666667
44,"M",7.53555555555556,330.666666666667
50,"M",7.43944444444444,330.666666666667
32,"F",7.40666666666667,330.683333333333
54,"M",7.70055555555556,330.716666666667
22,"F",7.70888888888889,330.733333333333
28,"F",7.70888888888889,330.733333333333
42,"F",7.61555555555556,330.75
44,"F",7.65222222222222,330.75
38,"F",7.61444444444444,330.783333333333
73,"M",7.44388888888889,330.8
28,"M",7.84944444444444,330.866666666667
38,"F",7.62277777777778,330.9
69,"F",7.60777777777778,330.916666666667
52,"M",7.43777777777778,330.983333333333
73,"M",7.615,331.066666666667
33,"F",7.39333333333333,331.15
40,"F",7.35055555555556,331.166666666667
27,"F",7.39888888888889,331.166666666667
29,"F",7.68055555555556,331.183333333333
42,"M",7.75388888888889,331.183333333333
62,"M",6.87388888888889,331.233333333333
35,"M",7.33777777777778,331.266666666667
26,"M",7.53777777777778,331.316666666667
31,"M",7.75722222222222,331.333333333333
27,"F",5.64611111111111,331.333333333333
29,"M",7.45055555555556,331.45
67,"F",7.91,331.483333333333
70,"M",7.72111111111111,331.5
67,"F",7.80111111111111,331.616666666667
59,"M",7.86333333333333,331.766666666667
60,"M",7.61333333333333,331.766666666667
58,"M",7.63,331.8
58,"M",7.63055555555556,331.8
57,"M",7.63055555555556,331.8
46,"F",7.64055555555556,331.95
53,"M",7.72777777777778,331.966666666667
34,"M",7.66833333333333,332.05
33,"F",7.66833333333333,332.05
49,"F",7.57055555555556,332.216666666667
57,"F",7.71555555555556,332.3
25,"F",7.25722222222222,332.4
52,"M",7.70666666666667,332.433333333333
23,"F",7.52,332.45
75,"M",7.31222222222222,332.466666666667
60,"F",7.84277777777778,332.483333333333
30,"F",7.24388888888889,332.516666666667
34,"F",7.60722222222222,332.583333333333
79,"M",7.34388888888889,332.65
46,"F",7.64,332.666666666667
30,"F",7.57222222222222,332.783333333333
55,"M",7.46944444444444,332.816666666667
65,"M",7.53722222222222,332.816666666667
48,"M",7.53777777777778,332.883333333333
45,"F",7.53777777777778,332.883333333333
33,"F",7.84555555555556,333.016666666667
34,"M",7.66333333333333,333.066666666667
42,"F",7.66555555555556,333.066666666667
53,"F",7.74555555555556,333.066666666667
46,"F",5.45777777777778,333.166666666667
33,"M",7.51944444444444,333.216666666667
35,"F",7.51944444444444,333.216666666667
35,"F",7.16888888888889,333.233333333333
21,"F",7.76277777777778,333.283333333333
50,"F",7.80611111111111,333.416666666667
43,"M",4.44944444444444,333.466666666667
45,"F",7.47666666666667,333.5
66,"M",7.12444444444444,333.5
30,"F",7.64666666666667,333.533333333333
28,"F",7.77388888888889,333.533333333333
51,"M",7.13055555555556,333.533333333333
39,"M",4.32666666666667,333.55
29,"M",7.35388888888889,333.6
31,"F",7.74277777777778,333.65
71,"M",6.70944444444444,333.783333333333
44,"M",7.42888888888889,333.833333333333
25,"F",7.77388888888889,333.85
44,"M",7.76,333.883333333333
35,"M",7.28111111111111,333.916666666667
26,"F",7.76111111111111,333.916666666667
38,"F",7.44944444444444,333.933333333333
54,"M",7.44944444444444,333.933333333333
56,"M",7.53666666666667,333.983333333333
55,"F",7.86666666666667,334
65,"M",7.63111111111111,334.016666666667
47,"F",7.575,334.066666666667
51,"M",7.465,334.083333333333
51,"M",7.465,334.1
46,"F",7.575,334.133333333333
46,"F",7.80555555555556,334.216666666667
58,"F",7.45777777777778,334.383333333333
26,"F",7.66888888888889,334.45
27,"F",7.66888888888889,334.45
65,"M",7.71111111111111,334.583333333333
25,"M",7.73,334.85
43,"F",7.59222222222222,334.866666666667
27,"F",7.79555555555556,334.883333333333
52,"F",7.73222222222222,334.933333333333
25,"M",7.79777777777778,334.933333333333
48,"F",7.75944444444444,334.983333333333
23,"F",7.92,335.016666666667
51,"M",7.73,335.016666666667
49,"F",7.73055555555556,335.033333333333
47,"F",7.86666666666667,335.05
47,"M",7.61,335.066666666667
41,"F",7.77444444444444,335.066666666667
53,"M",7.30166666666667,335.083333333333
47,"M",7.44166666666667,335.133333333333
35,"F",7.56444444444444,335.133333333333
44,"F",7.53888888888889,335.2
45,"F",7.53888888888889,335.2
47,"M",8.02333333333333,335.2
51,"F",8.02333333333333,335.2
24,"F",7.82555555555556,335.266666666667
54,"M",7.67,335.333333333333
44,"F",7.83444444444444,335.366666666667
51,"M",7.73222222222222,335.4
42,"F",7.70277777777778,335.433333333333
44,"F",7.61055555555556,335.5
64,"F",7.92,335.533333333333
54,"M",7.72333333333333,335.583333333333
41,"M",7.62611111111111,335.65
36,"F",7.57611111111111,335.683333333333
61,"F",7.53055555555556,335.8
41,"F",7.48666666666667,335.8
65,"M",7.49277777777778,335.833333333333
60,"M",7.53555555555556,335.866666666667
23,"F",7.59444444444444,335.9
50,"M",7.65333333333333,335.933333333333
30,"F",7.64777777777778,335.933333333333
56,"M",5.035,335.95
31,"M",4.23722222222222,336.016666666667
58,"F",7.60944444444444,336.2
49,"F",7.59,336.25
33,"F",7.80944444444444,336.25
30,"F",7.71666666666667,336.366666666667
39,"M",7.38777777777778,336.366666666667
44,"F",7.56944444444444,336.416666666667
65,"F",7.92111111111111,336.45
46,"F",7.74055555555556,336.466666666667
45,"M",7.58,336.483333333333
32,"F",7.67444444444444,336.55
51,"F",7.84055555555556,336.7
42,"M",6.79888888888889,336.7
48,"F",7.28055555555556,336.75
38,"F",7.84444444444444,336.766666666667
43,"F",7.87277777777778,336.816666666667
43,"F",7.87277777777778,336.816666666667
62,"F",7.79333333333333,336.833333333333
60,"M",7.84611111111111,336.916666666667
38,"F",7.565,336.95
35,"M",5.70777777777778,337.016666666667
26,"F",5.70833333333333,337.016666666667
44,"F",7.86,337.016666666667
28,"F",7.43166666666667,337.133333333333
59,"F",7.96222222222222,337.216666666667
64,"M",7.45055555555556,337.433333333333
29,"M",4.99555555555556,337.5
28,"F",7.59388888888889,337.65
38,"M",7.52444444444444,337.733333333333
30,"F",7.05111111111111,337.75
30,"F",7.64666666666667,337.766666666667
32,"F",7.65166666666667,337.916666666667
23,"F",7.74722222222222,337.966666666667
48,"F",7.65,337.983333333333
47,"M",7.65277777777778,338.066666666667
56,"F",7.66333333333333,338.25
48,"M",7.55888888888889,338.3
29,"F",7.56055555555556,338.316666666667
50,"F",7.80222222222222,338.4
35,"M",7.54,338.416666666667
22,"M",7.90222222222222,338.416666666667
55,"F",7.97111111111111,338.466666666667
51,"M",7.67111111111111,338.483333333333
41,"F",7.88222222222222,338.516666666667
46,"F",7.60777777777778,338.533333333333
55,"M",7.64055555555556,338.533333333333
31,"M",7.58944444444444,338.566666666667
28,"M",7.45666666666667,338.583333333333
69,"F",7.51555555555556,338.583333333333
49,"M",7.42555555555556,338.616666666667
46,"F",7.67444444444444,338.65
48,"F",7.91888888888889,338.65
54,"F",7.26277777777778,338.75
28,"M",7.715,338.75
47,"F",7.375,338.766666666667
32,"M",7.72666666666667,338.816666666667
30,"F",7.83222222222222,338.816666666667
50,"F",7.82222222222222,338.85
31,"M",7.32222222222222,338.983333333333
46,"M",7.60166666666667,339.066666666667
55,"M",7.71277777777778,339.083333333333
51,"M",5.02555555555556,339.1
76,"M",7.795,339.15
55,"F",7.71722222222222,339.166666666667
32,"F",7.96555555555556,339.433333333333
50,"M",7.41333333333333,339.45
56,"M",7.53,339.5
45,"F",7.80388888888889,339.55
21,"F",7.59611111111111,339.583333333333
27,"F",7.13388888888889,339.783333333333
65,"M",7.53,339.85
48,"F",7.53777777777778,339.916666666667
25,"F",7.79222222222222,339.933333333333
55,"M",7.45722222222222,340
19,"M",5.12611111111111,340.016666666667
57,"M",7.43333333333333,340.1
25,"F",7.9,340.1
36,"F",7.8,340.15
51,"F",7.84,340.15
56,"F",7.74222222222222,340.2
43,"F",7.735,340.233333333333
32,"F",7.88222222222222,340.25
60,"M",7.59777777777778,340.25
31,"F",7.75055555555556,340.35
27,"F",7.37555555555556,340.433333333333
22,"F",7.39222222222222,340.5
36,"F",7.69388888888889,340.55
42,"M",7.65388888888889,340.666666666667
42,"M",7.49888888888889,340.683333333333
41,"M",7.70555555555555,340.7
48,"M",8.21222222222222,340.866666666667
40,"M",7.91944444444445,340.883333333333
29,"M",7.71166666666667,340.9
29,"F",7.87722222222222,341
56,"F",7.87722222222222,341.033333333333
26,"F",7.71555555555556,341.066666666667
56,"M",7.74388888888889,341.083333333333
32,"F",7.955,341.25
55,"F",7.91055555555556,341.266666666667
66,"F",7.71611111111111,341.283333333333
28,"M",7.67611111111111,341.45
69,"F",7.47222222222222,341.483333333333
61,"M",7.72333333333333,341.6
38,"F",7.81833333333333,341.633333333333
42,"M",7.91166666666667,341.816666666667
25,"F",7.80166666666667,341.883333333333
38,"M",7.78555555555556,341.9
63,"M",7.55055555555556,341.933333333333
32,"M",8.11055555555556,341.933333333333
43,"F",7.71777777777778,342.033333333333
39,"M",7.97888888888889,342.033333333333
51,"M",8.21166666666667,342.116666666667
26,"F",8.21166666666667,342.116666666667
25,"F",7.59555555555556,342.166666666667
43,"F",7.66166666666667,342.283333333333
66,"F",7.74222222222222,342.3
67,"M",7.66833333333333,342.366666666667
35,"M",7.06166666666667,342.483333333333
31,"F",7.72944444444444,342.6
32,"F",7.87388888888889,342.616666666667
32,"F",7.86111111111111,342.65
52,"F",7.49277777777778,342.65
36,"F",7.85111111111111,342.783333333333
53,"F",7.70388888888889,342.8
60,"F",7.75055555555556,342.933333333333
65,"M",7.34,342.95
19,"F",8.02166666666667,343.066666666667
33,"F",7.34,343.1
27,"M",7.79555555555556,343.1
29,"F",7.56166666666667,343.333333333333
41,"M",7.60222222222222,343.433333333333
36,"F",7.47277777777778,343.516666666667
37,"F",7.79444444444445,343.516666666667
41,"F",8.04555555555556,343.566666666667
35,"F",7.71833333333333,343.616666666667
39,"F",7.82111111111111,343.65
35,"F",7.34722222222222,343.716666666667
25,"F",7.99444444444444,343.733333333333
32,"M",6.45666666666667,343.75
55,"F",7.80388888888889,343.766666666667
53,"F",7.62722222222222,343.816666666667
53,"M",8.095,343.85
62,"M",7.63111111111111,343.983333333333
27,"M",7.92833333333333,344.016666666667
27,"F",7.92833333333333,344.016666666667
57,"F",8.24222222222222,344.083333333333
49,"F",8.05888888888889,344.116666666667
55,"M",7.255,344.15
49,"F",8.39111111111111,344.283333333333
40,"M",7.62,344.316666666667
27,"F",7.87722222222222,344.383333333333
44,"M",7.78722222222222,344.45
31,"M",7.36722222222222,344.466666666667
52,"M",7.79444444444445,344.483333333333
39,"F",8.08555555555555,344.533333333333
27,"F",7.80888888888889,344.75
26,"F",7.915,344.833333333333
43,"F",8.00833333333333,344.866666666667
44,"F",7.68166666666667,344.883333333333
45,"M",7.88888888888889,344.933333333333
55,"F",7.01722222222222,345
22,"F",7.98722222222222,345.1
39,"F",7.93666666666667,345.35
46,"F",7.93111111111111,345.45
45,"M",7.93,345.45
22,"F",7.85333333333333,345.483333333333
31,"F",7.82444444444444,345.483333333333
65,"M",7.6,345.483333333333
50,"F",8.12722222222222,345.5
36,"M",7.89277777777778,345.6
33,"M",7.78444444444444,345.616666666667
37,"M",7.95277777777778,345.616666666667
26,"F",7.61111111111111,345.683333333333
43,"F",7.87833333333333,345.933333333333
57,"M",7.87944444444444,345.95
67,"M",7.50277777777778,345.983333333333
28,"F",7.87055555555556,346.116666666667
66,"F",7.845,346.166666666667
57,"M",7.84555555555556,346.166666666667
50,"M",7.62388888888889,346.183333333333
29,"M",7.73111111111111,346.266666666667
51,"F",8.09611111111111,346.316666666667
31,"F",7.68611111111111,346.366666666667
46,"F",8.04666666666667,346.416666666667
53,"F",8.04722222222222,346.416666666667
59,"M",8.62722222222222,346.433333333333
34,"M",7.86611111111111,346.433333333333
52,"M",7.84722222222222,346.466666666667
22,"F",7.89611111111111,346.466666666667
61,"M",7.78555555555556,346.616666666667
72,"M",7.87444444444444,346.65
41,"F",7.89833333333333,346.683333333333
30,"F",7.85555555555556,346.7
22,"F",7.81277777777778,346.8
21,"F",7.97777777777778,346.816666666667
22,"F",7.97777777777778,346.833333333333
70,"M",7.08444444444444,346.866666666667
60,"F",8.00333333333333,346.95
47,"F",6.80111111111111,346.95
48,"M",7.38666666666667,347.083333333333
57,"M",7.61166666666667,347.15
29,"F",7.88888888888889,347.15
32,"F",7.83611111111111,347.166666666667
42,"F",7.88,347.183333333333
52,"M",7.88,347.183333333333
71,"M",7.87055555555556,347.366666666667
57,"F",7.97888888888889,347.583333333333
30,"F",7.42055555555556,347.6
28,"M",7.48388888888889,347.6
39,"F",8.20333333333333,347.65
55,"M",7.7,347.766666666667
65,"M",7.66944444444445,347.866666666667
37,"F",7.43777777777778,347.966666666667
47,"F",7.97833333333333,348.05
24,"F",7.93111111111111,348.1
26,"M",7.93166666666667,348.116666666667
21,"F",7.95055555555556,348.15
37,"F",7.93777777777778,348.216666666667
48,"F",7.73388888888889,348.316666666667
45,"F",7.78555555555556,348.416666666667
27,"M",8.00888888888889,348.65
31,"F",7.81944444444444,348.666666666667
40,"M",7.815,348.683333333333
33,"F",7.96444444444444,348.916666666667
51,"M",7.72666666666667,349.05
23,"F",7.88222222222222,349.05
25,"F",7.88166666666667,349.066666666667
25,"F",7.89944444444444,349.35
60,"M",7.89722222222222,349.483333333333
50,"F",8.22444444444444,349.516666666667
29,"F",7.78888888888889,349.633333333333
35,"F",8.11222222222222,349.65
36,"F",7.95388888888889,349.7
36,"M",7.825,349.716666666667
45,"F",8.12777777777778,349.8
47,"M",7.97388888888889,349.8
48,"F",7.46777777777778,349.85
29,"F",7.84944444444444,349.866666666667
39,"F",7.96166666666667,349.866666666667
39,"M",7.98055555555556,349.883333333333
26,"F",7.95611111111111,349.933333333333
66,"F",7.94222222222222,349.95
72,"M",7.74277777777778,349.966666666667
24,"F",7.19,350.066666666667
52,"F",8.00166666666667,350.183333333333
24,"F",8.14888888888889,350.316666666667
58,"M",7.61555555555556,350.316666666667
46,"F",7.92555555555556,350.366666666667
24,"F",7.98555555555556,350.4
21,"F",8.17166666666667,350.416666666667
56,"F",7.88944444444444,350.5
57,"M",7.65833333333333,350.516666666667
31,"M",7.43222222222222,350.516666666667
61,"F",8.13277777777778,350.583333333333
65,"M",7.66888888888889,350.65
46,"M",7.76111111111111,350.666666666667
39,"M",7.69333333333333,350.75
76,"M",6.91888888888889,350.916666666667
38,"F",7.91833333333333,350.966666666667
34,"F",7.93,350.983333333333
30,"F",8.04944444444444,350.983333333333
36,"M",6.355,351.066666666667
59,"M",8.04611111111111,351.1
57,"F",7.92111111111111,351.1
32,"F",8.03444444444444,351.116666666667
28,"F",7.78888888888889,351.383333333333
62,"M",7.95388888888889,351.416666666667
41,"F",7.77777777777778,351.483333333333
32,"F",6.48777777777778,351.516666666667
76,"M",7.43277777777778,351.583333333333
29,"F",8.15055555555556,351.583333333333
47,"F",8.23166666666667,351.683333333333
30,"F",8.18555555555556,351.783333333333
31,"F",8.185,351.8
51,"F",7.88444444444444,351.833333333333
63,"M",7.88611111111111,351.85
31,"F",7.90166666666667,352.016666666667
46,"M",7.85222222222222,352.15
31,"F",8.07611111111111,352.2
50,"M",7.51111111111111,352.25
59,"F",8.10777777777778,352.25
65,"M",8.33777777777778,352.316666666667
30,"F",8.275,352.366666666667
27,"M",8.21611111111111,352.366666666667
29,"F",8.21611111111111,352.366666666667
65,"M",7.84166666666667,352.583333333333
29,"F",8.02,352.583333333333
42,"M",7.905,352.683333333333
34,"F",7.745,352.716666666667
39,"F",8.12333333333333,352.9
30,"F",8.08055555555556,352.916666666667
59,"F",8.07444444444444,353.066666666667
72,"M",8.04666666666667,353.066666666667
22,"F",8.33944444444444,353.216666666667
23,"M",8.20444444444444,353.283333333333
35,"F",7.64055555555556,353.3
24,"F",8.205,353.3
44,"M",8.36722222222222,353.366666666667
53,"M",7.58833333333333,353.516666666667
43,"M",8.04611111111111,353.533333333333
34,"F",7.72888888888889,353.583333333333
44,"F",8.12555555555556,353.65
44,"M",8.12555555555556,353.65
44,"F",8.12777777777778,353.65
82,"F",8.15777777777778,353.666666666667
28,"F",8.22777777777778,353.766666666667
45,"M",8.01722222222222,353.816666666667
39,"F",8.09388888888889,353.85
40,"M",8.09388888888889,353.866666666667
29,"F",7.89166666666667,353.916666666667
39,"M",7.93777777777778,353.95
38,"M",7.89777777777778,354.133333333333
36,"F",7.89722222222222,354.166666666667
53,"M",8.19666666666667,354.333333333333
57,"M",8.04722222222222,354.4
24,"F",8.36166666666667,354.4
58,"M",7.84444444444444,354.433333333333
29,"F",8.24888888888889,354.45
44,"M",8.00277777777778,354.5
67,"M",8.03055555555556,354.5
34,"F",8.23111111111111,354.666666666667
50,"M",7.78,354.683333333333
44,"F",8.06888888888889,354.683333333333
28,"F",8.35222222222222,354.7
28,"F",8.02944444444444,354.716666666667
26,"F",8.11666666666667,354.716666666667
44,"F",8.03166666666667,354.766666666667
51,"M",8.15222222222222,354.816666666667
69,"M",8.11,354.816666666667
48,"M",7.72888888888889,354.883333333333
51,"M",7.39388888888889,354.883333333333
56,"M",7.725,354.9
44,"M",8.34777777777778,354.9
54,"M",7.72444444444444,354.9
39,"F",7.83722222222222,354.966666666667
32,"M",7.95333333333333,355.3
56,"M",8.20055555555556,355.316666666667
52,"F",8.32444444444444,355.466666666667
60,"M",8.32388888888889,355.483333333333
58,"M",7.91333333333333,355.583333333333
51,"F",8.03944444444445,355.766666666667
35,"F",8.25444444444444,355.833333333333
37,"F",8.01777777777778,355.85
65,"F",8.17333333333333,356.066666666667
19,"M",7.61944444444444,356.066666666667
29,"F",8.27888888888889,356.066666666667
20,"F",8.38055555555555,356.083333333333
52,"M",8.29888888888889,356.1
48,"F",8.18388888888889,356.116666666667
58,"F",8.18388888888889,356.116666666667
24,"F",8.64,356.2
41,"F",7.92833333333333,356.266666666667
49,"F",8.15777777777778,356.366666666667
80,"M",7.31944444444444,356.4
63,"M",8.18611111111111,356.416666666667
46,"M",8.21833333333333,356.433333333333
49,"F",8.57888888888889,356.733333333333
41,"M",8.29055555555555,356.8
41,"F",8.40111111111111,356.9
48,"F",8.23,357.1
58,"M",7.96555555555556,357.1
38,"M",8.39333333333333,357.166666666667
37,"F",8.22333333333333,357.183333333333
36,"M",7.95666666666667,357.2
22,"F",8.15277777777778,357.233333333333
44,"F",8.09,357.233333333333
33,"F",8.29333333333333,357.333333333333
58,"M",8.35055555555556,357.333333333333
35,"F",8.39166666666667,357.366666666667
27,"M",7.72888888888889,357.366666666667
34,"F",8.27944444444444,357.516666666667
55,"M",7.92722222222222,357.616666666667
23,"F",8.17055555555556,357.616666666667
29,"F",8.53,357.666666666667
70,"F",8.06111111111111,357.666666666667
52,"M",7.95555555555555,357.8
47,"M",8.23833333333333,357.866666666667
48,"M",8.02944444444444,357.866666666667
68,"M",7.82555555555556,357.883333333333
82,"M",8.17,357.9
49,"M",7.79666666666667,357.95
54,"M",7.79666666666667,357.95
42,"F",7.93055555555556,357.983333333333
29,"F",8.36666666666667,358
53,"F",8.43722222222222,358.066666666667
56,"M",7.89666666666667,358.216666666667
49,"M",8.02722222222222,358.316666666667
36,"M",7.98833333333333,358.366666666667
50,"M",8.22944444444444,358.45
59,"F",8.55333333333333,358.65
25,"F",8.41055555555556,358.683333333333
30,"F",8.11833333333333,358.9
40,"F",8.03277777777778,359.033333333333
32,"M",8.10555555555556,359.116666666667
24,"F",8.45388888888889,359.116666666667
47,"M",8.04222222222222,359.533333333333
29,"F",8.67944444444444,359.533333333333
46,"M",8.67833333333333,359.533333333333
43,"M",8.67944444444444,359.533333333333
35,"F",8.66388888888889,359.55
42,"F",8.31388888888889,359.6
28,"F",8.70333333333333,359.716666666667
40,"M",8.40611111111111,359.733333333333
80,"M",8.28333333333333,359.9
35,"F",8.10444444444444,360
42,"F",8.05722222222222,360.116666666667
34,"M",7.765,360.233333333333
23,"F",8.16444444444445,360.25
29,"M",7.53,360.35
48,"F",8.40611111111111,360.383333333333
57,"M",8.63722222222222,360.4
44,"F",8.02666666666667,360.583333333333
50,"M",8.665,360.666666666667
63,"M",8.30833333333333,360.766666666667
62,"F",8.38,360.85
19,"M",8.09111111111111,360.95
41,"F",8.34166666666667,361.05
48,"M",8.15666666666667,361.083333333333
24,"M",7.96388888888889,361.1
27,"F",7.94444444444444,361.183333333333
26,"M",7.97722222222222,361.233333333333
31,"F",8.34333333333333,361.316666666667
33,"F",8.64722222222222,361.416666666667
33,"F",8.64666666666667,361.416666666667
54,"F",8.64611111111111,361.416666666667
37,"F",7.99055555555556,361.6
33,"F",8.38611111111111,361.683333333333
32,"F",8.38611111111111,361.7
65,"M",8.29666666666667,361.933333333333
30,"M",8.29666666666667,361.933333333333
37,"M",8.29666666666667,361.933333333333
44,"M",7.96055555555556,362.033333333333
49,"F",8.27,362.183333333333
43,"F",8.27,362.2
67,"M",8.30555555555556,362.816666666667
58,"F",8.37111111111111,362.933333333333
26,"F",8.19722222222222,363.1
29,"F",8.62666666666667,363.5
33,"M",8.53111111111111,363.583333333333
29,"F",8.13777777777778,363.85
46,"M",8.32277777777778,363.9
55,"M",7.96555555555556,363.933333333333
37,"F",9.62722222222222,364.233333333333
46,"F",7.60388888888889,364.516666666667
77,"M",8.45888888888889,364.7
39,"F",8.03111111111111,365.133333333333
58,"M",7.67611111111111,365.2
26,"F",8.72777777777778,365.433333333333
65,"M",8.13055555555555,365.483333333333
67,"M",8.06333333333333,365.516666666667
54,"F",8.24111111111111,365.95
47,"F",8.38388888888889,366.283333333333
77,"M",8.42333333333333,366.433333333333
54,"F",8.37055555555556,366.483333333333
70,"M",8.225,366.633333333333
53,"F",8.01166666666667,366.733333333333
26,"F",8.345,367.1
56,"F",8.45222222222222,367.833333333333
38,"F",8.38944444444444,367.833333333333
54,"M",8.73555555555556,367.883333333333
48,"M",8.13944444444444,367.933333333333
30,"F",8.33888888888889,368.033333333333
55,"M",7.96444444444444,368.083333333333
72,"M",7.89333333333333,369.083333333333
60,"M",8.36888888888889,370.116666666667
63,"M",8.46055555555555,372
40,"F",8.63611111111111,372.183333333333
45,"F",6.11277777777778,372.466666666667
27,"M",7.74888888888889,373.4
66,"F",8.45944444444445,374.333333333333
40,"F",8.30444444444444,377.383333333333
60,"M",8.07111111111111,384.5
35,"F",8.47666666666667,386.483333333333
39,"M",8.47666666666667,386.483333333333
60,"M",8.88333333333333,389.883333333333
56,"M",7.88777777777778,397.066666666667
49,"M",9.35166666666667,399.866666666667
47,"F",9.39611111111111,402.016666666667
46,"M",9.03555555555556,404.466666666667
71,"M",9.32111111111111,416.783333333333
57,"M",9.28944444444445,417.833333333333
37,"M",9.76222222222222,420.5
64,"F",10.6577777777778,458.933333333333
61,"F",11.0655555555556,471.5
66,"F",11.2977777777778,479.55
53,"M",11.0394444444444,480.616666666667
62,"M",11.4577777777778,486.016666666667
